

--- Hybrid Probability Table for Node u = 0 ---
--- Metatorus Structure (n=4, k=3), Torus Probability (Denominator 2*n-1) ---

Incoming Neighbor b           | (1,1)   | (1,2)   | (2,2)   | (1,3)   | (2,3)   | (3,3)   | (1,4)   | (2,4)   | (3,4)   | (4,4)   | (1,5)   | (2,5)   | (3,5)   | (4,5)   | (1,6)   | (2,6)   | (3,6)   | (4,6)   
------------------------------+----------+----------+----------+----------+----------+----------+----------+----------+----------+----------+----------+----------+----------+----------+----------+----------+----------+----------
27 (h=0; 1,0,0,0)             | 0.42857 | 0.18367 | 0.18367 | 0.07872 | 0.07872 | 0.07872 | 0.03374 | 0.03374 | 0.03374 | 0.03374 | 0.01446 | 0.01446 | 0.01446 | 0.01446 | 0.00620 | 0.00620 | 0.00620 | 0.00620 
54 (h=0; 2,0,0,0)             | 0.42857 | 0.18367 | 0.18367 | 0.07872 | 0.07872 | 0.07872 | 0.03374 | 0.03374 | 0.03374 | 0.03374 | 0.01446 | 0.01446 | 0.01446 | 0.01446 | 0.00620 | 0.00620 | 0.00620 | 0.00620 
81 (h=1; 0,0,0,0)             | 0.42857 | 0.18367 | 0.18367 | 0.07872 | 0.07872 | 0.07872 | 0.03374 | 0.03374 | 0.03374 | 0.03374 | 0.01446 | 0.01446 | 0.01446 | 0.01446 | 0.00620 | 0.00620 | 0.00620 | 0.00620 
243 (h=3; 0,0,0,0)            | 0.42857 | 0.18367 | 0.18367 | 0.07872 | 0.07872 | 0.07872 | 0.03374 | 0.03374 | 0.03374 | 0.03374 | 0.01446 | 0.01446 | 0.01446 | 0.01446 | 0.00620 | 0.00620 | 0.00620 | 0.00620 


--- Hybrid Probability Table for Node u = 1 ---
--- Metatorus Structure (n=4, k=3), Torus Probability (Denominator 2*n-1) ---

Incoming Neighbor b           | (1,1)   | (1,2)   | (2,2)   | (1,3)   | (2,3)   | (3,3)   | (1,4)   | (2,4)   | (3,4)   | (4,4)   | (1,5)   | (2,5)   | (3,5)   | (4,5)   | (1,6)   | (2,6)   | (3,6)   | (4,6)   
------------------------------+----------+----------+----------+----------+----------+----------+----------+----------+----------+----------+----------+----------+----------+----------+----------+----------+----------+----------
28 (h=0; 1,0,0,1)             | 0.42857 | 0.18367 | 0.18367 | 0.07872 | 0.07872 | 0.07872 | 0.03374 | 0.03374 | 0.03374 | 0.03374 | 0.01446 | 0.01446 | 0.01446 | 0.01446 | 0.00620 | 0.00620 | 0.00620 | 0.00620 
55 (h=0; 2,0,0,1)             | 0.42857 | 0.18367 | 0.18367 | 0.07872 | 0.07872 | 0.07872 | 0.03374 | 0.03374 | 0.03374 | 0.03374 | 0.01446 | 0.01446 | 0.01446 | 0.01446 | 0.00620 | 0.00620 | 0.00620 | 0.00620 
82 (h=1; 0,0,0,1)             | 0.42857 | 0.18367 | 0.18367 | 0.07872 | 0.07872 | 0.07872 | 0.03374 | 0.03374 | 0.03374 | 0.03374 | 0.01446 | 0.01446 | 0.01446 | 0.01446 | 0.00620 | 0.00620 | 0.00620 | 0.00620 
244 (h=3; 0,0,0,1)            | 0.42857 | 0.18367 | 0.18367 | 0.07872 | 0.07872 | 0.07872 | 0.03374 | 0.03374 | 0.03374 | 0.03374 | 0.01446 | 0.01446 | 0.01446 | 0.01446 | 0.00620 | 0.00620 | 0.00620 | 0.00620 


--- Hybrid Probability Table for Node u = 2 ---
--- Metatorus Structure (n=4, k=3), Torus Probability (Denominator 2*n-1) ---

Incoming Neighbor b           | (1,1)   | (1,2)   | (2,2)   | (1,3)   | (2,3)   | (3,3)   | (1,4)   | (2,4)   | (3,4)   | (4,4)   | (1,5)   | (2,5)   | (3,5)   | (4,5)   | (1,6)   | (2,6)   | (3,6)   | (4,6)   
------------------------------+----------+----------+----------+----------+----------+----------+----------+----------+----------+----------+----------+----------+----------+----------+----------+----------+----------+----------
29 (h=0; 1,0,0,2)             | 0.42857 | 0.18367 | 0.18367 | 0.07872 | 0.07872 | 0.07872 | 0.03374 | 0.03374 | 0.03374 | 0.03374 | 0.01446 | 0.01446 | 0.01446 | 0.01446 | 0.00620 | 0.00620 | 0.00620 | 0.00620 
56 (h=0; 2,0,0,2)             | 0.42857 | 0.18367 | 0.18367 | 0.07872 | 0.07872 | 0.07872 | 0.03374 | 0.03374 | 0.03374 | 0.03374 | 0.01446 | 0.01446 | 0.01446 | 0.01446 | 0.00620 | 0.00620 | 0.00620 | 0.00620 
83 (h=1; 0,0,0,2)             | 0.42857 | 0.18367 | 0.18367 | 0.07872 | 0.07872 | 0.07872 | 0.03374 | 0.03374 | 0.03374 | 0.03374 | 0.01446 | 0.01446 | 0.01446 | 0.01446 | 0.00620 | 0.00620 | 0.00620 | 0.00620 
245 (h=3; 0,0,0,2)            | 0.42857 | 0.18367 | 0.18367 | 0.07872 | 0.07872 | 0.07872 | 0.03374 | 0.03374 | 0.03374 | 0.03374 | 0.01446 | 0.01446 | 0.01446 | 0.01446 | 0.00620 | 0.00620 | 0.00620 | 0.00620 


--- Hybrid Probability Table for Node u = 3 ---
--- Metatorus Structure (n=4, k=3), Torus Probability (Denominator 2*n-1) ---

Incoming Neighbor b           | (1,1)   | (1,2)   | (2,2)   | (1,3)   | (2,3)   | (3,3)   | (1,4)   | (2,4)   | (3,4)   | (4,4)   | (1,5)   | (2,5)   | (3,5)   | (4,5)   | (1,6)   | (2,6)   | (3,6)   | (4,6)   
------------------------------+----------+----------+----------+----------+----------+----------+----------+----------+----------+----------+----------+----------+----------+----------+----------+----------+----------+----------
30 (h=0; 1,0,1,0)             | 0.42857 | 0.18367 | 0.18367 | 0.07872 | 0.07872 | 0.07872 | 0.03374 | 0.03374 | 0.03374 | 0.03374 | 0.01446 | 0.01446 | 0.01446 | 0.01446 | 0.00620 | 0.00620 | 0.00620 | 0.00620 
57 (h=0; 2,0,1,0)             | 0.42857 | 0.18367 | 0.18367 | 0.07872 | 0.07872 | 0.07872 | 0.03374 | 0.03374 | 0.03374 | 0.03374 | 0.01446 | 0.01446 | 0.01446 | 0.01446 | 0.00620 | 0.00620 | 0.00620 | 0.00620 
84 (h=1; 0,0,1,0)             | 0.42857 | 0.18367 | 0.18367 | 0.07872 | 0.07872 | 0.07872 | 0.03374 | 0.03374 | 0.03374 | 0.03374 | 0.01446 | 0.01446 | 0.01446 | 0.01446 | 0.00620 | 0.00620 | 0.00620 | 0.00620 
246 (h=3; 0,0,1,0)            | 0.42857 | 0.18367 | 0.18367 | 0.07872 | 0.07872 | 0.07872 | 0.03374 | 0.03374 | 0.03374 | 0.03374 | 0.01446 | 0.01446 | 0.01446 | 0.01446 | 0.00620 | 0.00620 | 0.00620 | 0.00620 


--- Hybrid Probability Table for Node u = 4 ---
--- Metatorus Structure (n=4, k=3), Torus Probability (Denominator 2*n-1) ---

Incoming Neighbor b           | (1,1)   | (1,2)   | (2,2)   | (1,3)   | (2,3)   | (3,3)   | (1,4)   | (2,4)   | (3,4)   | (4,4)   | (1,5)   | (2,5)   | (3,5)   | (4,5)   | (1,6)   | (2,6)   | (3,6)   | (4,6)   
------------------------------+----------+----------+----------+----------+----------+----------+----------+----------+----------+----------+----------+----------+----------+----------+----------+----------+----------+----------
31 (h=0; 1,0,1,1)             | 0.42857 | 0.18367 | 0.18367 | 0.07872 | 0.07872 | 0.07872 | 0.03374 | 0.03374 | 0.03374 | 0.03374 | 0.01446 | 0.01446 | 0.01446 | 0.01446 | 0.00620 | 0.00620 | 0.00620 | 0.00620 
58 (h=0; 2,0,1,1)             | 0.42857 | 0.18367 | 0.18367 | 0.07872 | 0.07872 | 0.07872 | 0.03374 | 0.03374 | 0.03374 | 0.03374 | 0.01446 | 0.01446 | 0.01446 | 0.01446 | 0.00620 | 0.00620 | 0.00620 | 0.00620 
85 (h=1; 0,0,1,1)             | 0.42857 | 0.18367 | 0.18367 | 0.07872 | 0.07872 | 0.07872 | 0.03374 | 0.03374 | 0.03374 | 0.03374 | 0.01446 | 0.01446 | 0.01446 | 0.01446 | 0.00620 | 0.00620 | 0.00620 | 0.00620 
247 (h=3; 0,0,1,1)            | 0.42857 | 0.18367 | 0.18367 | 0.07872 | 0.07872 | 0.07872 | 0.03374 | 0.03374 | 0.03374 | 0.03374 | 0.01446 | 0.01446 | 0.01446 | 0.01446 | 0.00620 | 0.00620 | 0.00620 | 0.00620 


--- Hybrid Probability Table for Node u = 5 ---
--- Metatorus Structure (n=4, k=3), Torus Probability (Denominator 2*n-1) ---

Incoming Neighbor b           | (1,1)   | (1,2)   | (2,2)   | (1,3)   | (2,3)   | (3,3)   | (1,4)   | (2,4)   | (3,4)   | (4,4)   | (1,5)   | (2,5)   | (3,5)   | (4,5)   | (1,6)   | (2,6)   | (3,6)   | (4,6)   
------------------------------+----------+----------+----------+----------+----------+----------+----------+----------+----------+----------+----------+----------+----------+----------+----------+----------+----------+----------
32 (h=0; 1,0,1,2)             | 0.42857 | 0.18367 | 0.18367 | 0.07872 | 0.07872 | 0.07872 | 0.03374 | 0.03374 | 0.03374 | 0.03374 | 0.01446 | 0.01446 | 0.01446 | 0.01446 | 0.00620 | 0.00620 | 0.00620 | 0.00620 
59 (h=0; 2,0,1,2)             | 0.42857 | 0.18367 | 0.18367 | 0.07872 | 0.07872 | 0.07872 | 0.03374 | 0.03374 | 0.03374 | 0.03374 | 0.01446 | 0.01446 | 0.01446 | 0.01446 | 0.00620 | 0.00620 | 0.00620 | 0.00620 
86 (h=1; 0,0,1,2)             | 0.42857 | 0.18367 | 0.18367 | 0.07872 | 0.07872 | 0.07872 | 0.03374 | 0.03374 | 0.03374 | 0.03374 | 0.01446 | 0.01446 | 0.01446 | 0.01446 | 0.00620 | 0.00620 | 0.00620 | 0.00620 
248 (h=3; 0,0,1,2)            | 0.42857 | 0.18367 | 0.18367 | 0.07872 | 0.07872 | 0.07872 | 0.03374 | 0.03374 | 0.03374 | 0.03374 | 0.01446 | 0.01446 | 0.01446 | 0.01446 | 0.00620 | 0.00620 | 0.00620 | 0.00620 


--- Hybrid Probability Table for Node u = 6 ---
--- Metatorus Structure (n=4, k=3), Torus Probability (Denominator 2*n-1) ---

Incoming Neighbor b           | (1,1)   | (1,2)   | (2,2)   | (1,3)   | (2,3)   | (3,3)   | (1,4)   | (2,4)   | (3,4)   | (4,4)   | (1,5)   | (2,5)   | (3,5)   | (4,5)   | (1,6)   | (2,6)   | (3,6)   | (4,6)   
------------------------------+----------+----------+----------+----------+----------+----------+----------+----------+----------+----------+----------+----------+----------+----------+----------+----------+----------+----------
33 (h=0; 1,0,2,0)             | 0.42857 | 0.18367 | 0.18367 | 0.07872 | 0.07872 | 0.07872 | 0.03374 | 0.03374 | 0.03374 | 0.03374 | 0.01446 | 0.01446 | 0.01446 | 0.01446 | 0.00620 | 0.00620 | 0.00620 | 0.00620 
60 (h=0; 2,0,2,0)             | 0.42857 | 0.18367 | 0.18367 | 0.07872 | 0.07872 | 0.07872 | 0.03374 | 0.03374 | 0.03374 | 0.03374 | 0.01446 | 0.01446 | 0.01446 | 0.01446 | 0.00620 | 0.00620 | 0.00620 | 0.00620 
87 (h=1; 0,0,2,0)             | 0.42857 | 0.18367 | 0.18367 | 0.07872 | 0.07872 | 0.07872 | 0.03374 | 0.03374 | 0.03374 | 0.03374 | 0.01446 | 0.01446 | 0.01446 | 0.01446 | 0.00620 | 0.00620 | 0.00620 | 0.00620 
249 (h=3; 0,0,2,0)            | 0.42857 | 0.18367 | 0.18367 | 0.07872 | 0.07872 | 0.07872 | 0.03374 | 0.03374 | 0.03374 | 0.03374 | 0.01446 | 0.01446 | 0.01446 | 0.01446 | 0.00620 | 0.00620 | 0.00620 | 0.00620 


--- Hybrid Probability Table for Node u = 7 ---
--- Metatorus Structure (n=4, k=3), Torus Probability (Denominator 2*n-1) ---

Incoming Neighbor b           | (1,1)   | (1,2)   | (2,2)   | (1,3)   | (2,3)   | (3,3)   | (1,4)   | (2,4)   | (3,4)   | (4,4)   | (1,5)   | (2,5)   | (3,5)   | (4,5)   | (1,6)   | (2,6)   | (3,6)   | (4,6)   
------------------------------+----------+----------+----------+----------+----------+----------+----------+----------+----------+----------+----------+----------+----------+----------+----------+----------+----------+----------
34 (h=0; 1,0,2,1)             | 0.42857 | 0.18367 | 0.18367 | 0.07872 | 0.07872 | 0.07872 | 0.03374 | 0.03374 | 0.03374 | 0.03374 | 0.01446 | 0.01446 | 0.01446 | 0.01446 | 0.00620 | 0.00620 | 0.00620 | 0.00620 
61 (h=0; 2,0,2,1)             | 0.42857 | 0.18367 | 0.18367 | 0.07872 | 0.07872 | 0.07872 | 0.03374 | 0.03374 | 0.03374 | 0.03374 | 0.01446 | 0.01446 | 0.01446 | 0.01446 | 0.00620 | 0.00620 | 0.00620 | 0.00620 
88 (h=1; 0,0,2,1)             | 0.42857 | 0.18367 | 0.18367 | 0.07872 | 0.07872 | 0.07872 | 0.03374 | 0.03374 | 0.03374 | 0.03374 | 0.01446 | 0.01446 | 0.01446 | 0.01446 | 0.00620 | 0.00620 | 0.00620 | 0.00620 
250 (h=3; 0,0,2,1)            | 0.42857 | 0.18367 | 0.18367 | 0.07872 | 0.07872 | 0.07872 | 0.03374 | 0.03374 | 0.03374 | 0.03374 | 0.01446 | 0.01446 | 0.01446 | 0.01446 | 0.00620 | 0.00620 | 0.00620 | 0.00620 


--- Hybrid Probability Table for Node u = 8 ---
--- Metatorus Structure (n=4, k=3), Torus Probability (Denominator 2*n-1) ---

Incoming Neighbor b           | (1,1)   | (1,2)   | (2,2)   | (1,3)   | (2,3)   | (3,3)   | (1,4)   | (2,4)   | (3,4)   | (4,4)   | (1,5)   | (2,5)   | (3,5)   | (4,5)   | (1,6)   | (2,6)   | (3,6)   | (4,6)   
------------------------------+----------+----------+----------+----------+----------+----------+----------+----------+----------+----------+----------+----------+----------+----------+----------+----------+----------+----------
35 (h=0; 1,0,2,2)             | 0.42857 | 0.18367 | 0.18367 | 0.07872 | 0.07872 | 0.07872 | 0.03374 | 0.03374 | 0.03374 | 0.03374 | 0.01446 | 0.01446 | 0.01446 | 0.01446 | 0.00620 | 0.00620 | 0.00620 | 0.00620 
62 (h=0; 2,0,2,2)             | 0.42857 | 0.18367 | 0.18367 | 0.07872 | 0.07872 | 0.07872 | 0.03374 | 0.03374 | 0.03374 | 0.03374 | 0.01446 | 0.01446 | 0.01446 | 0.01446 | 0.00620 | 0.00620 | 0.00620 | 0.00620 
89 (h=1; 0,0,2,2)             | 0.42857 | 0.18367 | 0.18367 | 0.07872 | 0.07872 | 0.07872 | 0.03374 | 0.03374 | 0.03374 | 0.03374 | 0.01446 | 0.01446 | 0.01446 | 0.01446 | 0.00620 | 0.00620 | 0.00620 | 0.00620 
251 (h=3; 0,0,2,2)            | 0.42857 | 0.18367 | 0.18367 | 0.07872 | 0.07872 | 0.07872 | 0.03374 | 0.03374 | 0.03374 | 0.03374 | 0.01446 | 0.01446 | 0.01446 | 0.01446 | 0.00620 | 0.00620 | 0.00620 | 0.00620 


--- Hybrid Probability Table for Node u = 9 ---
--- Metatorus Structure (n=4, k=3), Torus Probability (Denominator 2*n-1) ---

Incoming Neighbor b           | (1,1)   | (1,2)   | (2,2)   | (1,3)   | (2,3)   | (3,3)   | (1,4)   | (2,4)   | (3,4)   | (4,4)   | (1,5)   | (2,5)   | (3,5)   | (4,5)   | (1,6)   | (2,6)   | (3,6)   | (4,6)   
------------------------------+----------+----------+----------+----------+----------+----------+----------+----------+----------+----------+----------+----------+----------+----------+----------+----------+----------+----------
36 (h=0; 1,1,0,0)             | 0.42857 | 0.18367 | 0.18367 | 0.07872 | 0.07872 | 0.07872 | 0.03374 | 0.03374 | 0.03374 | 0.03374 | 0.01446 | 0.01446 | 0.01446 | 0.01446 | 0.00620 | 0.00620 | 0.00620 | 0.00620 
63 (h=0; 2,1,0,0)             | 0.42857 | 0.18367 | 0.18367 | 0.07872 | 0.07872 | 0.07872 | 0.03374 | 0.03374 | 0.03374 | 0.03374 | 0.01446 | 0.01446 | 0.01446 | 0.01446 | 0.00620 | 0.00620 | 0.00620 | 0.00620 
90 (h=1; 0,1,0,0)             | 0.42857 | 0.18367 | 0.18367 | 0.07872 | 0.07872 | 0.07872 | 0.03374 | 0.03374 | 0.03374 | 0.03374 | 0.01446 | 0.01446 | 0.01446 | 0.01446 | 0.00620 | 0.00620 | 0.00620 | 0.00620 
252 (h=3; 0,1,0,0)            | 0.42857 | 0.18367 | 0.18367 | 0.07872 | 0.07872 | 0.07872 | 0.03374 | 0.03374 | 0.03374 | 0.03374 | 0.01446 | 0.01446 | 0.01446 | 0.01446 | 0.00620 | 0.00620 | 0.00620 | 0.00620 


--- Hybrid Probability Table for Node u = 10 ---
--- Metatorus Structure (n=4, k=3), Torus Probability (Denominator 2*n-1) ---

Incoming Neighbor b           | (1,1)   | (1,2)   | (2,2)   | (1,3)   | (2,3)   | (3,3)   | (1,4)   | (2,4)   | (3,4)   | (4,4)   | (1,5)   | (2,5)   | (3,5)   | (4,5)   | (1,6)   | (2,6)   | (3,6)   | (4,6)   
------------------------------+----------+----------+----------+----------+----------+----------+----------+----------+----------+----------+----------+----------+----------+----------+----------+----------+----------+----------
37 (h=0; 1,1,0,1)             | 0.42857 | 0.18367 | 0.18367 | 0.07872 | 0.07872 | 0.07872 | 0.03374 | 0.03374 | 0.03374 | 0.03374 | 0.01446 | 0.01446 | 0.01446 | 0.01446 | 0.00620 | 0.00620 | 0.00620 | 0.00620 
64 (h=0; 2,1,0,1)             | 0.42857 | 0.18367 | 0.18367 | 0.07872 | 0.07872 | 0.07872 | 0.03374 | 0.03374 | 0.03374 | 0.03374 | 0.01446 | 0.01446 | 0.01446 | 0.01446 | 0.00620 | 0.00620 | 0.00620 | 0.00620 
91 (h=1; 0,1,0,1)             | 0.42857 | 0.18367 | 0.18367 | 0.07872 | 0.07872 | 0.07872 | 0.03374 | 0.03374 | 0.03374 | 0.03374 | 0.01446 | 0.01446 | 0.01446 | 0.01446 | 0.00620 | 0.00620 | 0.00620 | 0.00620 
253 (h=3; 0,1,0,1)            | 0.42857 | 0.18367 | 0.18367 | 0.07872 | 0.07872 | 0.07872 | 0.03374 | 0.03374 | 0.03374 | 0.03374 | 0.01446 | 0.01446 | 0.01446 | 0.01446 | 0.00620 | 0.00620 | 0.00620 | 0.00620 


--- Hybrid Probability Table for Node u = 11 ---
--- Metatorus Structure (n=4, k=3), Torus Probability (Denominator 2*n-1) ---

Incoming Neighbor b           | (1,1)   | (1,2)   | (2,2)   | (1,3)   | (2,3)   | (3,3)   | (1,4)   | (2,4)   | (3,4)   | (4,4)   | (1,5)   | (2,5)   | (3,5)   | (4,5)   | (1,6)   | (2,6)   | (3,6)   | (4,6)   
------------------------------+----------+----------+----------+----------+----------+----------+----------+----------+----------+----------+----------+----------+----------+----------+----------+----------+----------+----------
38 (h=0; 1,1,0,2)             | 0.42857 | 0.18367 | 0.18367 | 0.07872 | 0.07872 | 0.07872 | 0.03374 | 0.03374 | 0.03374 | 0.03374 | 0.01446 | 0.01446 | 0.01446 | 0.01446 | 0.00620 | 0.00620 | 0.00620 | 0.00620 
65 (h=0; 2,1,0,2)             | 0.42857 | 0.18367 | 0.18367 | 0.07872 | 0.07872 | 0.07872 | 0.03374 | 0.03374 | 0.03374 | 0.03374 | 0.01446 | 0.01446 | 0.01446 | 0.01446 | 0.00620 | 0.00620 | 0.00620 | 0.00620 
92 (h=1; 0,1,0,2)             | 0.42857 | 0.18367 | 0.18367 | 0.07872 | 0.07872 | 0.07872 | 0.03374 | 0.03374 | 0.03374 | 0.03374 | 0.01446 | 0.01446 | 0.01446 | 0.01446 | 0.00620 | 0.00620 | 0.00620 | 0.00620 
254 (h=3; 0,1,0,2)            | 0.42857 | 0.18367 | 0.18367 | 0.07872 | 0.07872 | 0.07872 | 0.03374 | 0.03374 | 0.03374 | 0.03374 | 0.01446 | 0.01446 | 0.01446 | 0.01446 | 0.00620 | 0.00620 | 0.00620 | 0.00620 


--- Hybrid Probability Table for Node u = 12 ---
--- Metatorus Structure (n=4, k=3), Torus Probability (Denominator 2*n-1) ---

Incoming Neighbor b           | (1,1)   | (1,2)   | (2,2)   | (1,3)   | (2,3)   | (3,3)   | (1,4)   | (2,4)   | (3,4)   | (4,4)   | (1,5)   | (2,5)   | (3,5)   | (4,5)   | (1,6)   | (2,6)   | (3,6)   | (4,6)   
------------------------------+----------+----------+----------+----------+----------+----------+----------+----------+----------+----------+----------+----------+----------+----------+----------+----------+----------+----------
39 (h=0; 1,1,1,0)             | 0.42857 | 0.18367 | 0.18367 | 0.07872 | 0.07872 | 0.07872 | 0.03374 | 0.03374 | 0.03374 | 0.03374 | 0.01446 | 0.01446 | 0.01446 | 0.01446 | 0.00620 | 0.00620 | 0.00620 | 0.00620 
66 (h=0; 2,1,1,0)             | 0.42857 | 0.18367 | 0.18367 | 0.07872 | 0.07872 | 0.07872 | 0.03374 | 0.03374 | 0.03374 | 0.03374 | 0.01446 | 0.01446 | 0.01446 | 0.01446 | 0.00620 | 0.00620 | 0.00620 | 0.00620 
93 (h=1; 0,1,1,0)             | 0.42857 | 0.18367 | 0.18367 | 0.07872 | 0.07872 | 0.07872 | 0.03374 | 0.03374 | 0.03374 | 0.03374 | 0.01446 | 0.01446 | 0.01446 | 0.01446 | 0.00620 | 0.00620 | 0.00620 | 0.00620 
255 (h=3; 0,1,1,0)            | 0.42857 | 0.18367 | 0.18367 | 0.07872 | 0.07872 | 0.07872 | 0.03374 | 0.03374 | 0.03374 | 0.03374 | 0.01446 | 0.01446 | 0.01446 | 0.01446 | 0.00620 | 0.00620 | 0.00620 | 0.00620 


--- Hybrid Probability Table for Node u = 13 ---
--- Metatorus Structure (n=4, k=3), Torus Probability (Denominator 2*n-1) ---

Incoming Neighbor b           | (1,1)   | (1,2)   | (2,2)   | (1,3)   | (2,3)   | (3,3)   | (1,4)   | (2,4)   | (3,4)   | (4,4)   | (1,5)   | (2,5)   | (3,5)   | (4,5)   | (1,6)   | (2,6)   | (3,6)   | (4,6)   
------------------------------+----------+----------+----------+----------+----------+----------+----------+----------+----------+----------+----------+----------+----------+----------+----------+----------+----------+----------
40 (h=0; 1,1,1,1)             | 0.42857 | 0.18367 | 0.18367 | 0.07872 | 0.07872 | 0.07872 | 0.03374 | 0.03374 | 0.03374 | 0.03374 | 0.01446 | 0.01446 | 0.01446 | 0.01446 | 0.00620 | 0.00620 | 0.00620 | 0.00620 
67 (h=0; 2,1,1,1)             | 0.42857 | 0.18367 | 0.18367 | 0.07872 | 0.07872 | 0.07872 | 0.03374 | 0.03374 | 0.03374 | 0.03374 | 0.01446 | 0.01446 | 0.01446 | 0.01446 | 0.00620 | 0.00620 | 0.00620 | 0.00620 
94 (h=1; 0,1,1,1)             | 0.42857 | 0.18367 | 0.18367 | 0.07872 | 0.07872 | 0.07872 | 0.03374 | 0.03374 | 0.03374 | 0.03374 | 0.01446 | 0.01446 | 0.01446 | 0.01446 | 0.00620 | 0.00620 | 0.00620 | 0.00620 
256 (h=3; 0,1,1,1)            | 0.42857 | 0.18367 | 0.18367 | 0.07872 | 0.07872 | 0.07872 | 0.03374 | 0.03374 | 0.03374 | 0.03374 | 0.01446 | 0.01446 | 0.01446 | 0.01446 | 0.00620 | 0.00620 | 0.00620 | 0.00620 


--- Hybrid Probability Table for Node u = 14 ---
--- Metatorus Structure (n=4, k=3), Torus Probability (Denominator 2*n-1) ---

Incoming Neighbor b           | (1,1)   | (1,2)   | (2,2)   | (1,3)   | (2,3)   | (3,3)   | (1,4)   | (2,4)   | (3,4)   | (4,4)   | (1,5)   | (2,5)   | (3,5)   | (4,5)   | (1,6)   | (2,6)   | (3,6)   | (4,6)   
------------------------------+----------+----------+----------+----------+----------+----------+----------+----------+----------+----------+----------+----------+----------+----------+----------+----------+----------+----------
41 (h=0; 1,1,1,2)             | 0.42857 | 0.18367 | 0.18367 | 0.07872 | 0.07872 | 0.07872 | 0.03374 | 0.03374 | 0.03374 | 0.03374 | 0.01446 | 0.01446 | 0.01446 | 0.01446 | 0.00620 | 0.00620 | 0.00620 | 0.00620 
68 (h=0; 2,1,1,2)             | 0.42857 | 0.18367 | 0.18367 | 0.07872 | 0.07872 | 0.07872 | 0.03374 | 0.03374 | 0.03374 | 0.03374 | 0.01446 | 0.01446 | 0.01446 | 0.01446 | 0.00620 | 0.00620 | 0.00620 | 0.00620 
95 (h=1; 0,1,1,2)             | 0.42857 | 0.18367 | 0.18367 | 0.07872 | 0.07872 | 0.07872 | 0.03374 | 0.03374 | 0.03374 | 0.03374 | 0.01446 | 0.01446 | 0.01446 | 0.01446 | 0.00620 | 0.00620 | 0.00620 | 0.00620 
257 (h=3; 0,1,1,2)            | 0.42857 | 0.18367 | 0.18367 | 0.07872 | 0.07872 | 0.07872 | 0.03374 | 0.03374 | 0.03374 | 0.03374 | 0.01446 | 0.01446 | 0.01446 | 0.01446 | 0.00620 | 0.00620 | 0.00620 | 0.00620 


--- Hybrid Probability Table for Node u = 15 ---
--- Metatorus Structure (n=4, k=3), Torus Probability (Denominator 2*n-1) ---

Incoming Neighbor b           | (1,1)   | (1,2)   | (2,2)   | (1,3)   | (2,3)   | (3,3)   | (1,4)   | (2,4)   | (3,4)   | (4,4)   | (1,5)   | (2,5)   | (3,5)   | (4,5)   | (1,6)   | (2,6)   | (3,6)   | (4,6)   
------------------------------+----------+----------+----------+----------+----------+----------+----------+----------+----------+----------+----------+----------+----------+----------+----------+----------+----------+----------
42 (h=0; 1,1,2,0)             | 0.42857 | 0.18367 | 0.18367 | 0.07872 | 0.07872 | 0.07872 | 0.03374 | 0.03374 | 0.03374 | 0.03374 | 0.01446 | 0.01446 | 0.01446 | 0.01446 | 0.00620 | 0.00620 | 0.00620 | 0.00620 
69 (h=0; 2,1,2,0)             | 0.42857 | 0.18367 | 0.18367 | 0.07872 | 0.07872 | 0.07872 | 0.03374 | 0.03374 | 0.03374 | 0.03374 | 0.01446 | 0.01446 | 0.01446 | 0.01446 | 0.00620 | 0.00620 | 0.00620 | 0.00620 
96 (h=1; 0,1,2,0)             | 0.42857 | 0.18367 | 0.18367 | 0.07872 | 0.07872 | 0.07872 | 0.03374 | 0.03374 | 0.03374 | 0.03374 | 0.01446 | 0.01446 | 0.01446 | 0.01446 | 0.00620 | 0.00620 | 0.00620 | 0.00620 
258 (h=3; 0,1,2,0)            | 0.42857 | 0.18367 | 0.18367 | 0.07872 | 0.07872 | 0.07872 | 0.03374 | 0.03374 | 0.03374 | 0.03374 | 0.01446 | 0.01446 | 0.01446 | 0.01446 | 0.00620 | 0.00620 | 0.00620 | 0.00620 


--- Hybrid Probability Table for Node u = 16 ---
--- Metatorus Structure (n=4, k=3), Torus Probability (Denominator 2*n-1) ---

Incoming Neighbor b           | (1,1)   | (1,2)   | (2,2)   | (1,3)   | (2,3)   | (3,3)   | (1,4)   | (2,4)   | (3,4)   | (4,4)   | (1,5)   | (2,5)   | (3,5)   | (4,5)   | (1,6)   | (2,6)   | (3,6)   | (4,6)   
------------------------------+----------+----------+----------+----------+----------+----------+----------+----------+----------+----------+----------+----------+----------+----------+----------+----------+----------+----------
43 (h=0; 1,1,2,1)             | 0.42857 | 0.18367 | 0.18367 | 0.07872 | 0.07872 | 0.07872 | 0.03374 | 0.03374 | 0.03374 | 0.03374 | 0.01446 | 0.01446 | 0.01446 | 0.01446 | 0.00620 | 0.00620 | 0.00620 | 0.00620 
70 (h=0; 2,1,2,1)             | 0.42857 | 0.18367 | 0.18367 | 0.07872 | 0.07872 | 0.07872 | 0.03374 | 0.03374 | 0.03374 | 0.03374 | 0.01446 | 0.01446 | 0.01446 | 0.01446 | 0.00620 | 0.00620 | 0.00620 | 0.00620 
97 (h=1; 0,1,2,1)             | 0.42857 | 0.18367 | 0.18367 | 0.07872 | 0.07872 | 0.07872 | 0.03374 | 0.03374 | 0.03374 | 0.03374 | 0.01446 | 0.01446 | 0.01446 | 0.01446 | 0.00620 | 0.00620 | 0.00620 | 0.00620 
259 (h=3; 0,1,2,1)            | 0.42857 | 0.18367 | 0.18367 | 0.07872 | 0.07872 | 0.07872 | 0.03374 | 0.03374 | 0.03374 | 0.03374 | 0.01446 | 0.01446 | 0.01446 | 0.01446 | 0.00620 | 0.00620 | 0.00620 | 0.00620 


--- Hybrid Probability Table for Node u = 17 ---
--- Metatorus Structure (n=4, k=3), Torus Probability (Denominator 2*n-1) ---

Incoming Neighbor b           | (1,1)   | (1,2)   | (2,2)   | (1,3)   | (2,3)   | (3,3)   | (1,4)   | (2,4)   | (3,4)   | (4,4)   | (1,5)   | (2,5)   | (3,5)   | (4,5)   | (1,6)   | (2,6)   | (3,6)   | (4,6)   
------------------------------+----------+----------+----------+----------+----------+----------+----------+----------+----------+----------+----------+----------+----------+----------+----------+----------+----------+----------
44 (h=0; 1,1,2,2)             | 0.42857 | 0.18367 | 0.18367 | 0.07872 | 0.07872 | 0.07872 | 0.03374 | 0.03374 | 0.03374 | 0.03374 | 0.01446 | 0.01446 | 0.01446 | 0.01446 | 0.00620 | 0.00620 | 0.00620 | 0.00620 
71 (h=0; 2,1,2,2)             | 0.42857 | 0.18367 | 0.18367 | 0.07872 | 0.07872 | 0.07872 | 0.03374 | 0.03374 | 0.03374 | 0.03374 | 0.01446 | 0.01446 | 0.01446 | 0.01446 | 0.00620 | 0.00620 | 0.00620 | 0.00620 
98 (h=1; 0,1,2,2)             | 0.42857 | 0.18367 | 0.18367 | 0.07872 | 0.07872 | 0.07872 | 0.03374 | 0.03374 | 0.03374 | 0.03374 | 0.01446 | 0.01446 | 0.01446 | 0.01446 | 0.00620 | 0.00620 | 0.00620 | 0.00620 
260 (h=3; 0,1,2,2)            | 0.42857 | 0.18367 | 0.18367 | 0.07872 | 0.07872 | 0.07872 | 0.03374 | 0.03374 | 0.03374 | 0.03374 | 0.01446 | 0.01446 | 0.01446 | 0.01446 | 0.00620 | 0.00620 | 0.00620 | 0.00620 


--- Hybrid Probability Table for Node u = 18 ---
--- Metatorus Structure (n=4, k=3), Torus Probability (Denominator 2*n-1) ---

Incoming Neighbor b           | (1,1)   | (1,2)   | (2,2)   | (1,3)   | (2,3)   | (3,3)   | (1,4)   | (2,4)   | (3,4)   | (4,4)   | (1,5)   | (2,5)   | (3,5)   | (4,5)   | (1,6)   | (2,6)   | (3,6)   | (4,6)   
------------------------------+----------+----------+----------+----------+----------+----------+----------+----------+----------+----------+----------+----------+----------+----------+----------+----------+----------+----------
45 (h=0; 1,2,0,0)             | 0.42857 | 0.18367 | 0.18367 | 0.07872 | 0.07872 | 0.07872 | 0.03374 | 0.03374 | 0.03374 | 0.03374 | 0.01446 | 0.01446 | 0.01446 | 0.01446 | 0.00620 | 0.00620 | 0.00620 | 0.00620 
72 (h=0; 2,2,0,0)             | 0.42857 | 0.18367 | 0.18367 | 0.07872 | 0.07872 | 0.07872 | 0.03374 | 0.03374 | 0.03374 | 0.03374 | 0.01446 | 0.01446 | 0.01446 | 0.01446 | 0.00620 | 0.00620 | 0.00620 | 0.00620 
99 (h=1; 0,2,0,0)             | 0.42857 | 0.18367 | 0.18367 | 0.07872 | 0.07872 | 0.07872 | 0.03374 | 0.03374 | 0.03374 | 0.03374 | 0.01446 | 0.01446 | 0.01446 | 0.01446 | 0.00620 | 0.00620 | 0.00620 | 0.00620 
261 (h=3; 0,2,0,0)            | 0.42857 | 0.18367 | 0.18367 | 0.07872 | 0.07872 | 0.07872 | 0.03374 | 0.03374 | 0.03374 | 0.03374 | 0.01446 | 0.01446 | 0.01446 | 0.01446 | 0.00620 | 0.00620 | 0.00620 | 0.00620 


--- Hybrid Probability Table for Node u = 19 ---
--- Metatorus Structure (n=4, k=3), Torus Probability (Denominator 2*n-1) ---

Incoming Neighbor b           | (1,1)   | (1,2)   | (2,2)   | (1,3)   | (2,3)   | (3,3)   | (1,4)   | (2,4)   | (3,4)   | (4,4)   | (1,5)   | (2,5)   | (3,5)   | (4,5)   | (1,6)   | (2,6)   | (3,6)   | (4,6)   
------------------------------+----------+----------+----------+----------+----------+----------+----------+----------+----------+----------+----------+----------+----------+----------+----------+----------+----------+----------
46 (h=0; 1,2,0,1)             | 0.42857 | 0.18367 | 0.18367 | 0.07872 | 0.07872 | 0.07872 | 0.03374 | 0.03374 | 0.03374 | 0.03374 | 0.01446 | 0.01446 | 0.01446 | 0.01446 | 0.00620 | 0.00620 | 0.00620 | 0.00620 
73 (h=0; 2,2,0,1)             | 0.42857 | 0.18367 | 0.18367 | 0.07872 | 0.07872 | 0.07872 | 0.03374 | 0.03374 | 0.03374 | 0.03374 | 0.01446 | 0.01446 | 0.01446 | 0.01446 | 0.00620 | 0.00620 | 0.00620 | 0.00620 
100 (h=1; 0,2,0,1)            | 0.42857 | 0.18367 | 0.18367 | 0.07872 | 0.07872 | 0.07872 | 0.03374 | 0.03374 | 0.03374 | 0.03374 | 0.01446 | 0.01446 | 0.01446 | 0.01446 | 0.00620 | 0.00620 | 0.00620 | 0.00620 
262 (h=3; 0,2,0,1)            | 0.42857 | 0.18367 | 0.18367 | 0.07872 | 0.07872 | 0.07872 | 0.03374 | 0.03374 | 0.03374 | 0.03374 | 0.01446 | 0.01446 | 0.01446 | 0.01446 | 0.00620 | 0.00620 | 0.00620 | 0.00620 


--- Hybrid Probability Table for Node u = 20 ---
--- Metatorus Structure (n=4, k=3), Torus Probability (Denominator 2*n-1) ---

Incoming Neighbor b           | (1,1)   | (1,2)   | (2,2)   | (1,3)   | (2,3)   | (3,3)   | (1,4)   | (2,4)   | (3,4)   | (4,4)   | (1,5)   | (2,5)   | (3,5)   | (4,5)   | (1,6)   | (2,6)   | (3,6)   | (4,6)   
------------------------------+----------+----------+----------+----------+----------+----------+----------+----------+----------+----------+----------+----------+----------+----------+----------+----------+----------+----------
47 (h=0; 1,2,0,2)             | 0.42857 | 0.18367 | 0.18367 | 0.07872 | 0.07872 | 0.07872 | 0.03374 | 0.03374 | 0.03374 | 0.03374 | 0.01446 | 0.01446 | 0.01446 | 0.01446 | 0.00620 | 0.00620 | 0.00620 | 0.00620 
74 (h=0; 2,2,0,2)             | 0.42857 | 0.18367 | 0.18367 | 0.07872 | 0.07872 | 0.07872 | 0.03374 | 0.03374 | 0.03374 | 0.03374 | 0.01446 | 0.01446 | 0.01446 | 0.01446 | 0.00620 | 0.00620 | 0.00620 | 0.00620 
101 (h=1; 0,2,0,2)            | 0.42857 | 0.18367 | 0.18367 | 0.07872 | 0.07872 | 0.07872 | 0.03374 | 0.03374 | 0.03374 | 0.03374 | 0.01446 | 0.01446 | 0.01446 | 0.01446 | 0.00620 | 0.00620 | 0.00620 | 0.00620 
263 (h=3; 0,2,0,2)            | 0.42857 | 0.18367 | 0.18367 | 0.07872 | 0.07872 | 0.07872 | 0.03374 | 0.03374 | 0.03374 | 0.03374 | 0.01446 | 0.01446 | 0.01446 | 0.01446 | 0.00620 | 0.00620 | 0.00620 | 0.00620 


--- Hybrid Probability Table for Node u = 21 ---
--- Metatorus Structure (n=4, k=3), Torus Probability (Denominator 2*n-1) ---

Incoming Neighbor b           | (1,1)   | (1,2)   | (2,2)   | (1,3)   | (2,3)   | (3,3)   | (1,4)   | (2,4)   | (3,4)   | (4,4)   | (1,5)   | (2,5)   | (3,5)   | (4,5)   | (1,6)   | (2,6)   | (3,6)   | (4,6)   
------------------------------+----------+----------+----------+----------+----------+----------+----------+----------+----------+----------+----------+----------+----------+----------+----------+----------+----------+----------
48 (h=0; 1,2,1,0)             | 0.42857 | 0.18367 | 0.18367 | 0.07872 | 0.07872 | 0.07872 | 0.03374 | 0.03374 | 0.03374 | 0.03374 | 0.01446 | 0.01446 | 0.01446 | 0.01446 | 0.00620 | 0.00620 | 0.00620 | 0.00620 
75 (h=0; 2,2,1,0)             | 0.42857 | 0.18367 | 0.18367 | 0.07872 | 0.07872 | 0.07872 | 0.03374 | 0.03374 | 0.03374 | 0.03374 | 0.01446 | 0.01446 | 0.01446 | 0.01446 | 0.00620 | 0.00620 | 0.00620 | 0.00620 
102 (h=1; 0,2,1,0)            | 0.42857 | 0.18367 | 0.18367 | 0.07872 | 0.07872 | 0.07872 | 0.03374 | 0.03374 | 0.03374 | 0.03374 | 0.01446 | 0.01446 | 0.01446 | 0.01446 | 0.00620 | 0.00620 | 0.00620 | 0.00620 
264 (h=3; 0,2,1,0)            | 0.42857 | 0.18367 | 0.18367 | 0.07872 | 0.07872 | 0.07872 | 0.03374 | 0.03374 | 0.03374 | 0.03374 | 0.01446 | 0.01446 | 0.01446 | 0.01446 | 0.00620 | 0.00620 | 0.00620 | 0.00620 


--- Hybrid Probability Table for Node u = 22 ---
--- Metatorus Structure (n=4, k=3), Torus Probability (Denominator 2*n-1) ---

Incoming Neighbor b           | (1,1)   | (1,2)   | (2,2)   | (1,3)   | (2,3)   | (3,3)   | (1,4)   | (2,4)   | (3,4)   | (4,4)   | (1,5)   | (2,5)   | (3,5)   | (4,5)   | (1,6)   | (2,6)   | (3,6)   | (4,6)   
------------------------------+----------+----------+----------+----------+----------+----------+----------+----------+----------+----------+----------+----------+----------+----------+----------+----------+----------+----------
49 (h=0; 1,2,1,1)             | 0.42857 | 0.18367 | 0.18367 | 0.07872 | 0.07872 | 0.07872 | 0.03374 | 0.03374 | 0.03374 | 0.03374 | 0.01446 | 0.01446 | 0.01446 | 0.01446 | 0.00620 | 0.00620 | 0.00620 | 0.00620 
76 (h=0; 2,2,1,1)             | 0.42857 | 0.18367 | 0.18367 | 0.07872 | 0.07872 | 0.07872 | 0.03374 | 0.03374 | 0.03374 | 0.03374 | 0.01446 | 0.01446 | 0.01446 | 0.01446 | 0.00620 | 0.00620 | 0.00620 | 0.00620 
103 (h=1; 0,2,1,1)            | 0.42857 | 0.18367 | 0.18367 | 0.07872 | 0.07872 | 0.07872 | 0.03374 | 0.03374 | 0.03374 | 0.03374 | 0.01446 | 0.01446 | 0.01446 | 0.01446 | 0.00620 | 0.00620 | 0.00620 | 0.00620 
265 (h=3; 0,2,1,1)            | 0.42857 | 0.18367 | 0.18367 | 0.07872 | 0.07872 | 0.07872 | 0.03374 | 0.03374 | 0.03374 | 0.03374 | 0.01446 | 0.01446 | 0.01446 | 0.01446 | 0.00620 | 0.00620 | 0.00620 | 0.00620 


--- Hybrid Probability Table for Node u = 23 ---
--- Metatorus Structure (n=4, k=3), Torus Probability (Denominator 2*n-1) ---

Incoming Neighbor b           | (1,1)   | (1,2)   | (2,2)   | (1,3)   | (2,3)   | (3,3)   | (1,4)   | (2,4)   | (3,4)   | (4,4)   | (1,5)   | (2,5)   | (3,5)   | (4,5)   | (1,6)   | (2,6)   | (3,6)   | (4,6)   
------------------------------+----------+----------+----------+----------+----------+----------+----------+----------+----------+----------+----------+----------+----------+----------+----------+----------+----------+----------
50 (h=0; 1,2,1,2)             | 0.42857 | 0.18367 | 0.18367 | 0.07872 | 0.07872 | 0.07872 | 0.03374 | 0.03374 | 0.03374 | 0.03374 | 0.01446 | 0.01446 | 0.01446 | 0.01446 | 0.00620 | 0.00620 | 0.00620 | 0.00620 
77 (h=0; 2,2,1,2)             | 0.42857 | 0.18367 | 0.18367 | 0.07872 | 0.07872 | 0.07872 | 0.03374 | 0.03374 | 0.03374 | 0.03374 | 0.01446 | 0.01446 | 0.01446 | 0.01446 | 0.00620 | 0.00620 | 0.00620 | 0.00620 
104 (h=1; 0,2,1,2)            | 0.42857 | 0.18367 | 0.18367 | 0.07872 | 0.07872 | 0.07872 | 0.03374 | 0.03374 | 0.03374 | 0.03374 | 0.01446 | 0.01446 | 0.01446 | 0.01446 | 0.00620 | 0.00620 | 0.00620 | 0.00620 
266 (h=3; 0,2,1,2)            | 0.42857 | 0.18367 | 0.18367 | 0.07872 | 0.07872 | 0.07872 | 0.03374 | 0.03374 | 0.03374 | 0.03374 | 0.01446 | 0.01446 | 0.01446 | 0.01446 | 0.00620 | 0.00620 | 0.00620 | 0.00620 


--- Hybrid Probability Table for Node u = 24 ---
--- Metatorus Structure (n=4, k=3), Torus Probability (Denominator 2*n-1) ---

Incoming Neighbor b           | (1,1)   | (1,2)   | (2,2)   | (1,3)   | (2,3)   | (3,3)   | (1,4)   | (2,4)   | (3,4)   | (4,4)   | (1,5)   | (2,5)   | (3,5)   | (4,5)   | (1,6)   | (2,6)   | (3,6)   | (4,6)   
------------------------------+----------+----------+----------+----------+----------+----------+----------+----------+----------+----------+----------+----------+----------+----------+----------+----------+----------+----------
51 (h=0; 1,2,2,0)             | 0.42857 | 0.18367 | 0.18367 | 0.07872 | 0.07872 | 0.07872 | 0.03374 | 0.03374 | 0.03374 | 0.03374 | 0.01446 | 0.01446 | 0.01446 | 0.01446 | 0.00620 | 0.00620 | 0.00620 | 0.00620 
78 (h=0; 2,2,2,0)             | 0.42857 | 0.18367 | 0.18367 | 0.07872 | 0.07872 | 0.07872 | 0.03374 | 0.03374 | 0.03374 | 0.03374 | 0.01446 | 0.01446 | 0.01446 | 0.01446 | 0.00620 | 0.00620 | 0.00620 | 0.00620 
105 (h=1; 0,2,2,0)            | 0.42857 | 0.18367 | 0.18367 | 0.07872 | 0.07872 | 0.07872 | 0.03374 | 0.03374 | 0.03374 | 0.03374 | 0.01446 | 0.01446 | 0.01446 | 0.01446 | 0.00620 | 0.00620 | 0.00620 | 0.00620 
267 (h=3; 0,2,2,0)            | 0.42857 | 0.18367 | 0.18367 | 0.07872 | 0.07872 | 0.07872 | 0.03374 | 0.03374 | 0.03374 | 0.03374 | 0.01446 | 0.01446 | 0.01446 | 0.01446 | 0.00620 | 0.00620 | 0.00620 | 0.00620 


--- Hybrid Probability Table for Node u = 25 ---
--- Metatorus Structure (n=4, k=3), Torus Probability (Denominator 2*n-1) ---

Incoming Neighbor b           | (1,1)   | (1,2)   | (2,2)   | (1,3)   | (2,3)   | (3,3)   | (1,4)   | (2,4)   | (3,4)   | (4,4)   | (1,5)   | (2,5)   | (3,5)   | (4,5)   | (1,6)   | (2,6)   | (3,6)   | (4,6)   
------------------------------+----------+----------+----------+----------+----------+----------+----------+----------+----------+----------+----------+----------+----------+----------+----------+----------+----------+----------
52 (h=0; 1,2,2,1)             | 0.42857 | 0.18367 | 0.18367 | 0.07872 | 0.07872 | 0.07872 | 0.03374 | 0.03374 | 0.03374 | 0.03374 | 0.01446 | 0.01446 | 0.01446 | 0.01446 | 0.00620 | 0.00620 | 0.00620 | 0.00620 
79 (h=0; 2,2,2,1)             | 0.42857 | 0.18367 | 0.18367 | 0.07872 | 0.07872 | 0.07872 | 0.03374 | 0.03374 | 0.03374 | 0.03374 | 0.01446 | 0.01446 | 0.01446 | 0.01446 | 0.00620 | 0.00620 | 0.00620 | 0.00620 
106 (h=1; 0,2,2,1)            | 0.42857 | 0.18367 | 0.18367 | 0.07872 | 0.07872 | 0.07872 | 0.03374 | 0.03374 | 0.03374 | 0.03374 | 0.01446 | 0.01446 | 0.01446 | 0.01446 | 0.00620 | 0.00620 | 0.00620 | 0.00620 
268 (h=3; 0,2,2,1)            | 0.42857 | 0.18367 | 0.18367 | 0.07872 | 0.07872 | 0.07872 | 0.03374 | 0.03374 | 0.03374 | 0.03374 | 0.01446 | 0.01446 | 0.01446 | 0.01446 | 0.00620 | 0.00620 | 0.00620 | 0.00620 


--- Hybrid Probability Table for Node u = 26 ---
--- Metatorus Structure (n=4, k=3), Torus Probability (Denominator 2*n-1) ---

Incoming Neighbor b           | (1,1)   | (1,2)   | (2,2)   | (1,3)   | (2,3)   | (3,3)   | (1,4)   | (2,4)   | (3,4)   | (4,4)   | (1,5)   | (2,5)   | (3,5)   | (4,5)   | (1,6)   | (2,6)   | (3,6)   | (4,6)   
------------------------------+----------+----------+----------+----------+----------+----------+----------+----------+----------+----------+----------+----------+----------+----------+----------+----------+----------+----------
53 (h=0; 1,2,2,2)             | 0.42857 | 0.18367 | 0.18367 | 0.07872 | 0.07872 | 0.07872 | 0.03374 | 0.03374 | 0.03374 | 0.03374 | 0.01446 | 0.01446 | 0.01446 | 0.01446 | 0.00620 | 0.00620 | 0.00620 | 0.00620 
80 (h=0; 2,2,2,2)             | 0.42857 | 0.18367 | 0.18367 | 0.07872 | 0.07872 | 0.07872 | 0.03374 | 0.03374 | 0.03374 | 0.03374 | 0.01446 | 0.01446 | 0.01446 | 0.01446 | 0.00620 | 0.00620 | 0.00620 | 0.00620 
107 (h=1; 0,2,2,2)            | 0.42857 | 0.18367 | 0.18367 | 0.07872 | 0.07872 | 0.07872 | 0.03374 | 0.03374 | 0.03374 | 0.03374 | 0.01446 | 0.01446 | 0.01446 | 0.01446 | 0.00620 | 0.00620 | 0.00620 | 0.00620 
269 (h=3; 0,2,2,2)            | 0.42857 | 0.18367 | 0.18367 | 0.07872 | 0.07872 | 0.07872 | 0.03374 | 0.03374 | 0.03374 | 0.03374 | 0.01446 | 0.01446 | 0.01446 | 0.01446 | 0.00620 | 0.00620 | 0.00620 | 0.00620 


--- Hybrid Probability Table for Node u = 27 ---
--- Metatorus Structure (n=4, k=3), Torus Probability (Denominator 2*n-1) ---

Incoming Neighbor b           | (1,1)   | (1,2)   | (2,2)   | (1,3)   | (2,3)   | (3,3)   | (1,4)   | (2,4)   | (3,4)   | (4,4)   | (1,5)   | (2,5)   | (3,5)   | (4,5)   | (1,6)   | (2,6)   | (3,6)   | (4,6)   
------------------------------+----------+----------+----------+----------+----------+----------+----------+----------+----------+----------+----------+----------+----------+----------+----------+----------+----------+----------
54 (h=0; 2,0,0,0)             | 0.42857 | 0.18367 | 0.18367 | 0.07872 | 0.07872 | 0.07872 | 0.03374 | 0.03374 | 0.03374 | 0.03374 | 0.01446 | 0.01446 | 0.01446 | 0.01446 | 0.00620 | 0.00620 | 0.00620 | 0.00620 
0 (h=0; 0,0,0,0)              | 0.42857 | 0.18367 | 0.18367 | 0.07872 | 0.07872 | 0.07872 | 0.03374 | 0.03374 | 0.03374 | 0.03374 | 0.01446 | 0.01446 | 0.01446 | 0.01446 | 0.00620 | 0.00620 | 0.00620 | 0.00620 
108 (h=1; 1,0,0,0)            | 0.42857 | 0.18367 | 0.18367 | 0.07872 | 0.07872 | 0.07872 | 0.03374 | 0.03374 | 0.03374 | 0.03374 | 0.01446 | 0.01446 | 0.01446 | 0.01446 | 0.00620 | 0.00620 | 0.00620 | 0.00620 
270 (h=3; 1,0,0,0)            | 0.42857 | 0.18367 | 0.18367 | 0.07872 | 0.07872 | 0.07872 | 0.03374 | 0.03374 | 0.03374 | 0.03374 | 0.01446 | 0.01446 | 0.01446 | 0.01446 | 0.00620 | 0.00620 | 0.00620 | 0.00620 


--- Hybrid Probability Table for Node u = 28 ---
--- Metatorus Structure (n=4, k=3), Torus Probability (Denominator 2*n-1) ---

Incoming Neighbor b           | (1,1)   | (1,2)   | (2,2)   | (1,3)   | (2,3)   | (3,3)   | (1,4)   | (2,4)   | (3,4)   | (4,4)   | (1,5)   | (2,5)   | (3,5)   | (4,5)   | (1,6)   | (2,6)   | (3,6)   | (4,6)   
------------------------------+----------+----------+----------+----------+----------+----------+----------+----------+----------+----------+----------+----------+----------+----------+----------+----------+----------+----------
55 (h=0; 2,0,0,1)             | 0.42857 | 0.18367 | 0.18367 | 0.07872 | 0.07872 | 0.07872 | 0.03374 | 0.03374 | 0.03374 | 0.03374 | 0.01446 | 0.01446 | 0.01446 | 0.01446 | 0.00620 | 0.00620 | 0.00620 | 0.00620 
1 (h=0; 0,0,0,1)              | 0.42857 | 0.18367 | 0.18367 | 0.07872 | 0.07872 | 0.07872 | 0.03374 | 0.03374 | 0.03374 | 0.03374 | 0.01446 | 0.01446 | 0.01446 | 0.01446 | 0.00620 | 0.00620 | 0.00620 | 0.00620 
109 (h=1; 1,0,0,1)            | 0.42857 | 0.18367 | 0.18367 | 0.07872 | 0.07872 | 0.07872 | 0.03374 | 0.03374 | 0.03374 | 0.03374 | 0.01446 | 0.01446 | 0.01446 | 0.01446 | 0.00620 | 0.00620 | 0.00620 | 0.00620 
271 (h=3; 1,0,0,1)            | 0.42857 | 0.18367 | 0.18367 | 0.07872 | 0.07872 | 0.07872 | 0.03374 | 0.03374 | 0.03374 | 0.03374 | 0.01446 | 0.01446 | 0.01446 | 0.01446 | 0.00620 | 0.00620 | 0.00620 | 0.00620 


--- Hybrid Probability Table for Node u = 29 ---
--- Metatorus Structure (n=4, k=3), Torus Probability (Denominator 2*n-1) ---

Incoming Neighbor b           | (1,1)   | (1,2)   | (2,2)   | (1,3)   | (2,3)   | (3,3)   | (1,4)   | (2,4)   | (3,4)   | (4,4)   | (1,5)   | (2,5)   | (3,5)   | (4,5)   | (1,6)   | (2,6)   | (3,6)   | (4,6)   
------------------------------+----------+----------+----------+----------+----------+----------+----------+----------+----------+----------+----------+----------+----------+----------+----------+----------+----------+----------
56 (h=0; 2,0,0,2)             | 0.42857 | 0.18367 | 0.18367 | 0.07872 | 0.07872 | 0.07872 | 0.03374 | 0.03374 | 0.03374 | 0.03374 | 0.01446 | 0.01446 | 0.01446 | 0.01446 | 0.00620 | 0.00620 | 0.00620 | 0.00620 
2 (h=0; 0,0,0,2)              | 0.42857 | 0.18367 | 0.18367 | 0.07872 | 0.07872 | 0.07872 | 0.03374 | 0.03374 | 0.03374 | 0.03374 | 0.01446 | 0.01446 | 0.01446 | 0.01446 | 0.00620 | 0.00620 | 0.00620 | 0.00620 
110 (h=1; 1,0,0,2)            | 0.42857 | 0.18367 | 0.18367 | 0.07872 | 0.07872 | 0.07872 | 0.03374 | 0.03374 | 0.03374 | 0.03374 | 0.01446 | 0.01446 | 0.01446 | 0.01446 | 0.00620 | 0.00620 | 0.00620 | 0.00620 
272 (h=3; 1,0,0,2)            | 0.42857 | 0.18367 | 0.18367 | 0.07872 | 0.07872 | 0.07872 | 0.03374 | 0.03374 | 0.03374 | 0.03374 | 0.01446 | 0.01446 | 0.01446 | 0.01446 | 0.00620 | 0.00620 | 0.00620 | 0.00620 


--- Hybrid Probability Table for Node u = 30 ---
--- Metatorus Structure (n=4, k=3), Torus Probability (Denominator 2*n-1) ---

Incoming Neighbor b           | (1,1)   | (1,2)   | (2,2)   | (1,3)   | (2,3)   | (3,3)   | (1,4)   | (2,4)   | (3,4)   | (4,4)   | (1,5)   | (2,5)   | (3,5)   | (4,5)   | (1,6)   | (2,6)   | (3,6)   | (4,6)   
------------------------------+----------+----------+----------+----------+----------+----------+----------+----------+----------+----------+----------+----------+----------+----------+----------+----------+----------+----------
57 (h=0; 2,0,1,0)             | 0.42857 | 0.18367 | 0.18367 | 0.07872 | 0.07872 | 0.07872 | 0.03374 | 0.03374 | 0.03374 | 0.03374 | 0.01446 | 0.01446 | 0.01446 | 0.01446 | 0.00620 | 0.00620 | 0.00620 | 0.00620 
3 (h=0; 0,0,1,0)              | 0.42857 | 0.18367 | 0.18367 | 0.07872 | 0.07872 | 0.07872 | 0.03374 | 0.03374 | 0.03374 | 0.03374 | 0.01446 | 0.01446 | 0.01446 | 0.01446 | 0.00620 | 0.00620 | 0.00620 | 0.00620 
111 (h=1; 1,0,1,0)            | 0.42857 | 0.18367 | 0.18367 | 0.07872 | 0.07872 | 0.07872 | 0.03374 | 0.03374 | 0.03374 | 0.03374 | 0.01446 | 0.01446 | 0.01446 | 0.01446 | 0.00620 | 0.00620 | 0.00620 | 0.00620 
273 (h=3; 1,0,1,0)            | 0.42857 | 0.18367 | 0.18367 | 0.07872 | 0.07872 | 0.07872 | 0.03374 | 0.03374 | 0.03374 | 0.03374 | 0.01446 | 0.01446 | 0.01446 | 0.01446 | 0.00620 | 0.00620 | 0.00620 | 0.00620 


--- Hybrid Probability Table for Node u = 31 ---
--- Metatorus Structure (n=4, k=3), Torus Probability (Denominator 2*n-1) ---

Incoming Neighbor b           | (1,1)   | (1,2)   | (2,2)   | (1,3)   | (2,3)   | (3,3)   | (1,4)   | (2,4)   | (3,4)   | (4,4)   | (1,5)   | (2,5)   | (3,5)   | (4,5)   | (1,6)   | (2,6)   | (3,6)   | (4,6)   
------------------------------+----------+----------+----------+----------+----------+----------+----------+----------+----------+----------+----------+----------+----------+----------+----------+----------+----------+----------
58 (h=0; 2,0,1,1)             | 0.42857 | 0.18367 | 0.18367 | 0.07872 | 0.07872 | 0.07872 | 0.03374 | 0.03374 | 0.03374 | 0.03374 | 0.01446 | 0.01446 | 0.01446 | 0.01446 | 0.00620 | 0.00620 | 0.00620 | 0.00620 
4 (h=0; 0,0,1,1)              | 0.42857 | 0.18367 | 0.18367 | 0.07872 | 0.07872 | 0.07872 | 0.03374 | 0.03374 | 0.03374 | 0.03374 | 0.01446 | 0.01446 | 0.01446 | 0.01446 | 0.00620 | 0.00620 | 0.00620 | 0.00620 
112 (h=1; 1,0,1,1)            | 0.42857 | 0.18367 | 0.18367 | 0.07872 | 0.07872 | 0.07872 | 0.03374 | 0.03374 | 0.03374 | 0.03374 | 0.01446 | 0.01446 | 0.01446 | 0.01446 | 0.00620 | 0.00620 | 0.00620 | 0.00620 
274 (h=3; 1,0,1,1)            | 0.42857 | 0.18367 | 0.18367 | 0.07872 | 0.07872 | 0.07872 | 0.03374 | 0.03374 | 0.03374 | 0.03374 | 0.01446 | 0.01446 | 0.01446 | 0.01446 | 0.00620 | 0.00620 | 0.00620 | 0.00620 


--- Hybrid Probability Table for Node u = 32 ---
--- Metatorus Structure (n=4, k=3), Torus Probability (Denominator 2*n-1) ---

Incoming Neighbor b           | (1,1)   | (1,2)   | (2,2)   | (1,3)   | (2,3)   | (3,3)   | (1,4)   | (2,4)   | (3,4)   | (4,4)   | (1,5)   | (2,5)   | (3,5)   | (4,5)   | (1,6)   | (2,6)   | (3,6)   | (4,6)   
------------------------------+----------+----------+----------+----------+----------+----------+----------+----------+----------+----------+----------+----------+----------+----------+----------+----------+----------+----------
59 (h=0; 2,0,1,2)             | 0.42857 | 0.18367 | 0.18367 | 0.07872 | 0.07872 | 0.07872 | 0.03374 | 0.03374 | 0.03374 | 0.03374 | 0.01446 | 0.01446 | 0.01446 | 0.01446 | 0.00620 | 0.00620 | 0.00620 | 0.00620 
5 (h=0; 0,0,1,2)              | 0.42857 | 0.18367 | 0.18367 | 0.07872 | 0.07872 | 0.07872 | 0.03374 | 0.03374 | 0.03374 | 0.03374 | 0.01446 | 0.01446 | 0.01446 | 0.01446 | 0.00620 | 0.00620 | 0.00620 | 0.00620 
113 (h=1; 1,0,1,2)            | 0.42857 | 0.18367 | 0.18367 | 0.07872 | 0.07872 | 0.07872 | 0.03374 | 0.03374 | 0.03374 | 0.03374 | 0.01446 | 0.01446 | 0.01446 | 0.01446 | 0.00620 | 0.00620 | 0.00620 | 0.00620 
275 (h=3; 1,0,1,2)            | 0.42857 | 0.18367 | 0.18367 | 0.07872 | 0.07872 | 0.07872 | 0.03374 | 0.03374 | 0.03374 | 0.03374 | 0.01446 | 0.01446 | 0.01446 | 0.01446 | 0.00620 | 0.00620 | 0.00620 | 0.00620 


--- Hybrid Probability Table for Node u = 33 ---
--- Metatorus Structure (n=4, k=3), Torus Probability (Denominator 2*n-1) ---

Incoming Neighbor b           | (1,1)   | (1,2)   | (2,2)   | (1,3)   | (2,3)   | (3,3)   | (1,4)   | (2,4)   | (3,4)   | (4,4)   | (1,5)   | (2,5)   | (3,5)   | (4,5)   | (1,6)   | (2,6)   | (3,6)   | (4,6)   
------------------------------+----------+----------+----------+----------+----------+----------+----------+----------+----------+----------+----------+----------+----------+----------+----------+----------+----------+----------
60 (h=0; 2,0,2,0)             | 0.42857 | 0.18367 | 0.18367 | 0.07872 | 0.07872 | 0.07872 | 0.03374 | 0.03374 | 0.03374 | 0.03374 | 0.01446 | 0.01446 | 0.01446 | 0.01446 | 0.00620 | 0.00620 | 0.00620 | 0.00620 
6 (h=0; 0,0,2,0)              | 0.42857 | 0.18367 | 0.18367 | 0.07872 | 0.07872 | 0.07872 | 0.03374 | 0.03374 | 0.03374 | 0.03374 | 0.01446 | 0.01446 | 0.01446 | 0.01446 | 0.00620 | 0.00620 | 0.00620 | 0.00620 
114 (h=1; 1,0,2,0)            | 0.42857 | 0.18367 | 0.18367 | 0.07872 | 0.07872 | 0.07872 | 0.03374 | 0.03374 | 0.03374 | 0.03374 | 0.01446 | 0.01446 | 0.01446 | 0.01446 | 0.00620 | 0.00620 | 0.00620 | 0.00620 
276 (h=3; 1,0,2,0)            | 0.42857 | 0.18367 | 0.18367 | 0.07872 | 0.07872 | 0.07872 | 0.03374 | 0.03374 | 0.03374 | 0.03374 | 0.01446 | 0.01446 | 0.01446 | 0.01446 | 0.00620 | 0.00620 | 0.00620 | 0.00620 


--- Hybrid Probability Table for Node u = 34 ---
--- Metatorus Structure (n=4, k=3), Torus Probability (Denominator 2*n-1) ---

Incoming Neighbor b           | (1,1)   | (1,2)   | (2,2)   | (1,3)   | (2,3)   | (3,3)   | (1,4)   | (2,4)   | (3,4)   | (4,4)   | (1,5)   | (2,5)   | (3,5)   | (4,5)   | (1,6)   | (2,6)   | (3,6)   | (4,6)   
------------------------------+----------+----------+----------+----------+----------+----------+----------+----------+----------+----------+----------+----------+----------+----------+----------+----------+----------+----------
61 (h=0; 2,0,2,1)             | 0.42857 | 0.18367 | 0.18367 | 0.07872 | 0.07872 | 0.07872 | 0.03374 | 0.03374 | 0.03374 | 0.03374 | 0.01446 | 0.01446 | 0.01446 | 0.01446 | 0.00620 | 0.00620 | 0.00620 | 0.00620 
7 (h=0; 0,0,2,1)              | 0.42857 | 0.18367 | 0.18367 | 0.07872 | 0.07872 | 0.07872 | 0.03374 | 0.03374 | 0.03374 | 0.03374 | 0.01446 | 0.01446 | 0.01446 | 0.01446 | 0.00620 | 0.00620 | 0.00620 | 0.00620 
115 (h=1; 1,0,2,1)            | 0.42857 | 0.18367 | 0.18367 | 0.07872 | 0.07872 | 0.07872 | 0.03374 | 0.03374 | 0.03374 | 0.03374 | 0.01446 | 0.01446 | 0.01446 | 0.01446 | 0.00620 | 0.00620 | 0.00620 | 0.00620 
277 (h=3; 1,0,2,1)            | 0.42857 | 0.18367 | 0.18367 | 0.07872 | 0.07872 | 0.07872 | 0.03374 | 0.03374 | 0.03374 | 0.03374 | 0.01446 | 0.01446 | 0.01446 | 0.01446 | 0.00620 | 0.00620 | 0.00620 | 0.00620 


--- Hybrid Probability Table for Node u = 35 ---
--- Metatorus Structure (n=4, k=3), Torus Probability (Denominator 2*n-1) ---

Incoming Neighbor b           | (1,1)   | (1,2)   | (2,2)   | (1,3)   | (2,3)   | (3,3)   | (1,4)   | (2,4)   | (3,4)   | (4,4)   | (1,5)   | (2,5)   | (3,5)   | (4,5)   | (1,6)   | (2,6)   | (3,6)   | (4,6)   
------------------------------+----------+----------+----------+----------+----------+----------+----------+----------+----------+----------+----------+----------+----------+----------+----------+----------+----------+----------
62 (h=0; 2,0,2,2)             | 0.42857 | 0.18367 | 0.18367 | 0.07872 | 0.07872 | 0.07872 | 0.03374 | 0.03374 | 0.03374 | 0.03374 | 0.01446 | 0.01446 | 0.01446 | 0.01446 | 0.00620 | 0.00620 | 0.00620 | 0.00620 
8 (h=0; 0,0,2,2)              | 0.42857 | 0.18367 | 0.18367 | 0.07872 | 0.07872 | 0.07872 | 0.03374 | 0.03374 | 0.03374 | 0.03374 | 0.01446 | 0.01446 | 0.01446 | 0.01446 | 0.00620 | 0.00620 | 0.00620 | 0.00620 
116 (h=1; 1,0,2,2)            | 0.42857 | 0.18367 | 0.18367 | 0.07872 | 0.07872 | 0.07872 | 0.03374 | 0.03374 | 0.03374 | 0.03374 | 0.01446 | 0.01446 | 0.01446 | 0.01446 | 0.00620 | 0.00620 | 0.00620 | 0.00620 
278 (h=3; 1,0,2,2)            | 0.42857 | 0.18367 | 0.18367 | 0.07872 | 0.07872 | 0.07872 | 0.03374 | 0.03374 | 0.03374 | 0.03374 | 0.01446 | 0.01446 | 0.01446 | 0.01446 | 0.00620 | 0.00620 | 0.00620 | 0.00620 


--- Hybrid Probability Table for Node u = 36 ---
--- Metatorus Structure (n=4, k=3), Torus Probability (Denominator 2*n-1) ---

Incoming Neighbor b           | (1,1)   | (1,2)   | (2,2)   | (1,3)   | (2,3)   | (3,3)   | (1,4)   | (2,4)   | (3,4)   | (4,4)   | (1,5)   | (2,5)   | (3,5)   | (4,5)   | (1,6)   | (2,6)   | (3,6)   | (4,6)   
------------------------------+----------+----------+----------+----------+----------+----------+----------+----------+----------+----------+----------+----------+----------+----------+----------+----------+----------+----------
63 (h=0; 2,1,0,0)             | 0.42857 | 0.18367 | 0.18367 | 0.07872 | 0.07872 | 0.07872 | 0.03374 | 0.03374 | 0.03374 | 0.03374 | 0.01446 | 0.01446 | 0.01446 | 0.01446 | 0.00620 | 0.00620 | 0.00620 | 0.00620 
9 (h=0; 0,1,0,0)              | 0.42857 | 0.18367 | 0.18367 | 0.07872 | 0.07872 | 0.07872 | 0.03374 | 0.03374 | 0.03374 | 0.03374 | 0.01446 | 0.01446 | 0.01446 | 0.01446 | 0.00620 | 0.00620 | 0.00620 | 0.00620 
117 (h=1; 1,1,0,0)            | 0.42857 | 0.18367 | 0.18367 | 0.07872 | 0.07872 | 0.07872 | 0.03374 | 0.03374 | 0.03374 | 0.03374 | 0.01446 | 0.01446 | 0.01446 | 0.01446 | 0.00620 | 0.00620 | 0.00620 | 0.00620 
279 (h=3; 1,1,0,0)            | 0.42857 | 0.18367 | 0.18367 | 0.07872 | 0.07872 | 0.07872 | 0.03374 | 0.03374 | 0.03374 | 0.03374 | 0.01446 | 0.01446 | 0.01446 | 0.01446 | 0.00620 | 0.00620 | 0.00620 | 0.00620 


--- Hybrid Probability Table for Node u = 37 ---
--- Metatorus Structure (n=4, k=3), Torus Probability (Denominator 2*n-1) ---

Incoming Neighbor b           | (1,1)   | (1,2)   | (2,2)   | (1,3)   | (2,3)   | (3,3)   | (1,4)   | (2,4)   | (3,4)   | (4,4)   | (1,5)   | (2,5)   | (3,5)   | (4,5)   | (1,6)   | (2,6)   | (3,6)   | (4,6)   
------------------------------+----------+----------+----------+----------+----------+----------+----------+----------+----------+----------+----------+----------+----------+----------+----------+----------+----------+----------
64 (h=0; 2,1,0,1)             | 0.42857 | 0.18367 | 0.18367 | 0.07872 | 0.07872 | 0.07872 | 0.03374 | 0.03374 | 0.03374 | 0.03374 | 0.01446 | 0.01446 | 0.01446 | 0.01446 | 0.00620 | 0.00620 | 0.00620 | 0.00620 
10 (h=0; 0,1,0,1)             | 0.42857 | 0.18367 | 0.18367 | 0.07872 | 0.07872 | 0.07872 | 0.03374 | 0.03374 | 0.03374 | 0.03374 | 0.01446 | 0.01446 | 0.01446 | 0.01446 | 0.00620 | 0.00620 | 0.00620 | 0.00620 
118 (h=1; 1,1,0,1)            | 0.42857 | 0.18367 | 0.18367 | 0.07872 | 0.07872 | 0.07872 | 0.03374 | 0.03374 | 0.03374 | 0.03374 | 0.01446 | 0.01446 | 0.01446 | 0.01446 | 0.00620 | 0.00620 | 0.00620 | 0.00620 
280 (h=3; 1,1,0,1)            | 0.42857 | 0.18367 | 0.18367 | 0.07872 | 0.07872 | 0.07872 | 0.03374 | 0.03374 | 0.03374 | 0.03374 | 0.01446 | 0.01446 | 0.01446 | 0.01446 | 0.00620 | 0.00620 | 0.00620 | 0.00620 


--- Hybrid Probability Table for Node u = 38 ---
--- Metatorus Structure (n=4, k=3), Torus Probability (Denominator 2*n-1) ---

Incoming Neighbor b           | (1,1)   | (1,2)   | (2,2)   | (1,3)   | (2,3)   | (3,3)   | (1,4)   | (2,4)   | (3,4)   | (4,4)   | (1,5)   | (2,5)   | (3,5)   | (4,5)   | (1,6)   | (2,6)   | (3,6)   | (4,6)   
------------------------------+----------+----------+----------+----------+----------+----------+----------+----------+----------+----------+----------+----------+----------+----------+----------+----------+----------+----------
65 (h=0; 2,1,0,2)             | 0.42857 | 0.18367 | 0.18367 | 0.07872 | 0.07872 | 0.07872 | 0.03374 | 0.03374 | 0.03374 | 0.03374 | 0.01446 | 0.01446 | 0.01446 | 0.01446 | 0.00620 | 0.00620 | 0.00620 | 0.00620 
11 (h=0; 0,1,0,2)             | 0.42857 | 0.18367 | 0.18367 | 0.07872 | 0.07872 | 0.07872 | 0.03374 | 0.03374 | 0.03374 | 0.03374 | 0.01446 | 0.01446 | 0.01446 | 0.01446 | 0.00620 | 0.00620 | 0.00620 | 0.00620 
119 (h=1; 1,1,0,2)            | 0.42857 | 0.18367 | 0.18367 | 0.07872 | 0.07872 | 0.07872 | 0.03374 | 0.03374 | 0.03374 | 0.03374 | 0.01446 | 0.01446 | 0.01446 | 0.01446 | 0.00620 | 0.00620 | 0.00620 | 0.00620 
281 (h=3; 1,1,0,2)            | 0.42857 | 0.18367 | 0.18367 | 0.07872 | 0.07872 | 0.07872 | 0.03374 | 0.03374 | 0.03374 | 0.03374 | 0.01446 | 0.01446 | 0.01446 | 0.01446 | 0.00620 | 0.00620 | 0.00620 | 0.00620 


--- Hybrid Probability Table for Node u = 39 ---
--- Metatorus Structure (n=4, k=3), Torus Probability (Denominator 2*n-1) ---

Incoming Neighbor b           | (1,1)   | (1,2)   | (2,2)   | (1,3)   | (2,3)   | (3,3)   | (1,4)   | (2,4)   | (3,4)   | (4,4)   | (1,5)   | (2,5)   | (3,5)   | (4,5)   | (1,6)   | (2,6)   | (3,6)   | (4,6)   
------------------------------+----------+----------+----------+----------+----------+----------+----------+----------+----------+----------+----------+----------+----------+----------+----------+----------+----------+----------
66 (h=0; 2,1,1,0)             | 0.42857 | 0.18367 | 0.18367 | 0.07872 | 0.07872 | 0.07872 | 0.03374 | 0.03374 | 0.03374 | 0.03374 | 0.01446 | 0.01446 | 0.01446 | 0.01446 | 0.00620 | 0.00620 | 0.00620 | 0.00620 
12 (h=0; 0,1,1,0)             | 0.42857 | 0.18367 | 0.18367 | 0.07872 | 0.07872 | 0.07872 | 0.03374 | 0.03374 | 0.03374 | 0.03374 | 0.01446 | 0.01446 | 0.01446 | 0.01446 | 0.00620 | 0.00620 | 0.00620 | 0.00620 
120 (h=1; 1,1,1,0)            | 0.42857 | 0.18367 | 0.18367 | 0.07872 | 0.07872 | 0.07872 | 0.03374 | 0.03374 | 0.03374 | 0.03374 | 0.01446 | 0.01446 | 0.01446 | 0.01446 | 0.00620 | 0.00620 | 0.00620 | 0.00620 
282 (h=3; 1,1,1,0)            | 0.42857 | 0.18367 | 0.18367 | 0.07872 | 0.07872 | 0.07872 | 0.03374 | 0.03374 | 0.03374 | 0.03374 | 0.01446 | 0.01446 | 0.01446 | 0.01446 | 0.00620 | 0.00620 | 0.00620 | 0.00620 


--- Hybrid Probability Table for Node u = 40 ---
--- Metatorus Structure (n=4, k=3), Torus Probability (Denominator 2*n-1) ---

Incoming Neighbor b           | (1,1)   | (1,2)   | (2,2)   | (1,3)   | (2,3)   | (3,3)   | (1,4)   | (2,4)   | (3,4)   | (4,4)   | (1,5)   | (2,5)   | (3,5)   | (4,5)   | (1,6)   | (2,6)   | (3,6)   | (4,6)   
------------------------------+----------+----------+----------+----------+----------+----------+----------+----------+----------+----------+----------+----------+----------+----------+----------+----------+----------+----------
67 (h=0; 2,1,1,1)             | 0.42857 | 0.18367 | 0.18367 | 0.07872 | 0.07872 | 0.07872 | 0.03374 | 0.03374 | 0.03374 | 0.03374 | 0.01446 | 0.01446 | 0.01446 | 0.01446 | 0.00620 | 0.00620 | 0.00620 | 0.00620 
13 (h=0; 0,1,1,1)             | 0.42857 | 0.18367 | 0.18367 | 0.07872 | 0.07872 | 0.07872 | 0.03374 | 0.03374 | 0.03374 | 0.03374 | 0.01446 | 0.01446 | 0.01446 | 0.01446 | 0.00620 | 0.00620 | 0.00620 | 0.00620 
121 (h=1; 1,1,1,1)            | 0.42857 | 0.18367 | 0.18367 | 0.07872 | 0.07872 | 0.07872 | 0.03374 | 0.03374 | 0.03374 | 0.03374 | 0.01446 | 0.01446 | 0.01446 | 0.01446 | 0.00620 | 0.00620 | 0.00620 | 0.00620 
283 (h=3; 1,1,1,1)            | 0.42857 | 0.18367 | 0.18367 | 0.07872 | 0.07872 | 0.07872 | 0.03374 | 0.03374 | 0.03374 | 0.03374 | 0.01446 | 0.01446 | 0.01446 | 0.01446 | 0.00620 | 0.00620 | 0.00620 | 0.00620 


--- Hybrid Probability Table for Node u = 41 ---
--- Metatorus Structure (n=4, k=3), Torus Probability (Denominator 2*n-1) ---

Incoming Neighbor b           | (1,1)   | (1,2)   | (2,2)   | (1,3)   | (2,3)   | (3,3)   | (1,4)   | (2,4)   | (3,4)   | (4,4)   | (1,5)   | (2,5)   | (3,5)   | (4,5)   | (1,6)   | (2,6)   | (3,6)   | (4,6)   
------------------------------+----------+----------+----------+----------+----------+----------+----------+----------+----------+----------+----------+----------+----------+----------+----------+----------+----------+----------
68 (h=0; 2,1,1,2)             | 0.42857 | 0.18367 | 0.18367 | 0.07872 | 0.07872 | 0.07872 | 0.03374 | 0.03374 | 0.03374 | 0.03374 | 0.01446 | 0.01446 | 0.01446 | 0.01446 | 0.00620 | 0.00620 | 0.00620 | 0.00620 
14 (h=0; 0,1,1,2)             | 0.42857 | 0.18367 | 0.18367 | 0.07872 | 0.07872 | 0.07872 | 0.03374 | 0.03374 | 0.03374 | 0.03374 | 0.01446 | 0.01446 | 0.01446 | 0.01446 | 0.00620 | 0.00620 | 0.00620 | 0.00620 
122 (h=1; 1,1,1,2)            | 0.42857 | 0.18367 | 0.18367 | 0.07872 | 0.07872 | 0.07872 | 0.03374 | 0.03374 | 0.03374 | 0.03374 | 0.01446 | 0.01446 | 0.01446 | 0.01446 | 0.00620 | 0.00620 | 0.00620 | 0.00620 
284 (h=3; 1,1,1,2)            | 0.42857 | 0.18367 | 0.18367 | 0.07872 | 0.07872 | 0.07872 | 0.03374 | 0.03374 | 0.03374 | 0.03374 | 0.01446 | 0.01446 | 0.01446 | 0.01446 | 0.00620 | 0.00620 | 0.00620 | 0.00620 


--- Hybrid Probability Table for Node u = 42 ---
--- Metatorus Structure (n=4, k=3), Torus Probability (Denominator 2*n-1) ---

Incoming Neighbor b           | (1,1)   | (1,2)   | (2,2)   | (1,3)   | (2,3)   | (3,3)   | (1,4)   | (2,4)   | (3,4)   | (4,4)   | (1,5)   | (2,5)   | (3,5)   | (4,5)   | (1,6)   | (2,6)   | (3,6)   | (4,6)   
------------------------------+----------+----------+----------+----------+----------+----------+----------+----------+----------+----------+----------+----------+----------+----------+----------+----------+----------+----------
69 (h=0; 2,1,2,0)             | 0.42857 | 0.18367 | 0.18367 | 0.07872 | 0.07872 | 0.07872 | 0.03374 | 0.03374 | 0.03374 | 0.03374 | 0.01446 | 0.01446 | 0.01446 | 0.01446 | 0.00620 | 0.00620 | 0.00620 | 0.00620 
15 (h=0; 0,1,2,0)             | 0.42857 | 0.18367 | 0.18367 | 0.07872 | 0.07872 | 0.07872 | 0.03374 | 0.03374 | 0.03374 | 0.03374 | 0.01446 | 0.01446 | 0.01446 | 0.01446 | 0.00620 | 0.00620 | 0.00620 | 0.00620 
123 (h=1; 1,1,2,0)            | 0.42857 | 0.18367 | 0.18367 | 0.07872 | 0.07872 | 0.07872 | 0.03374 | 0.03374 | 0.03374 | 0.03374 | 0.01446 | 0.01446 | 0.01446 | 0.01446 | 0.00620 | 0.00620 | 0.00620 | 0.00620 
285 (h=3; 1,1,2,0)            | 0.42857 | 0.18367 | 0.18367 | 0.07872 | 0.07872 | 0.07872 | 0.03374 | 0.03374 | 0.03374 | 0.03374 | 0.01446 | 0.01446 | 0.01446 | 0.01446 | 0.00620 | 0.00620 | 0.00620 | 0.00620 


--- Hybrid Probability Table for Node u = 43 ---
--- Metatorus Structure (n=4, k=3), Torus Probability (Denominator 2*n-1) ---

Incoming Neighbor b           | (1,1)   | (1,2)   | (2,2)   | (1,3)   | (2,3)   | (3,3)   | (1,4)   | (2,4)   | (3,4)   | (4,4)   | (1,5)   | (2,5)   | (3,5)   | (4,5)   | (1,6)   | (2,6)   | (3,6)   | (4,6)   
------------------------------+----------+----------+----------+----------+----------+----------+----------+----------+----------+----------+----------+----------+----------+----------+----------+----------+----------+----------
70 (h=0; 2,1,2,1)             | 0.42857 | 0.18367 | 0.18367 | 0.07872 | 0.07872 | 0.07872 | 0.03374 | 0.03374 | 0.03374 | 0.03374 | 0.01446 | 0.01446 | 0.01446 | 0.01446 | 0.00620 | 0.00620 | 0.00620 | 0.00620 
16 (h=0; 0,1,2,1)             | 0.42857 | 0.18367 | 0.18367 | 0.07872 | 0.07872 | 0.07872 | 0.03374 | 0.03374 | 0.03374 | 0.03374 | 0.01446 | 0.01446 | 0.01446 | 0.01446 | 0.00620 | 0.00620 | 0.00620 | 0.00620 
124 (h=1; 1,1,2,1)            | 0.42857 | 0.18367 | 0.18367 | 0.07872 | 0.07872 | 0.07872 | 0.03374 | 0.03374 | 0.03374 | 0.03374 | 0.01446 | 0.01446 | 0.01446 | 0.01446 | 0.00620 | 0.00620 | 0.00620 | 0.00620 
286 (h=3; 1,1,2,1)            | 0.42857 | 0.18367 | 0.18367 | 0.07872 | 0.07872 | 0.07872 | 0.03374 | 0.03374 | 0.03374 | 0.03374 | 0.01446 | 0.01446 | 0.01446 | 0.01446 | 0.00620 | 0.00620 | 0.00620 | 0.00620 


--- Hybrid Probability Table for Node u = 44 ---
--- Metatorus Structure (n=4, k=3), Torus Probability (Denominator 2*n-1) ---

Incoming Neighbor b           | (1,1)   | (1,2)   | (2,2)   | (1,3)   | (2,3)   | (3,3)   | (1,4)   | (2,4)   | (3,4)   | (4,4)   | (1,5)   | (2,5)   | (3,5)   | (4,5)   | (1,6)   | (2,6)   | (3,6)   | (4,6)   
------------------------------+----------+----------+----------+----------+----------+----------+----------+----------+----------+----------+----------+----------+----------+----------+----------+----------+----------+----------
71 (h=0; 2,1,2,2)             | 0.42857 | 0.18367 | 0.18367 | 0.07872 | 0.07872 | 0.07872 | 0.03374 | 0.03374 | 0.03374 | 0.03374 | 0.01446 | 0.01446 | 0.01446 | 0.01446 | 0.00620 | 0.00620 | 0.00620 | 0.00620 
17 (h=0; 0,1,2,2)             | 0.42857 | 0.18367 | 0.18367 | 0.07872 | 0.07872 | 0.07872 | 0.03374 | 0.03374 | 0.03374 | 0.03374 | 0.01446 | 0.01446 | 0.01446 | 0.01446 | 0.00620 | 0.00620 | 0.00620 | 0.00620 
125 (h=1; 1,1,2,2)            | 0.42857 | 0.18367 | 0.18367 | 0.07872 | 0.07872 | 0.07872 | 0.03374 | 0.03374 | 0.03374 | 0.03374 | 0.01446 | 0.01446 | 0.01446 | 0.01446 | 0.00620 | 0.00620 | 0.00620 | 0.00620 
287 (h=3; 1,1,2,2)            | 0.42857 | 0.18367 | 0.18367 | 0.07872 | 0.07872 | 0.07872 | 0.03374 | 0.03374 | 0.03374 | 0.03374 | 0.01446 | 0.01446 | 0.01446 | 0.01446 | 0.00620 | 0.00620 | 0.00620 | 0.00620 


--- Hybrid Probability Table for Node u = 45 ---
--- Metatorus Structure (n=4, k=3), Torus Probability (Denominator 2*n-1) ---

Incoming Neighbor b           | (1,1)   | (1,2)   | (2,2)   | (1,3)   | (2,3)   | (3,3)   | (1,4)   | (2,4)   | (3,4)   | (4,4)   | (1,5)   | (2,5)   | (3,5)   | (4,5)   | (1,6)   | (2,6)   | (3,6)   | (4,6)   
------------------------------+----------+----------+----------+----------+----------+----------+----------+----------+----------+----------+----------+----------+----------+----------+----------+----------+----------+----------
72 (h=0; 2,2,0,0)             | 0.42857 | 0.18367 | 0.18367 | 0.07872 | 0.07872 | 0.07872 | 0.03374 | 0.03374 | 0.03374 | 0.03374 | 0.01446 | 0.01446 | 0.01446 | 0.01446 | 0.00620 | 0.00620 | 0.00620 | 0.00620 
18 (h=0; 0,2,0,0)             | 0.42857 | 0.18367 | 0.18367 | 0.07872 | 0.07872 | 0.07872 | 0.03374 | 0.03374 | 0.03374 | 0.03374 | 0.01446 | 0.01446 | 0.01446 | 0.01446 | 0.00620 | 0.00620 | 0.00620 | 0.00620 
126 (h=1; 1,2,0,0)            | 0.42857 | 0.18367 | 0.18367 | 0.07872 | 0.07872 | 0.07872 | 0.03374 | 0.03374 | 0.03374 | 0.03374 | 0.01446 | 0.01446 | 0.01446 | 0.01446 | 0.00620 | 0.00620 | 0.00620 | 0.00620 
288 (h=3; 1,2,0,0)            | 0.42857 | 0.18367 | 0.18367 | 0.07872 | 0.07872 | 0.07872 | 0.03374 | 0.03374 | 0.03374 | 0.03374 | 0.01446 | 0.01446 | 0.01446 | 0.01446 | 0.00620 | 0.00620 | 0.00620 | 0.00620 


--- Hybrid Probability Table for Node u = 46 ---
--- Metatorus Structure (n=4, k=3), Torus Probability (Denominator 2*n-1) ---

Incoming Neighbor b           | (1,1)   | (1,2)   | (2,2)   | (1,3)   | (2,3)   | (3,3)   | (1,4)   | (2,4)   | (3,4)   | (4,4)   | (1,5)   | (2,5)   | (3,5)   | (4,5)   | (1,6)   | (2,6)   | (3,6)   | (4,6)   
------------------------------+----------+----------+----------+----------+----------+----------+----------+----------+----------+----------+----------+----------+----------+----------+----------+----------+----------+----------
73 (h=0; 2,2,0,1)             | 0.42857 | 0.18367 | 0.18367 | 0.07872 | 0.07872 | 0.07872 | 0.03374 | 0.03374 | 0.03374 | 0.03374 | 0.01446 | 0.01446 | 0.01446 | 0.01446 | 0.00620 | 0.00620 | 0.00620 | 0.00620 
19 (h=0; 0,2,0,1)             | 0.42857 | 0.18367 | 0.18367 | 0.07872 | 0.07872 | 0.07872 | 0.03374 | 0.03374 | 0.03374 | 0.03374 | 0.01446 | 0.01446 | 0.01446 | 0.01446 | 0.00620 | 0.00620 | 0.00620 | 0.00620 
127 (h=1; 1,2,0,1)            | 0.42857 | 0.18367 | 0.18367 | 0.07872 | 0.07872 | 0.07872 | 0.03374 | 0.03374 | 0.03374 | 0.03374 | 0.01446 | 0.01446 | 0.01446 | 0.01446 | 0.00620 | 0.00620 | 0.00620 | 0.00620 
289 (h=3; 1,2,0,1)            | 0.42857 | 0.18367 | 0.18367 | 0.07872 | 0.07872 | 0.07872 | 0.03374 | 0.03374 | 0.03374 | 0.03374 | 0.01446 | 0.01446 | 0.01446 | 0.01446 | 0.00620 | 0.00620 | 0.00620 | 0.00620 


--- Hybrid Probability Table for Node u = 47 ---
--- Metatorus Structure (n=4, k=3), Torus Probability (Denominator 2*n-1) ---

Incoming Neighbor b           | (1,1)   | (1,2)   | (2,2)   | (1,3)   | (2,3)   | (3,3)   | (1,4)   | (2,4)   | (3,4)   | (4,4)   | (1,5)   | (2,5)   | (3,5)   | (4,5)   | (1,6)   | (2,6)   | (3,6)   | (4,6)   
------------------------------+----------+----------+----------+----------+----------+----------+----------+----------+----------+----------+----------+----------+----------+----------+----------+----------+----------+----------
74 (h=0; 2,2,0,2)             | 0.42857 | 0.18367 | 0.18367 | 0.07872 | 0.07872 | 0.07872 | 0.03374 | 0.03374 | 0.03374 | 0.03374 | 0.01446 | 0.01446 | 0.01446 | 0.01446 | 0.00620 | 0.00620 | 0.00620 | 0.00620 
20 (h=0; 0,2,0,2)             | 0.42857 | 0.18367 | 0.18367 | 0.07872 | 0.07872 | 0.07872 | 0.03374 | 0.03374 | 0.03374 | 0.03374 | 0.01446 | 0.01446 | 0.01446 | 0.01446 | 0.00620 | 0.00620 | 0.00620 | 0.00620 
128 (h=1; 1,2,0,2)            | 0.42857 | 0.18367 | 0.18367 | 0.07872 | 0.07872 | 0.07872 | 0.03374 | 0.03374 | 0.03374 | 0.03374 | 0.01446 | 0.01446 | 0.01446 | 0.01446 | 0.00620 | 0.00620 | 0.00620 | 0.00620 
290 (h=3; 1,2,0,2)            | 0.42857 | 0.18367 | 0.18367 | 0.07872 | 0.07872 | 0.07872 | 0.03374 | 0.03374 | 0.03374 | 0.03374 | 0.01446 | 0.01446 | 0.01446 | 0.01446 | 0.00620 | 0.00620 | 0.00620 | 0.00620 


--- Hybrid Probability Table for Node u = 48 ---
--- Metatorus Structure (n=4, k=3), Torus Probability (Denominator 2*n-1) ---

Incoming Neighbor b           | (1,1)   | (1,2)   | (2,2)   | (1,3)   | (2,3)   | (3,3)   | (1,4)   | (2,4)   | (3,4)   | (4,4)   | (1,5)   | (2,5)   | (3,5)   | (4,5)   | (1,6)   | (2,6)   | (3,6)   | (4,6)   
------------------------------+----------+----------+----------+----------+----------+----------+----------+----------+----------+----------+----------+----------+----------+----------+----------+----------+----------+----------
75 (h=0; 2,2,1,0)             | 0.42857 | 0.18367 | 0.18367 | 0.07872 | 0.07872 | 0.07872 | 0.03374 | 0.03374 | 0.03374 | 0.03374 | 0.01446 | 0.01446 | 0.01446 | 0.01446 | 0.00620 | 0.00620 | 0.00620 | 0.00620 
21 (h=0; 0,2,1,0)             | 0.42857 | 0.18367 | 0.18367 | 0.07872 | 0.07872 | 0.07872 | 0.03374 | 0.03374 | 0.03374 | 0.03374 | 0.01446 | 0.01446 | 0.01446 | 0.01446 | 0.00620 | 0.00620 | 0.00620 | 0.00620 
129 (h=1; 1,2,1,0)            | 0.42857 | 0.18367 | 0.18367 | 0.07872 | 0.07872 | 0.07872 | 0.03374 | 0.03374 | 0.03374 | 0.03374 | 0.01446 | 0.01446 | 0.01446 | 0.01446 | 0.00620 | 0.00620 | 0.00620 | 0.00620 
291 (h=3; 1,2,1,0)            | 0.42857 | 0.18367 | 0.18367 | 0.07872 | 0.07872 | 0.07872 | 0.03374 | 0.03374 | 0.03374 | 0.03374 | 0.01446 | 0.01446 | 0.01446 | 0.01446 | 0.00620 | 0.00620 | 0.00620 | 0.00620 


--- Hybrid Probability Table for Node u = 49 ---
--- Metatorus Structure (n=4, k=3), Torus Probability (Denominator 2*n-1) ---

Incoming Neighbor b           | (1,1)   | (1,2)   | (2,2)   | (1,3)   | (2,3)   | (3,3)   | (1,4)   | (2,4)   | (3,4)   | (4,4)   | (1,5)   | (2,5)   | (3,5)   | (4,5)   | (1,6)   | (2,6)   | (3,6)   | (4,6)   
------------------------------+----------+----------+----------+----------+----------+----------+----------+----------+----------+----------+----------+----------+----------+----------+----------+----------+----------+----------
76 (h=0; 2,2,1,1)             | 0.42857 | 0.18367 | 0.18367 | 0.07872 | 0.07872 | 0.07872 | 0.03374 | 0.03374 | 0.03374 | 0.03374 | 0.01446 | 0.01446 | 0.01446 | 0.01446 | 0.00620 | 0.00620 | 0.00620 | 0.00620 
22 (h=0; 0,2,1,1)             | 0.42857 | 0.18367 | 0.18367 | 0.07872 | 0.07872 | 0.07872 | 0.03374 | 0.03374 | 0.03374 | 0.03374 | 0.01446 | 0.01446 | 0.01446 | 0.01446 | 0.00620 | 0.00620 | 0.00620 | 0.00620 
130 (h=1; 1,2,1,1)            | 0.42857 | 0.18367 | 0.18367 | 0.07872 | 0.07872 | 0.07872 | 0.03374 | 0.03374 | 0.03374 | 0.03374 | 0.01446 | 0.01446 | 0.01446 | 0.01446 | 0.00620 | 0.00620 | 0.00620 | 0.00620 
292 (h=3; 1,2,1,1)            | 0.42857 | 0.18367 | 0.18367 | 0.07872 | 0.07872 | 0.07872 | 0.03374 | 0.03374 | 0.03374 | 0.03374 | 0.01446 | 0.01446 | 0.01446 | 0.01446 | 0.00620 | 0.00620 | 0.00620 | 0.00620 


--- Hybrid Probability Table for Node u = 50 ---
--- Metatorus Structure (n=4, k=3), Torus Probability (Denominator 2*n-1) ---

Incoming Neighbor b           | (1,1)   | (1,2)   | (2,2)   | (1,3)   | (2,3)   | (3,3)   | (1,4)   | (2,4)   | (3,4)   | (4,4)   | (1,5)   | (2,5)   | (3,5)   | (4,5)   | (1,6)   | (2,6)   | (3,6)   | (4,6)   
------------------------------+----------+----------+----------+----------+----------+----------+----------+----------+----------+----------+----------+----------+----------+----------+----------+----------+----------+----------
77 (h=0; 2,2,1,2)             | 0.42857 | 0.18367 | 0.18367 | 0.07872 | 0.07872 | 0.07872 | 0.03374 | 0.03374 | 0.03374 | 0.03374 | 0.01446 | 0.01446 | 0.01446 | 0.01446 | 0.00620 | 0.00620 | 0.00620 | 0.00620 
23 (h=0; 0,2,1,2)             | 0.42857 | 0.18367 | 0.18367 | 0.07872 | 0.07872 | 0.07872 | 0.03374 | 0.03374 | 0.03374 | 0.03374 | 0.01446 | 0.01446 | 0.01446 | 0.01446 | 0.00620 | 0.00620 | 0.00620 | 0.00620 
131 (h=1; 1,2,1,2)            | 0.42857 | 0.18367 | 0.18367 | 0.07872 | 0.07872 | 0.07872 | 0.03374 | 0.03374 | 0.03374 | 0.03374 | 0.01446 | 0.01446 | 0.01446 | 0.01446 | 0.00620 | 0.00620 | 0.00620 | 0.00620 
293 (h=3; 1,2,1,2)            | 0.42857 | 0.18367 | 0.18367 | 0.07872 | 0.07872 | 0.07872 | 0.03374 | 0.03374 | 0.03374 | 0.03374 | 0.01446 | 0.01446 | 0.01446 | 0.01446 | 0.00620 | 0.00620 | 0.00620 | 0.00620 


--- Hybrid Probability Table for Node u = 51 ---
--- Metatorus Structure (n=4, k=3), Torus Probability (Denominator 2*n-1) ---

Incoming Neighbor b           | (1,1)   | (1,2)   | (2,2)   | (1,3)   | (2,3)   | (3,3)   | (1,4)   | (2,4)   | (3,4)   | (4,4)   | (1,5)   | (2,5)   | (3,5)   | (4,5)   | (1,6)   | (2,6)   | (3,6)   | (4,6)   
------------------------------+----------+----------+----------+----------+----------+----------+----------+----------+----------+----------+----------+----------+----------+----------+----------+----------+----------+----------
78 (h=0; 2,2,2,0)             | 0.42857 | 0.18367 | 0.18367 | 0.07872 | 0.07872 | 0.07872 | 0.03374 | 0.03374 | 0.03374 | 0.03374 | 0.01446 | 0.01446 | 0.01446 | 0.01446 | 0.00620 | 0.00620 | 0.00620 | 0.00620 
24 (h=0; 0,2,2,0)             | 0.42857 | 0.18367 | 0.18367 | 0.07872 | 0.07872 | 0.07872 | 0.03374 | 0.03374 | 0.03374 | 0.03374 | 0.01446 | 0.01446 | 0.01446 | 0.01446 | 0.00620 | 0.00620 | 0.00620 | 0.00620 
132 (h=1; 1,2,2,0)            | 0.42857 | 0.18367 | 0.18367 | 0.07872 | 0.07872 | 0.07872 | 0.03374 | 0.03374 | 0.03374 | 0.03374 | 0.01446 | 0.01446 | 0.01446 | 0.01446 | 0.00620 | 0.00620 | 0.00620 | 0.00620 
294 (h=3; 1,2,2,0)            | 0.42857 | 0.18367 | 0.18367 | 0.07872 | 0.07872 | 0.07872 | 0.03374 | 0.03374 | 0.03374 | 0.03374 | 0.01446 | 0.01446 | 0.01446 | 0.01446 | 0.00620 | 0.00620 | 0.00620 | 0.00620 


--- Hybrid Probability Table for Node u = 52 ---
--- Metatorus Structure (n=4, k=3), Torus Probability (Denominator 2*n-1) ---

Incoming Neighbor b           | (1,1)   | (1,2)   | (2,2)   | (1,3)   | (2,3)   | (3,3)   | (1,4)   | (2,4)   | (3,4)   | (4,4)   | (1,5)   | (2,5)   | (3,5)   | (4,5)   | (1,6)   | (2,6)   | (3,6)   | (4,6)   
------------------------------+----------+----------+----------+----------+----------+----------+----------+----------+----------+----------+----------+----------+----------+----------+----------+----------+----------+----------
79 (h=0; 2,2,2,1)             | 0.42857 | 0.18367 | 0.18367 | 0.07872 | 0.07872 | 0.07872 | 0.03374 | 0.03374 | 0.03374 | 0.03374 | 0.01446 | 0.01446 | 0.01446 | 0.01446 | 0.00620 | 0.00620 | 0.00620 | 0.00620 
25 (h=0; 0,2,2,1)             | 0.42857 | 0.18367 | 0.18367 | 0.07872 | 0.07872 | 0.07872 | 0.03374 | 0.03374 | 0.03374 | 0.03374 | 0.01446 | 0.01446 | 0.01446 | 0.01446 | 0.00620 | 0.00620 | 0.00620 | 0.00620 
133 (h=1; 1,2,2,1)            | 0.42857 | 0.18367 | 0.18367 | 0.07872 | 0.07872 | 0.07872 | 0.03374 | 0.03374 | 0.03374 | 0.03374 | 0.01446 | 0.01446 | 0.01446 | 0.01446 | 0.00620 | 0.00620 | 0.00620 | 0.00620 
295 (h=3; 1,2,2,1)            | 0.42857 | 0.18367 | 0.18367 | 0.07872 | 0.07872 | 0.07872 | 0.03374 | 0.03374 | 0.03374 | 0.03374 | 0.01446 | 0.01446 | 0.01446 | 0.01446 | 0.00620 | 0.00620 | 0.00620 | 0.00620 


--- Hybrid Probability Table for Node u = 53 ---
--- Metatorus Structure (n=4, k=3), Torus Probability (Denominator 2*n-1) ---

Incoming Neighbor b           | (1,1)   | (1,2)   | (2,2)   | (1,3)   | (2,3)   | (3,3)   | (1,4)   | (2,4)   | (3,4)   | (4,4)   | (1,5)   | (2,5)   | (3,5)   | (4,5)   | (1,6)   | (2,6)   | (3,6)   | (4,6)   
------------------------------+----------+----------+----------+----------+----------+----------+----------+----------+----------+----------+----------+----------+----------+----------+----------+----------+----------+----------
80 (h=0; 2,2,2,2)             | 0.42857 | 0.18367 | 0.18367 | 0.07872 | 0.07872 | 0.07872 | 0.03374 | 0.03374 | 0.03374 | 0.03374 | 0.01446 | 0.01446 | 0.01446 | 0.01446 | 0.00620 | 0.00620 | 0.00620 | 0.00620 
26 (h=0; 0,2,2,2)             | 0.42857 | 0.18367 | 0.18367 | 0.07872 | 0.07872 | 0.07872 | 0.03374 | 0.03374 | 0.03374 | 0.03374 | 0.01446 | 0.01446 | 0.01446 | 0.01446 | 0.00620 | 0.00620 | 0.00620 | 0.00620 
134 (h=1; 1,2,2,2)            | 0.42857 | 0.18367 | 0.18367 | 0.07872 | 0.07872 | 0.07872 | 0.03374 | 0.03374 | 0.03374 | 0.03374 | 0.01446 | 0.01446 | 0.01446 | 0.01446 | 0.00620 | 0.00620 | 0.00620 | 0.00620 
296 (h=3; 1,2,2,2)            | 0.42857 | 0.18367 | 0.18367 | 0.07872 | 0.07872 | 0.07872 | 0.03374 | 0.03374 | 0.03374 | 0.03374 | 0.01446 | 0.01446 | 0.01446 | 0.01446 | 0.00620 | 0.00620 | 0.00620 | 0.00620 


--- Hybrid Probability Table for Node u = 54 ---
--- Metatorus Structure (n=4, k=3), Torus Probability (Denominator 2*n-1) ---

Incoming Neighbor b           | (1,1)   | (1,2)   | (2,2)   | (1,3)   | (2,3)   | (3,3)   | (1,4)   | (2,4)   | (3,4)   | (4,4)   | (1,5)   | (2,5)   | (3,5)   | (4,5)   | (1,6)   | (2,6)   | (3,6)   | (4,6)   
------------------------------+----------+----------+----------+----------+----------+----------+----------+----------+----------+----------+----------+----------+----------+----------+----------+----------+----------+----------
0 (h=0; 0,0,0,0)              | 0.42857 | 0.18367 | 0.18367 | 0.07872 | 0.07872 | 0.07872 | 0.03374 | 0.03374 | 0.03374 | 0.03374 | 0.01446 | 0.01446 | 0.01446 | 0.01446 | 0.00620 | 0.00620 | 0.00620 | 0.00620 
27 (h=0; 1,0,0,0)             | 0.42857 | 0.18367 | 0.18367 | 0.07872 | 0.07872 | 0.07872 | 0.03374 | 0.03374 | 0.03374 | 0.03374 | 0.01446 | 0.01446 | 0.01446 | 0.01446 | 0.00620 | 0.00620 | 0.00620 | 0.00620 
135 (h=1; 2,0,0,0)            | 0.42857 | 0.18367 | 0.18367 | 0.07872 | 0.07872 | 0.07872 | 0.03374 | 0.03374 | 0.03374 | 0.03374 | 0.01446 | 0.01446 | 0.01446 | 0.01446 | 0.00620 | 0.00620 | 0.00620 | 0.00620 
297 (h=3; 2,0,0,0)            | 0.42857 | 0.18367 | 0.18367 | 0.07872 | 0.07872 | 0.07872 | 0.03374 | 0.03374 | 0.03374 | 0.03374 | 0.01446 | 0.01446 | 0.01446 | 0.01446 | 0.00620 | 0.00620 | 0.00620 | 0.00620 


--- Hybrid Probability Table for Node u = 55 ---
--- Metatorus Structure (n=4, k=3), Torus Probability (Denominator 2*n-1) ---

Incoming Neighbor b           | (1,1)   | (1,2)   | (2,2)   | (1,3)   | (2,3)   | (3,3)   | (1,4)   | (2,4)   | (3,4)   | (4,4)   | (1,5)   | (2,5)   | (3,5)   | (4,5)   | (1,6)   | (2,6)   | (3,6)   | (4,6)   
------------------------------+----------+----------+----------+----------+----------+----------+----------+----------+----------+----------+----------+----------+----------+----------+----------+----------+----------+----------
1 (h=0; 0,0,0,1)              | 0.42857 | 0.18367 | 0.18367 | 0.07872 | 0.07872 | 0.07872 | 0.03374 | 0.03374 | 0.03374 | 0.03374 | 0.01446 | 0.01446 | 0.01446 | 0.01446 | 0.00620 | 0.00620 | 0.00620 | 0.00620 
28 (h=0; 1,0,0,1)             | 0.42857 | 0.18367 | 0.18367 | 0.07872 | 0.07872 | 0.07872 | 0.03374 | 0.03374 | 0.03374 | 0.03374 | 0.01446 | 0.01446 | 0.01446 | 0.01446 | 0.00620 | 0.00620 | 0.00620 | 0.00620 
136 (h=1; 2,0,0,1)            | 0.42857 | 0.18367 | 0.18367 | 0.07872 | 0.07872 | 0.07872 | 0.03374 | 0.03374 | 0.03374 | 0.03374 | 0.01446 | 0.01446 | 0.01446 | 0.01446 | 0.00620 | 0.00620 | 0.00620 | 0.00620 
298 (h=3; 2,0,0,1)            | 0.42857 | 0.18367 | 0.18367 | 0.07872 | 0.07872 | 0.07872 | 0.03374 | 0.03374 | 0.03374 | 0.03374 | 0.01446 | 0.01446 | 0.01446 | 0.01446 | 0.00620 | 0.00620 | 0.00620 | 0.00620 


--- Hybrid Probability Table for Node u = 56 ---
--- Metatorus Structure (n=4, k=3), Torus Probability (Denominator 2*n-1) ---

Incoming Neighbor b           | (1,1)   | (1,2)   | (2,2)   | (1,3)   | (2,3)   | (3,3)   | (1,4)   | (2,4)   | (3,4)   | (4,4)   | (1,5)   | (2,5)   | (3,5)   | (4,5)   | (1,6)   | (2,6)   | (3,6)   | (4,6)   
------------------------------+----------+----------+----------+----------+----------+----------+----------+----------+----------+----------+----------+----------+----------+----------+----------+----------+----------+----------
2 (h=0; 0,0,0,2)              | 0.42857 | 0.18367 | 0.18367 | 0.07872 | 0.07872 | 0.07872 | 0.03374 | 0.03374 | 0.03374 | 0.03374 | 0.01446 | 0.01446 | 0.01446 | 0.01446 | 0.00620 | 0.00620 | 0.00620 | 0.00620 
29 (h=0; 1,0,0,2)             | 0.42857 | 0.18367 | 0.18367 | 0.07872 | 0.07872 | 0.07872 | 0.03374 | 0.03374 | 0.03374 | 0.03374 | 0.01446 | 0.01446 | 0.01446 | 0.01446 | 0.00620 | 0.00620 | 0.00620 | 0.00620 
137 (h=1; 2,0,0,2)            | 0.42857 | 0.18367 | 0.18367 | 0.07872 | 0.07872 | 0.07872 | 0.03374 | 0.03374 | 0.03374 | 0.03374 | 0.01446 | 0.01446 | 0.01446 | 0.01446 | 0.00620 | 0.00620 | 0.00620 | 0.00620 
299 (h=3; 2,0,0,2)            | 0.42857 | 0.18367 | 0.18367 | 0.07872 | 0.07872 | 0.07872 | 0.03374 | 0.03374 | 0.03374 | 0.03374 | 0.01446 | 0.01446 | 0.01446 | 0.01446 | 0.00620 | 0.00620 | 0.00620 | 0.00620 


--- Hybrid Probability Table for Node u = 57 ---
--- Metatorus Structure (n=4, k=3), Torus Probability (Denominator 2*n-1) ---

Incoming Neighbor b           | (1,1)   | (1,2)   | (2,2)   | (1,3)   | (2,3)   | (3,3)   | (1,4)   | (2,4)   | (3,4)   | (4,4)   | (1,5)   | (2,5)   | (3,5)   | (4,5)   | (1,6)   | (2,6)   | (3,6)   | (4,6)   
------------------------------+----------+----------+----------+----------+----------+----------+----------+----------+----------+----------+----------+----------+----------+----------+----------+----------+----------+----------
3 (h=0; 0,0,1,0)              | 0.42857 | 0.18367 | 0.18367 | 0.07872 | 0.07872 | 0.07872 | 0.03374 | 0.03374 | 0.03374 | 0.03374 | 0.01446 | 0.01446 | 0.01446 | 0.01446 | 0.00620 | 0.00620 | 0.00620 | 0.00620 
30 (h=0; 1,0,1,0)             | 0.42857 | 0.18367 | 0.18367 | 0.07872 | 0.07872 | 0.07872 | 0.03374 | 0.03374 | 0.03374 | 0.03374 | 0.01446 | 0.01446 | 0.01446 | 0.01446 | 0.00620 | 0.00620 | 0.00620 | 0.00620 
138 (h=1; 2,0,1,0)            | 0.42857 | 0.18367 | 0.18367 | 0.07872 | 0.07872 | 0.07872 | 0.03374 | 0.03374 | 0.03374 | 0.03374 | 0.01446 | 0.01446 | 0.01446 | 0.01446 | 0.00620 | 0.00620 | 0.00620 | 0.00620 
300 (h=3; 2,0,1,0)            | 0.42857 | 0.18367 | 0.18367 | 0.07872 | 0.07872 | 0.07872 | 0.03374 | 0.03374 | 0.03374 | 0.03374 | 0.01446 | 0.01446 | 0.01446 | 0.01446 | 0.00620 | 0.00620 | 0.00620 | 0.00620 


--- Hybrid Probability Table for Node u = 58 ---
--- Metatorus Structure (n=4, k=3), Torus Probability (Denominator 2*n-1) ---

Incoming Neighbor b           | (1,1)   | (1,2)   | (2,2)   | (1,3)   | (2,3)   | (3,3)   | (1,4)   | (2,4)   | (3,4)   | (4,4)   | (1,5)   | (2,5)   | (3,5)   | (4,5)   | (1,6)   | (2,6)   | (3,6)   | (4,6)   
------------------------------+----------+----------+----------+----------+----------+----------+----------+----------+----------+----------+----------+----------+----------+----------+----------+----------+----------+----------
4 (h=0; 0,0,1,1)              | 0.42857 | 0.18367 | 0.18367 | 0.07872 | 0.07872 | 0.07872 | 0.03374 | 0.03374 | 0.03374 | 0.03374 | 0.01446 | 0.01446 | 0.01446 | 0.01446 | 0.00620 | 0.00620 | 0.00620 | 0.00620 
31 (h=0; 1,0,1,1)             | 0.42857 | 0.18367 | 0.18367 | 0.07872 | 0.07872 | 0.07872 | 0.03374 | 0.03374 | 0.03374 | 0.03374 | 0.01446 | 0.01446 | 0.01446 | 0.01446 | 0.00620 | 0.00620 | 0.00620 | 0.00620 
139 (h=1; 2,0,1,1)            | 0.42857 | 0.18367 | 0.18367 | 0.07872 | 0.07872 | 0.07872 | 0.03374 | 0.03374 | 0.03374 | 0.03374 | 0.01446 | 0.01446 | 0.01446 | 0.01446 | 0.00620 | 0.00620 | 0.00620 | 0.00620 
301 (h=3; 2,0,1,1)            | 0.42857 | 0.18367 | 0.18367 | 0.07872 | 0.07872 | 0.07872 | 0.03374 | 0.03374 | 0.03374 | 0.03374 | 0.01446 | 0.01446 | 0.01446 | 0.01446 | 0.00620 | 0.00620 | 0.00620 | 0.00620 


--- Hybrid Probability Table for Node u = 59 ---
--- Metatorus Structure (n=4, k=3), Torus Probability (Denominator 2*n-1) ---

Incoming Neighbor b           | (1,1)   | (1,2)   | (2,2)   | (1,3)   | (2,3)   | (3,3)   | (1,4)   | (2,4)   | (3,4)   | (4,4)   | (1,5)   | (2,5)   | (3,5)   | (4,5)   | (1,6)   | (2,6)   | (3,6)   | (4,6)   
------------------------------+----------+----------+----------+----------+----------+----------+----------+----------+----------+----------+----------+----------+----------+----------+----------+----------+----------+----------
5 (h=0; 0,0,1,2)              | 0.42857 | 0.18367 | 0.18367 | 0.07872 | 0.07872 | 0.07872 | 0.03374 | 0.03374 | 0.03374 | 0.03374 | 0.01446 | 0.01446 | 0.01446 | 0.01446 | 0.00620 | 0.00620 | 0.00620 | 0.00620 
32 (h=0; 1,0,1,2)             | 0.42857 | 0.18367 | 0.18367 | 0.07872 | 0.07872 | 0.07872 | 0.03374 | 0.03374 | 0.03374 | 0.03374 | 0.01446 | 0.01446 | 0.01446 | 0.01446 | 0.00620 | 0.00620 | 0.00620 | 0.00620 
140 (h=1; 2,0,1,2)            | 0.42857 | 0.18367 | 0.18367 | 0.07872 | 0.07872 | 0.07872 | 0.03374 | 0.03374 | 0.03374 | 0.03374 | 0.01446 | 0.01446 | 0.01446 | 0.01446 | 0.00620 | 0.00620 | 0.00620 | 0.00620 
302 (h=3; 2,0,1,2)            | 0.42857 | 0.18367 | 0.18367 | 0.07872 | 0.07872 | 0.07872 | 0.03374 | 0.03374 | 0.03374 | 0.03374 | 0.01446 | 0.01446 | 0.01446 | 0.01446 | 0.00620 | 0.00620 | 0.00620 | 0.00620 


--- Hybrid Probability Table for Node u = 60 ---
--- Metatorus Structure (n=4, k=3), Torus Probability (Denominator 2*n-1) ---

Incoming Neighbor b           | (1,1)   | (1,2)   | (2,2)   | (1,3)   | (2,3)   | (3,3)   | (1,4)   | (2,4)   | (3,4)   | (4,4)   | (1,5)   | (2,5)   | (3,5)   | (4,5)   | (1,6)   | (2,6)   | (3,6)   | (4,6)   
------------------------------+----------+----------+----------+----------+----------+----------+----------+----------+----------+----------+----------+----------+----------+----------+----------+----------+----------+----------
6 (h=0; 0,0,2,0)              | 0.42857 | 0.18367 | 0.18367 | 0.07872 | 0.07872 | 0.07872 | 0.03374 | 0.03374 | 0.03374 | 0.03374 | 0.01446 | 0.01446 | 0.01446 | 0.01446 | 0.00620 | 0.00620 | 0.00620 | 0.00620 
33 (h=0; 1,0,2,0)             | 0.42857 | 0.18367 | 0.18367 | 0.07872 | 0.07872 | 0.07872 | 0.03374 | 0.03374 | 0.03374 | 0.03374 | 0.01446 | 0.01446 | 0.01446 | 0.01446 | 0.00620 | 0.00620 | 0.00620 | 0.00620 
141 (h=1; 2,0,2,0)            | 0.42857 | 0.18367 | 0.18367 | 0.07872 | 0.07872 | 0.07872 | 0.03374 | 0.03374 | 0.03374 | 0.03374 | 0.01446 | 0.01446 | 0.01446 | 0.01446 | 0.00620 | 0.00620 | 0.00620 | 0.00620 
303 (h=3; 2,0,2,0)            | 0.42857 | 0.18367 | 0.18367 | 0.07872 | 0.07872 | 0.07872 | 0.03374 | 0.03374 | 0.03374 | 0.03374 | 0.01446 | 0.01446 | 0.01446 | 0.01446 | 0.00620 | 0.00620 | 0.00620 | 0.00620 


--- Hybrid Probability Table for Node u = 61 ---
--- Metatorus Structure (n=4, k=3), Torus Probability (Denominator 2*n-1) ---

Incoming Neighbor b           | (1,1)   | (1,2)   | (2,2)   | (1,3)   | (2,3)   | (3,3)   | (1,4)   | (2,4)   | (3,4)   | (4,4)   | (1,5)   | (2,5)   | (3,5)   | (4,5)   | (1,6)   | (2,6)   | (3,6)   | (4,6)   
------------------------------+----------+----------+----------+----------+----------+----------+----------+----------+----------+----------+----------+----------+----------+----------+----------+----------+----------+----------
7 (h=0; 0,0,2,1)              | 0.42857 | 0.18367 | 0.18367 | 0.07872 | 0.07872 | 0.07872 | 0.03374 | 0.03374 | 0.03374 | 0.03374 | 0.01446 | 0.01446 | 0.01446 | 0.01446 | 0.00620 | 0.00620 | 0.00620 | 0.00620 
34 (h=0; 1,0,2,1)             | 0.42857 | 0.18367 | 0.18367 | 0.07872 | 0.07872 | 0.07872 | 0.03374 | 0.03374 | 0.03374 | 0.03374 | 0.01446 | 0.01446 | 0.01446 | 0.01446 | 0.00620 | 0.00620 | 0.00620 | 0.00620 
142 (h=1; 2,0,2,1)            | 0.42857 | 0.18367 | 0.18367 | 0.07872 | 0.07872 | 0.07872 | 0.03374 | 0.03374 | 0.03374 | 0.03374 | 0.01446 | 0.01446 | 0.01446 | 0.01446 | 0.00620 | 0.00620 | 0.00620 | 0.00620 
304 (h=3; 2,0,2,1)            | 0.42857 | 0.18367 | 0.18367 | 0.07872 | 0.07872 | 0.07872 | 0.03374 | 0.03374 | 0.03374 | 0.03374 | 0.01446 | 0.01446 | 0.01446 | 0.01446 | 0.00620 | 0.00620 | 0.00620 | 0.00620 


--- Hybrid Probability Table for Node u = 62 ---
--- Metatorus Structure (n=4, k=3), Torus Probability (Denominator 2*n-1) ---

Incoming Neighbor b           | (1,1)   | (1,2)   | (2,2)   | (1,3)   | (2,3)   | (3,3)   | (1,4)   | (2,4)   | (3,4)   | (4,4)   | (1,5)   | (2,5)   | (3,5)   | (4,5)   | (1,6)   | (2,6)   | (3,6)   | (4,6)   
------------------------------+----------+----------+----------+----------+----------+----------+----------+----------+----------+----------+----------+----------+----------+----------+----------+----------+----------+----------
8 (h=0; 0,0,2,2)              | 0.42857 | 0.18367 | 0.18367 | 0.07872 | 0.07872 | 0.07872 | 0.03374 | 0.03374 | 0.03374 | 0.03374 | 0.01446 | 0.01446 | 0.01446 | 0.01446 | 0.00620 | 0.00620 | 0.00620 | 0.00620 
35 (h=0; 1,0,2,2)             | 0.42857 | 0.18367 | 0.18367 | 0.07872 | 0.07872 | 0.07872 | 0.03374 | 0.03374 | 0.03374 | 0.03374 | 0.01446 | 0.01446 | 0.01446 | 0.01446 | 0.00620 | 0.00620 | 0.00620 | 0.00620 
143 (h=1; 2,0,2,2)            | 0.42857 | 0.18367 | 0.18367 | 0.07872 | 0.07872 | 0.07872 | 0.03374 | 0.03374 | 0.03374 | 0.03374 | 0.01446 | 0.01446 | 0.01446 | 0.01446 | 0.00620 | 0.00620 | 0.00620 | 0.00620 
305 (h=3; 2,0,2,2)            | 0.42857 | 0.18367 | 0.18367 | 0.07872 | 0.07872 | 0.07872 | 0.03374 | 0.03374 | 0.03374 | 0.03374 | 0.01446 | 0.01446 | 0.01446 | 0.01446 | 0.00620 | 0.00620 | 0.00620 | 0.00620 


--- Hybrid Probability Table for Node u = 63 ---
--- Metatorus Structure (n=4, k=3), Torus Probability (Denominator 2*n-1) ---

Incoming Neighbor b           | (1,1)   | (1,2)   | (2,2)   | (1,3)   | (2,3)   | (3,3)   | (1,4)   | (2,4)   | (3,4)   | (4,4)   | (1,5)   | (2,5)   | (3,5)   | (4,5)   | (1,6)   | (2,6)   | (3,6)   | (4,6)   
------------------------------+----------+----------+----------+----------+----------+----------+----------+----------+----------+----------+----------+----------+----------+----------+----------+----------+----------+----------
9 (h=0; 0,1,0,0)              | 0.42857 | 0.18367 | 0.18367 | 0.07872 | 0.07872 | 0.07872 | 0.03374 | 0.03374 | 0.03374 | 0.03374 | 0.01446 | 0.01446 | 0.01446 | 0.01446 | 0.00620 | 0.00620 | 0.00620 | 0.00620 
36 (h=0; 1,1,0,0)             | 0.42857 | 0.18367 | 0.18367 | 0.07872 | 0.07872 | 0.07872 | 0.03374 | 0.03374 | 0.03374 | 0.03374 | 0.01446 | 0.01446 | 0.01446 | 0.01446 | 0.00620 | 0.00620 | 0.00620 | 0.00620 
144 (h=1; 2,1,0,0)            | 0.42857 | 0.18367 | 0.18367 | 0.07872 | 0.07872 | 0.07872 | 0.03374 | 0.03374 | 0.03374 | 0.03374 | 0.01446 | 0.01446 | 0.01446 | 0.01446 | 0.00620 | 0.00620 | 0.00620 | 0.00620 
306 (h=3; 2,1,0,0)            | 0.42857 | 0.18367 | 0.18367 | 0.07872 | 0.07872 | 0.07872 | 0.03374 | 0.03374 | 0.03374 | 0.03374 | 0.01446 | 0.01446 | 0.01446 | 0.01446 | 0.00620 | 0.00620 | 0.00620 | 0.00620 


--- Hybrid Probability Table for Node u = 64 ---
--- Metatorus Structure (n=4, k=3), Torus Probability (Denominator 2*n-1) ---

Incoming Neighbor b           | (1,1)   | (1,2)   | (2,2)   | (1,3)   | (2,3)   | (3,3)   | (1,4)   | (2,4)   | (3,4)   | (4,4)   | (1,5)   | (2,5)   | (3,5)   | (4,5)   | (1,6)   | (2,6)   | (3,6)   | (4,6)   
------------------------------+----------+----------+----------+----------+----------+----------+----------+----------+----------+----------+----------+----------+----------+----------+----------+----------+----------+----------
10 (h=0; 0,1,0,1)             | 0.42857 | 0.18367 | 0.18367 | 0.07872 | 0.07872 | 0.07872 | 0.03374 | 0.03374 | 0.03374 | 0.03374 | 0.01446 | 0.01446 | 0.01446 | 0.01446 | 0.00620 | 0.00620 | 0.00620 | 0.00620 
37 (h=0; 1,1,0,1)             | 0.42857 | 0.18367 | 0.18367 | 0.07872 | 0.07872 | 0.07872 | 0.03374 | 0.03374 | 0.03374 | 0.03374 | 0.01446 | 0.01446 | 0.01446 | 0.01446 | 0.00620 | 0.00620 | 0.00620 | 0.00620 
145 (h=1; 2,1,0,1)            | 0.42857 | 0.18367 | 0.18367 | 0.07872 | 0.07872 | 0.07872 | 0.03374 | 0.03374 | 0.03374 | 0.03374 | 0.01446 | 0.01446 | 0.01446 | 0.01446 | 0.00620 | 0.00620 | 0.00620 | 0.00620 
307 (h=3; 2,1,0,1)            | 0.42857 | 0.18367 | 0.18367 | 0.07872 | 0.07872 | 0.07872 | 0.03374 | 0.03374 | 0.03374 | 0.03374 | 0.01446 | 0.01446 | 0.01446 | 0.01446 | 0.00620 | 0.00620 | 0.00620 | 0.00620 


--- Hybrid Probability Table for Node u = 65 ---
--- Metatorus Structure (n=4, k=3), Torus Probability (Denominator 2*n-1) ---

Incoming Neighbor b           | (1,1)   | (1,2)   | (2,2)   | (1,3)   | (2,3)   | (3,3)   | (1,4)   | (2,4)   | (3,4)   | (4,4)   | (1,5)   | (2,5)   | (3,5)   | (4,5)   | (1,6)   | (2,6)   | (3,6)   | (4,6)   
------------------------------+----------+----------+----------+----------+----------+----------+----------+----------+----------+----------+----------+----------+----------+----------+----------+----------+----------+----------
11 (h=0; 0,1,0,2)             | 0.42857 | 0.18367 | 0.18367 | 0.07872 | 0.07872 | 0.07872 | 0.03374 | 0.03374 | 0.03374 | 0.03374 | 0.01446 | 0.01446 | 0.01446 | 0.01446 | 0.00620 | 0.00620 | 0.00620 | 0.00620 
38 (h=0; 1,1,0,2)             | 0.42857 | 0.18367 | 0.18367 | 0.07872 | 0.07872 | 0.07872 | 0.03374 | 0.03374 | 0.03374 | 0.03374 | 0.01446 | 0.01446 | 0.01446 | 0.01446 | 0.00620 | 0.00620 | 0.00620 | 0.00620 
146 (h=1; 2,1,0,2)            | 0.42857 | 0.18367 | 0.18367 | 0.07872 | 0.07872 | 0.07872 | 0.03374 | 0.03374 | 0.03374 | 0.03374 | 0.01446 | 0.01446 | 0.01446 | 0.01446 | 0.00620 | 0.00620 | 0.00620 | 0.00620 
308 (h=3; 2,1,0,2)            | 0.42857 | 0.18367 | 0.18367 | 0.07872 | 0.07872 | 0.07872 | 0.03374 | 0.03374 | 0.03374 | 0.03374 | 0.01446 | 0.01446 | 0.01446 | 0.01446 | 0.00620 | 0.00620 | 0.00620 | 0.00620 


--- Hybrid Probability Table for Node u = 66 ---
--- Metatorus Structure (n=4, k=3), Torus Probability (Denominator 2*n-1) ---

Incoming Neighbor b           | (1,1)   | (1,2)   | (2,2)   | (1,3)   | (2,3)   | (3,3)   | (1,4)   | (2,4)   | (3,4)   | (4,4)   | (1,5)   | (2,5)   | (3,5)   | (4,5)   | (1,6)   | (2,6)   | (3,6)   | (4,6)   
------------------------------+----------+----------+----------+----------+----------+----------+----------+----------+----------+----------+----------+----------+----------+----------+----------+----------+----------+----------
12 (h=0; 0,1,1,0)             | 0.42857 | 0.18367 | 0.18367 | 0.07872 | 0.07872 | 0.07872 | 0.03374 | 0.03374 | 0.03374 | 0.03374 | 0.01446 | 0.01446 | 0.01446 | 0.01446 | 0.00620 | 0.00620 | 0.00620 | 0.00620 
39 (h=0; 1,1,1,0)             | 0.42857 | 0.18367 | 0.18367 | 0.07872 | 0.07872 | 0.07872 | 0.03374 | 0.03374 | 0.03374 | 0.03374 | 0.01446 | 0.01446 | 0.01446 | 0.01446 | 0.00620 | 0.00620 | 0.00620 | 0.00620 
147 (h=1; 2,1,1,0)            | 0.42857 | 0.18367 | 0.18367 | 0.07872 | 0.07872 | 0.07872 | 0.03374 | 0.03374 | 0.03374 | 0.03374 | 0.01446 | 0.01446 | 0.01446 | 0.01446 | 0.00620 | 0.00620 | 0.00620 | 0.00620 
309 (h=3; 2,1,1,0)            | 0.42857 | 0.18367 | 0.18367 | 0.07872 | 0.07872 | 0.07872 | 0.03374 | 0.03374 | 0.03374 | 0.03374 | 0.01446 | 0.01446 | 0.01446 | 0.01446 | 0.00620 | 0.00620 | 0.00620 | 0.00620 


--- Hybrid Probability Table for Node u = 67 ---
--- Metatorus Structure (n=4, k=3), Torus Probability (Denominator 2*n-1) ---

Incoming Neighbor b           | (1,1)   | (1,2)   | (2,2)   | (1,3)   | (2,3)   | (3,3)   | (1,4)   | (2,4)   | (3,4)   | (4,4)   | (1,5)   | (2,5)   | (3,5)   | (4,5)   | (1,6)   | (2,6)   | (3,6)   | (4,6)   
------------------------------+----------+----------+----------+----------+----------+----------+----------+----------+----------+----------+----------+----------+----------+----------+----------+----------+----------+----------
13 (h=0; 0,1,1,1)             | 0.42857 | 0.18367 | 0.18367 | 0.07872 | 0.07872 | 0.07872 | 0.03374 | 0.03374 | 0.03374 | 0.03374 | 0.01446 | 0.01446 | 0.01446 | 0.01446 | 0.00620 | 0.00620 | 0.00620 | 0.00620 
40 (h=0; 1,1,1,1)             | 0.42857 | 0.18367 | 0.18367 | 0.07872 | 0.07872 | 0.07872 | 0.03374 | 0.03374 | 0.03374 | 0.03374 | 0.01446 | 0.01446 | 0.01446 | 0.01446 | 0.00620 | 0.00620 | 0.00620 | 0.00620 
148 (h=1; 2,1,1,1)            | 0.42857 | 0.18367 | 0.18367 | 0.07872 | 0.07872 | 0.07872 | 0.03374 | 0.03374 | 0.03374 | 0.03374 | 0.01446 | 0.01446 | 0.01446 | 0.01446 | 0.00620 | 0.00620 | 0.00620 | 0.00620 
310 (h=3; 2,1,1,1)            | 0.42857 | 0.18367 | 0.18367 | 0.07872 | 0.07872 | 0.07872 | 0.03374 | 0.03374 | 0.03374 | 0.03374 | 0.01446 | 0.01446 | 0.01446 | 0.01446 | 0.00620 | 0.00620 | 0.00620 | 0.00620 


--- Hybrid Probability Table for Node u = 68 ---
--- Metatorus Structure (n=4, k=3), Torus Probability (Denominator 2*n-1) ---

Incoming Neighbor b           | (1,1)   | (1,2)   | (2,2)   | (1,3)   | (2,3)   | (3,3)   | (1,4)   | (2,4)   | (3,4)   | (4,4)   | (1,5)   | (2,5)   | (3,5)   | (4,5)   | (1,6)   | (2,6)   | (3,6)   | (4,6)   
------------------------------+----------+----------+----------+----------+----------+----------+----------+----------+----------+----------+----------+----------+----------+----------+----------+----------+----------+----------
14 (h=0; 0,1,1,2)             | 0.42857 | 0.18367 | 0.18367 | 0.07872 | 0.07872 | 0.07872 | 0.03374 | 0.03374 | 0.03374 | 0.03374 | 0.01446 | 0.01446 | 0.01446 | 0.01446 | 0.00620 | 0.00620 | 0.00620 | 0.00620 
41 (h=0; 1,1,1,2)             | 0.42857 | 0.18367 | 0.18367 | 0.07872 | 0.07872 | 0.07872 | 0.03374 | 0.03374 | 0.03374 | 0.03374 | 0.01446 | 0.01446 | 0.01446 | 0.01446 | 0.00620 | 0.00620 | 0.00620 | 0.00620 
149 (h=1; 2,1,1,2)            | 0.42857 | 0.18367 | 0.18367 | 0.07872 | 0.07872 | 0.07872 | 0.03374 | 0.03374 | 0.03374 | 0.03374 | 0.01446 | 0.01446 | 0.01446 | 0.01446 | 0.00620 | 0.00620 | 0.00620 | 0.00620 
311 (h=3; 2,1,1,2)            | 0.42857 | 0.18367 | 0.18367 | 0.07872 | 0.07872 | 0.07872 | 0.03374 | 0.03374 | 0.03374 | 0.03374 | 0.01446 | 0.01446 | 0.01446 | 0.01446 | 0.00620 | 0.00620 | 0.00620 | 0.00620 


--- Hybrid Probability Table for Node u = 69 ---
--- Metatorus Structure (n=4, k=3), Torus Probability (Denominator 2*n-1) ---

Incoming Neighbor b           | (1,1)   | (1,2)   | (2,2)   | (1,3)   | (2,3)   | (3,3)   | (1,4)   | (2,4)   | (3,4)   | (4,4)   | (1,5)   | (2,5)   | (3,5)   | (4,5)   | (1,6)   | (2,6)   | (3,6)   | (4,6)   
------------------------------+----------+----------+----------+----------+----------+----------+----------+----------+----------+----------+----------+----------+----------+----------+----------+----------+----------+----------
15 (h=0; 0,1,2,0)             | 0.42857 | 0.18367 | 0.18367 | 0.07872 | 0.07872 | 0.07872 | 0.03374 | 0.03374 | 0.03374 | 0.03374 | 0.01446 | 0.01446 | 0.01446 | 0.01446 | 0.00620 | 0.00620 | 0.00620 | 0.00620 
42 (h=0; 1,1,2,0)             | 0.42857 | 0.18367 | 0.18367 | 0.07872 | 0.07872 | 0.07872 | 0.03374 | 0.03374 | 0.03374 | 0.03374 | 0.01446 | 0.01446 | 0.01446 | 0.01446 | 0.00620 | 0.00620 | 0.00620 | 0.00620 
150 (h=1; 2,1,2,0)            | 0.42857 | 0.18367 | 0.18367 | 0.07872 | 0.07872 | 0.07872 | 0.03374 | 0.03374 | 0.03374 | 0.03374 | 0.01446 | 0.01446 | 0.01446 | 0.01446 | 0.00620 | 0.00620 | 0.00620 | 0.00620 
312 (h=3; 2,1,2,0)            | 0.42857 | 0.18367 | 0.18367 | 0.07872 | 0.07872 | 0.07872 | 0.03374 | 0.03374 | 0.03374 | 0.03374 | 0.01446 | 0.01446 | 0.01446 | 0.01446 | 0.00620 | 0.00620 | 0.00620 | 0.00620 


--- Hybrid Probability Table for Node u = 70 ---
--- Metatorus Structure (n=4, k=3), Torus Probability (Denominator 2*n-1) ---

Incoming Neighbor b           | (1,1)   | (1,2)   | (2,2)   | (1,3)   | (2,3)   | (3,3)   | (1,4)   | (2,4)   | (3,4)   | (4,4)   | (1,5)   | (2,5)   | (3,5)   | (4,5)   | (1,6)   | (2,6)   | (3,6)   | (4,6)   
------------------------------+----------+----------+----------+----------+----------+----------+----------+----------+----------+----------+----------+----------+----------+----------+----------+----------+----------+----------
16 (h=0; 0,1,2,1)             | 0.42857 | 0.18367 | 0.18367 | 0.07872 | 0.07872 | 0.07872 | 0.03374 | 0.03374 | 0.03374 | 0.03374 | 0.01446 | 0.01446 | 0.01446 | 0.01446 | 0.00620 | 0.00620 | 0.00620 | 0.00620 
43 (h=0; 1,1,2,1)             | 0.42857 | 0.18367 | 0.18367 | 0.07872 | 0.07872 | 0.07872 | 0.03374 | 0.03374 | 0.03374 | 0.03374 | 0.01446 | 0.01446 | 0.01446 | 0.01446 | 0.00620 | 0.00620 | 0.00620 | 0.00620 
151 (h=1; 2,1,2,1)            | 0.42857 | 0.18367 | 0.18367 | 0.07872 | 0.07872 | 0.07872 | 0.03374 | 0.03374 | 0.03374 | 0.03374 | 0.01446 | 0.01446 | 0.01446 | 0.01446 | 0.00620 | 0.00620 | 0.00620 | 0.00620 
313 (h=3; 2,1,2,1)            | 0.42857 | 0.18367 | 0.18367 | 0.07872 | 0.07872 | 0.07872 | 0.03374 | 0.03374 | 0.03374 | 0.03374 | 0.01446 | 0.01446 | 0.01446 | 0.01446 | 0.00620 | 0.00620 | 0.00620 | 0.00620 


--- Hybrid Probability Table for Node u = 71 ---
--- Metatorus Structure (n=4, k=3), Torus Probability (Denominator 2*n-1) ---

Incoming Neighbor b           | (1,1)   | (1,2)   | (2,2)   | (1,3)   | (2,3)   | (3,3)   | (1,4)   | (2,4)   | (3,4)   | (4,4)   | (1,5)   | (2,5)   | (3,5)   | (4,5)   | (1,6)   | (2,6)   | (3,6)   | (4,6)   
------------------------------+----------+----------+----------+----------+----------+----------+----------+----------+----------+----------+----------+----------+----------+----------+----------+----------+----------+----------
17 (h=0; 0,1,2,2)             | 0.42857 | 0.18367 | 0.18367 | 0.07872 | 0.07872 | 0.07872 | 0.03374 | 0.03374 | 0.03374 | 0.03374 | 0.01446 | 0.01446 | 0.01446 | 0.01446 | 0.00620 | 0.00620 | 0.00620 | 0.00620 
44 (h=0; 1,1,2,2)             | 0.42857 | 0.18367 | 0.18367 | 0.07872 | 0.07872 | 0.07872 | 0.03374 | 0.03374 | 0.03374 | 0.03374 | 0.01446 | 0.01446 | 0.01446 | 0.01446 | 0.00620 | 0.00620 | 0.00620 | 0.00620 
152 (h=1; 2,1,2,2)            | 0.42857 | 0.18367 | 0.18367 | 0.07872 | 0.07872 | 0.07872 | 0.03374 | 0.03374 | 0.03374 | 0.03374 | 0.01446 | 0.01446 | 0.01446 | 0.01446 | 0.00620 | 0.00620 | 0.00620 | 0.00620 
314 (h=3; 2,1,2,2)            | 0.42857 | 0.18367 | 0.18367 | 0.07872 | 0.07872 | 0.07872 | 0.03374 | 0.03374 | 0.03374 | 0.03374 | 0.01446 | 0.01446 | 0.01446 | 0.01446 | 0.00620 | 0.00620 | 0.00620 | 0.00620 


--- Hybrid Probability Table for Node u = 72 ---
--- Metatorus Structure (n=4, k=3), Torus Probability (Denominator 2*n-1) ---

Incoming Neighbor b           | (1,1)   | (1,2)   | (2,2)   | (1,3)   | (2,3)   | (3,3)   | (1,4)   | (2,4)   | (3,4)   | (4,4)   | (1,5)   | (2,5)   | (3,5)   | (4,5)   | (1,6)   | (2,6)   | (3,6)   | (4,6)   
------------------------------+----------+----------+----------+----------+----------+----------+----------+----------+----------+----------+----------+----------+----------+----------+----------+----------+----------+----------
18 (h=0; 0,2,0,0)             | 0.42857 | 0.18367 | 0.18367 | 0.07872 | 0.07872 | 0.07872 | 0.03374 | 0.03374 | 0.03374 | 0.03374 | 0.01446 | 0.01446 | 0.01446 | 0.01446 | 0.00620 | 0.00620 | 0.00620 | 0.00620 
45 (h=0; 1,2,0,0)             | 0.42857 | 0.18367 | 0.18367 | 0.07872 | 0.07872 | 0.07872 | 0.03374 | 0.03374 | 0.03374 | 0.03374 | 0.01446 | 0.01446 | 0.01446 | 0.01446 | 0.00620 | 0.00620 | 0.00620 | 0.00620 
153 (h=1; 2,2,0,0)            | 0.42857 | 0.18367 | 0.18367 | 0.07872 | 0.07872 | 0.07872 | 0.03374 | 0.03374 | 0.03374 | 0.03374 | 0.01446 | 0.01446 | 0.01446 | 0.01446 | 0.00620 | 0.00620 | 0.00620 | 0.00620 
315 (h=3; 2,2,0,0)            | 0.42857 | 0.18367 | 0.18367 | 0.07872 | 0.07872 | 0.07872 | 0.03374 | 0.03374 | 0.03374 | 0.03374 | 0.01446 | 0.01446 | 0.01446 | 0.01446 | 0.00620 | 0.00620 | 0.00620 | 0.00620 


--- Hybrid Probability Table for Node u = 73 ---
--- Metatorus Structure (n=4, k=3), Torus Probability (Denominator 2*n-1) ---

Incoming Neighbor b           | (1,1)   | (1,2)   | (2,2)   | (1,3)   | (2,3)   | (3,3)   | (1,4)   | (2,4)   | (3,4)   | (4,4)   | (1,5)   | (2,5)   | (3,5)   | (4,5)   | (1,6)   | (2,6)   | (3,6)   | (4,6)   
------------------------------+----------+----------+----------+----------+----------+----------+----------+----------+----------+----------+----------+----------+----------+----------+----------+----------+----------+----------
19 (h=0; 0,2,0,1)             | 0.42857 | 0.18367 | 0.18367 | 0.07872 | 0.07872 | 0.07872 | 0.03374 | 0.03374 | 0.03374 | 0.03374 | 0.01446 | 0.01446 | 0.01446 | 0.01446 | 0.00620 | 0.00620 | 0.00620 | 0.00620 
46 (h=0; 1,2,0,1)             | 0.42857 | 0.18367 | 0.18367 | 0.07872 | 0.07872 | 0.07872 | 0.03374 | 0.03374 | 0.03374 | 0.03374 | 0.01446 | 0.01446 | 0.01446 | 0.01446 | 0.00620 | 0.00620 | 0.00620 | 0.00620 
154 (h=1; 2,2,0,1)            | 0.42857 | 0.18367 | 0.18367 | 0.07872 | 0.07872 | 0.07872 | 0.03374 | 0.03374 | 0.03374 | 0.03374 | 0.01446 | 0.01446 | 0.01446 | 0.01446 | 0.00620 | 0.00620 | 0.00620 | 0.00620 
316 (h=3; 2,2,0,1)            | 0.42857 | 0.18367 | 0.18367 | 0.07872 | 0.07872 | 0.07872 | 0.03374 | 0.03374 | 0.03374 | 0.03374 | 0.01446 | 0.01446 | 0.01446 | 0.01446 | 0.00620 | 0.00620 | 0.00620 | 0.00620 


--- Hybrid Probability Table for Node u = 74 ---
--- Metatorus Structure (n=4, k=3), Torus Probability (Denominator 2*n-1) ---

Incoming Neighbor b           | (1,1)   | (1,2)   | (2,2)   | (1,3)   | (2,3)   | (3,3)   | (1,4)   | (2,4)   | (3,4)   | (4,4)   | (1,5)   | (2,5)   | (3,5)   | (4,5)   | (1,6)   | (2,6)   | (3,6)   | (4,6)   
------------------------------+----------+----------+----------+----------+----------+----------+----------+----------+----------+----------+----------+----------+----------+----------+----------+----------+----------+----------
20 (h=0; 0,2,0,2)             | 0.42857 | 0.18367 | 0.18367 | 0.07872 | 0.07872 | 0.07872 | 0.03374 | 0.03374 | 0.03374 | 0.03374 | 0.01446 | 0.01446 | 0.01446 | 0.01446 | 0.00620 | 0.00620 | 0.00620 | 0.00620 
47 (h=0; 1,2,0,2)             | 0.42857 | 0.18367 | 0.18367 | 0.07872 | 0.07872 | 0.07872 | 0.03374 | 0.03374 | 0.03374 | 0.03374 | 0.01446 | 0.01446 | 0.01446 | 0.01446 | 0.00620 | 0.00620 | 0.00620 | 0.00620 
155 (h=1; 2,2,0,2)            | 0.42857 | 0.18367 | 0.18367 | 0.07872 | 0.07872 | 0.07872 | 0.03374 | 0.03374 | 0.03374 | 0.03374 | 0.01446 | 0.01446 | 0.01446 | 0.01446 | 0.00620 | 0.00620 | 0.00620 | 0.00620 
317 (h=3; 2,2,0,2)            | 0.42857 | 0.18367 | 0.18367 | 0.07872 | 0.07872 | 0.07872 | 0.03374 | 0.03374 | 0.03374 | 0.03374 | 0.01446 | 0.01446 | 0.01446 | 0.01446 | 0.00620 | 0.00620 | 0.00620 | 0.00620 


--- Hybrid Probability Table for Node u = 75 ---
--- Metatorus Structure (n=4, k=3), Torus Probability (Denominator 2*n-1) ---

Incoming Neighbor b           | (1,1)   | (1,2)   | (2,2)   | (1,3)   | (2,3)   | (3,3)   | (1,4)   | (2,4)   | (3,4)   | (4,4)   | (1,5)   | (2,5)   | (3,5)   | (4,5)   | (1,6)   | (2,6)   | (3,6)   | (4,6)   
------------------------------+----------+----------+----------+----------+----------+----------+----------+----------+----------+----------+----------+----------+----------+----------+----------+----------+----------+----------
21 (h=0; 0,2,1,0)             | 0.42857 | 0.18367 | 0.18367 | 0.07872 | 0.07872 | 0.07872 | 0.03374 | 0.03374 | 0.03374 | 0.03374 | 0.01446 | 0.01446 | 0.01446 | 0.01446 | 0.00620 | 0.00620 | 0.00620 | 0.00620 
48 (h=0; 1,2,1,0)             | 0.42857 | 0.18367 | 0.18367 | 0.07872 | 0.07872 | 0.07872 | 0.03374 | 0.03374 | 0.03374 | 0.03374 | 0.01446 | 0.01446 | 0.01446 | 0.01446 | 0.00620 | 0.00620 | 0.00620 | 0.00620 
156 (h=1; 2,2,1,0)            | 0.42857 | 0.18367 | 0.18367 | 0.07872 | 0.07872 | 0.07872 | 0.03374 | 0.03374 | 0.03374 | 0.03374 | 0.01446 | 0.01446 | 0.01446 | 0.01446 | 0.00620 | 0.00620 | 0.00620 | 0.00620 
318 (h=3; 2,2,1,0)            | 0.42857 | 0.18367 | 0.18367 | 0.07872 | 0.07872 | 0.07872 | 0.03374 | 0.03374 | 0.03374 | 0.03374 | 0.01446 | 0.01446 | 0.01446 | 0.01446 | 0.00620 | 0.00620 | 0.00620 | 0.00620 


--- Hybrid Probability Table for Node u = 76 ---
--- Metatorus Structure (n=4, k=3), Torus Probability (Denominator 2*n-1) ---

Incoming Neighbor b           | (1,1)   | (1,2)   | (2,2)   | (1,3)   | (2,3)   | (3,3)   | (1,4)   | (2,4)   | (3,4)   | (4,4)   | (1,5)   | (2,5)   | (3,5)   | (4,5)   | (1,6)   | (2,6)   | (3,6)   | (4,6)   
------------------------------+----------+----------+----------+----------+----------+----------+----------+----------+----------+----------+----------+----------+----------+----------+----------+----------+----------+----------
22 (h=0; 0,2,1,1)             | 0.42857 | 0.18367 | 0.18367 | 0.07872 | 0.07872 | 0.07872 | 0.03374 | 0.03374 | 0.03374 | 0.03374 | 0.01446 | 0.01446 | 0.01446 | 0.01446 | 0.00620 | 0.00620 | 0.00620 | 0.00620 
49 (h=0; 1,2,1,1)             | 0.42857 | 0.18367 | 0.18367 | 0.07872 | 0.07872 | 0.07872 | 0.03374 | 0.03374 | 0.03374 | 0.03374 | 0.01446 | 0.01446 | 0.01446 | 0.01446 | 0.00620 | 0.00620 | 0.00620 | 0.00620 
157 (h=1; 2,2,1,1)            | 0.42857 | 0.18367 | 0.18367 | 0.07872 | 0.07872 | 0.07872 | 0.03374 | 0.03374 | 0.03374 | 0.03374 | 0.01446 | 0.01446 | 0.01446 | 0.01446 | 0.00620 | 0.00620 | 0.00620 | 0.00620 
319 (h=3; 2,2,1,1)            | 0.42857 | 0.18367 | 0.18367 | 0.07872 | 0.07872 | 0.07872 | 0.03374 | 0.03374 | 0.03374 | 0.03374 | 0.01446 | 0.01446 | 0.01446 | 0.01446 | 0.00620 | 0.00620 | 0.00620 | 0.00620 


--- Hybrid Probability Table for Node u = 77 ---
--- Metatorus Structure (n=4, k=3), Torus Probability (Denominator 2*n-1) ---

Incoming Neighbor b           | (1,1)   | (1,2)   | (2,2)   | (1,3)   | (2,3)   | (3,3)   | (1,4)   | (2,4)   | (3,4)   | (4,4)   | (1,5)   | (2,5)   | (3,5)   | (4,5)   | (1,6)   | (2,6)   | (3,6)   | (4,6)   
------------------------------+----------+----------+----------+----------+----------+----------+----------+----------+----------+----------+----------+----------+----------+----------+----------+----------+----------+----------
23 (h=0; 0,2,1,2)             | 0.42857 | 0.18367 | 0.18367 | 0.07872 | 0.07872 | 0.07872 | 0.03374 | 0.03374 | 0.03374 | 0.03374 | 0.01446 | 0.01446 | 0.01446 | 0.01446 | 0.00620 | 0.00620 | 0.00620 | 0.00620 
50 (h=0; 1,2,1,2)             | 0.42857 | 0.18367 | 0.18367 | 0.07872 | 0.07872 | 0.07872 | 0.03374 | 0.03374 | 0.03374 | 0.03374 | 0.01446 | 0.01446 | 0.01446 | 0.01446 | 0.00620 | 0.00620 | 0.00620 | 0.00620 
158 (h=1; 2,2,1,2)            | 0.42857 | 0.18367 | 0.18367 | 0.07872 | 0.07872 | 0.07872 | 0.03374 | 0.03374 | 0.03374 | 0.03374 | 0.01446 | 0.01446 | 0.01446 | 0.01446 | 0.00620 | 0.00620 | 0.00620 | 0.00620 
320 (h=3; 2,2,1,2)            | 0.42857 | 0.18367 | 0.18367 | 0.07872 | 0.07872 | 0.07872 | 0.03374 | 0.03374 | 0.03374 | 0.03374 | 0.01446 | 0.01446 | 0.01446 | 0.01446 | 0.00620 | 0.00620 | 0.00620 | 0.00620 


--- Hybrid Probability Table for Node u = 78 ---
--- Metatorus Structure (n=4, k=3), Torus Probability (Denominator 2*n-1) ---

Incoming Neighbor b           | (1,1)   | (1,2)   | (2,2)   | (1,3)   | (2,3)   | (3,3)   | (1,4)   | (2,4)   | (3,4)   | (4,4)   | (1,5)   | (2,5)   | (3,5)   | (4,5)   | (1,6)   | (2,6)   | (3,6)   | (4,6)   
------------------------------+----------+----------+----------+----------+----------+----------+----------+----------+----------+----------+----------+----------+----------+----------+----------+----------+----------+----------
24 (h=0; 0,2,2,0)             | 0.42857 | 0.18367 | 0.18367 | 0.07872 | 0.07872 | 0.07872 | 0.03374 | 0.03374 | 0.03374 | 0.03374 | 0.01446 | 0.01446 | 0.01446 | 0.01446 | 0.00620 | 0.00620 | 0.00620 | 0.00620 
51 (h=0; 1,2,2,0)             | 0.42857 | 0.18367 | 0.18367 | 0.07872 | 0.07872 | 0.07872 | 0.03374 | 0.03374 | 0.03374 | 0.03374 | 0.01446 | 0.01446 | 0.01446 | 0.01446 | 0.00620 | 0.00620 | 0.00620 | 0.00620 
159 (h=1; 2,2,2,0)            | 0.42857 | 0.18367 | 0.18367 | 0.07872 | 0.07872 | 0.07872 | 0.03374 | 0.03374 | 0.03374 | 0.03374 | 0.01446 | 0.01446 | 0.01446 | 0.01446 | 0.00620 | 0.00620 | 0.00620 | 0.00620 
321 (h=3; 2,2,2,0)            | 0.42857 | 0.18367 | 0.18367 | 0.07872 | 0.07872 | 0.07872 | 0.03374 | 0.03374 | 0.03374 | 0.03374 | 0.01446 | 0.01446 | 0.01446 | 0.01446 | 0.00620 | 0.00620 | 0.00620 | 0.00620 


--- Hybrid Probability Table for Node u = 79 ---
--- Metatorus Structure (n=4, k=3), Torus Probability (Denominator 2*n-1) ---

Incoming Neighbor b           | (1,1)   | (1,2)   | (2,2)   | (1,3)   | (2,3)   | (3,3)   | (1,4)   | (2,4)   | (3,4)   | (4,4)   | (1,5)   | (2,5)   | (3,5)   | (4,5)   | (1,6)   | (2,6)   | (3,6)   | (4,6)   
------------------------------+----------+----------+----------+----------+----------+----------+----------+----------+----------+----------+----------+----------+----------+----------+----------+----------+----------+----------
25 (h=0; 0,2,2,1)             | 0.42857 | 0.18367 | 0.18367 | 0.07872 | 0.07872 | 0.07872 | 0.03374 | 0.03374 | 0.03374 | 0.03374 | 0.01446 | 0.01446 | 0.01446 | 0.01446 | 0.00620 | 0.00620 | 0.00620 | 0.00620 
52 (h=0; 1,2,2,1)             | 0.42857 | 0.18367 | 0.18367 | 0.07872 | 0.07872 | 0.07872 | 0.03374 | 0.03374 | 0.03374 | 0.03374 | 0.01446 | 0.01446 | 0.01446 | 0.01446 | 0.00620 | 0.00620 | 0.00620 | 0.00620 
160 (h=1; 2,2,2,1)            | 0.42857 | 0.18367 | 0.18367 | 0.07872 | 0.07872 | 0.07872 | 0.03374 | 0.03374 | 0.03374 | 0.03374 | 0.01446 | 0.01446 | 0.01446 | 0.01446 | 0.00620 | 0.00620 | 0.00620 | 0.00620 
322 (h=3; 2,2,2,1)            | 0.42857 | 0.18367 | 0.18367 | 0.07872 | 0.07872 | 0.07872 | 0.03374 | 0.03374 | 0.03374 | 0.03374 | 0.01446 | 0.01446 | 0.01446 | 0.01446 | 0.00620 | 0.00620 | 0.00620 | 0.00620 


--- Hybrid Probability Table for Node u = 80 ---
--- Metatorus Structure (n=4, k=3), Torus Probability (Denominator 2*n-1) ---

Incoming Neighbor b           | (1,1)   | (1,2)   | (2,2)   | (1,3)   | (2,3)   | (3,3)   | (1,4)   | (2,4)   | (3,4)   | (4,4)   | (1,5)   | (2,5)   | (3,5)   | (4,5)   | (1,6)   | (2,6)   | (3,6)   | (4,6)   
------------------------------+----------+----------+----------+----------+----------+----------+----------+----------+----------+----------+----------+----------+----------+----------+----------+----------+----------+----------
26 (h=0; 0,2,2,2)             | 0.42857 | 0.18367 | 0.18367 | 0.07872 | 0.07872 | 0.07872 | 0.03374 | 0.03374 | 0.03374 | 0.03374 | 0.01446 | 0.01446 | 0.01446 | 0.01446 | 0.00620 | 0.00620 | 0.00620 | 0.00620 
53 (h=0; 1,2,2,2)             | 0.42857 | 0.18367 | 0.18367 | 0.07872 | 0.07872 | 0.07872 | 0.03374 | 0.03374 | 0.03374 | 0.03374 | 0.01446 | 0.01446 | 0.01446 | 0.01446 | 0.00620 | 0.00620 | 0.00620 | 0.00620 
161 (h=1; 2,2,2,2)            | 0.42857 | 0.18367 | 0.18367 | 0.07872 | 0.07872 | 0.07872 | 0.03374 | 0.03374 | 0.03374 | 0.03374 | 0.01446 | 0.01446 | 0.01446 | 0.01446 | 0.00620 | 0.00620 | 0.00620 | 0.00620 
323 (h=3; 2,2,2,2)            | 0.42857 | 0.18367 | 0.18367 | 0.07872 | 0.07872 | 0.07872 | 0.03374 | 0.03374 | 0.03374 | 0.03374 | 0.01446 | 0.01446 | 0.01446 | 0.01446 | 0.00620 | 0.00620 | 0.00620 | 0.00620 


--- Hybrid Probability Table for Node u = 81 ---
--- Metatorus Structure (n=4, k=3), Torus Probability (Denominator 2*n-1) ---

Incoming Neighbor b           | (1,1)   | (1,2)   | (2,2)   | (1,3)   | (2,3)   | (3,3)   | (1,4)   | (2,4)   | (3,4)   | (4,4)   | (1,5)   | (2,5)   | (3,5)   | (4,5)   | (1,6)   | (2,6)   | (3,6)   | (4,6)   
------------------------------+----------+----------+----------+----------+----------+----------+----------+----------+----------+----------+----------+----------+----------+----------+----------+----------+----------+----------
90 (h=1; 0,1,0,0)             | 0.42857 | 0.18367 | 0.18367 | 0.07872 | 0.07872 | 0.07872 | 0.03374 | 0.03374 | 0.03374 | 0.03374 | 0.01446 | 0.01446 | 0.01446 | 0.01446 | 0.00620 | 0.00620 | 0.00620 | 0.00620 
99 (h=1; 0,2,0,0)             | 0.42857 | 0.18367 | 0.18367 | 0.07872 | 0.07872 | 0.07872 | 0.03374 | 0.03374 | 0.03374 | 0.03374 | 0.01446 | 0.01446 | 0.01446 | 0.01446 | 0.00620 | 0.00620 | 0.00620 | 0.00620 
162 (h=2; 0,0,0,0)            | 0.42857 | 0.18367 | 0.18367 | 0.07872 | 0.07872 | 0.07872 | 0.03374 | 0.03374 | 0.03374 | 0.03374 | 0.01446 | 0.01446 | 0.01446 | 0.01446 | 0.00620 | 0.00620 | 0.00620 | 0.00620 
0 (h=0; 0,0,0,0)              | 0.42857 | 0.18367 | 0.18367 | 0.07872 | 0.07872 | 0.07872 | 0.03374 | 0.03374 | 0.03374 | 0.03374 | 0.01446 | 0.01446 | 0.01446 | 0.01446 | 0.00620 | 0.00620 | 0.00620 | 0.00620 


--- Hybrid Probability Table for Node u = 82 ---
--- Metatorus Structure (n=4, k=3), Torus Probability (Denominator 2*n-1) ---

Incoming Neighbor b           | (1,1)   | (1,2)   | (2,2)   | (1,3)   | (2,3)   | (3,3)   | (1,4)   | (2,4)   | (3,4)   | (4,4)   | (1,5)   | (2,5)   | (3,5)   | (4,5)   | (1,6)   | (2,6)   | (3,6)   | (4,6)   
------------------------------+----------+----------+----------+----------+----------+----------+----------+----------+----------+----------+----------+----------+----------+----------+----------+----------+----------+----------
91 (h=1; 0,1,0,1)             | 0.42857 | 0.18367 | 0.18367 | 0.07872 | 0.07872 | 0.07872 | 0.03374 | 0.03374 | 0.03374 | 0.03374 | 0.01446 | 0.01446 | 0.01446 | 0.01446 | 0.00620 | 0.00620 | 0.00620 | 0.00620 
100 (h=1; 0,2,0,1)            | 0.42857 | 0.18367 | 0.18367 | 0.07872 | 0.07872 | 0.07872 | 0.03374 | 0.03374 | 0.03374 | 0.03374 | 0.01446 | 0.01446 | 0.01446 | 0.01446 | 0.00620 | 0.00620 | 0.00620 | 0.00620 
163 (h=2; 0,0,0,1)            | 0.42857 | 0.18367 | 0.18367 | 0.07872 | 0.07872 | 0.07872 | 0.03374 | 0.03374 | 0.03374 | 0.03374 | 0.01446 | 0.01446 | 0.01446 | 0.01446 | 0.00620 | 0.00620 | 0.00620 | 0.00620 
1 (h=0; 0,0,0,1)              | 0.42857 | 0.18367 | 0.18367 | 0.07872 | 0.07872 | 0.07872 | 0.03374 | 0.03374 | 0.03374 | 0.03374 | 0.01446 | 0.01446 | 0.01446 | 0.01446 | 0.00620 | 0.00620 | 0.00620 | 0.00620 


--- Hybrid Probability Table for Node u = 83 ---
--- Metatorus Structure (n=4, k=3), Torus Probability (Denominator 2*n-1) ---

Incoming Neighbor b           | (1,1)   | (1,2)   | (2,2)   | (1,3)   | (2,3)   | (3,3)   | (1,4)   | (2,4)   | (3,4)   | (4,4)   | (1,5)   | (2,5)   | (3,5)   | (4,5)   | (1,6)   | (2,6)   | (3,6)   | (4,6)   
------------------------------+----------+----------+----------+----------+----------+----------+----------+----------+----------+----------+----------+----------+----------+----------+----------+----------+----------+----------
92 (h=1; 0,1,0,2)             | 0.42857 | 0.18367 | 0.18367 | 0.07872 | 0.07872 | 0.07872 | 0.03374 | 0.03374 | 0.03374 | 0.03374 | 0.01446 | 0.01446 | 0.01446 | 0.01446 | 0.00620 | 0.00620 | 0.00620 | 0.00620 
101 (h=1; 0,2,0,2)            | 0.42857 | 0.18367 | 0.18367 | 0.07872 | 0.07872 | 0.07872 | 0.03374 | 0.03374 | 0.03374 | 0.03374 | 0.01446 | 0.01446 | 0.01446 | 0.01446 | 0.00620 | 0.00620 | 0.00620 | 0.00620 
164 (h=2; 0,0,0,2)            | 0.42857 | 0.18367 | 0.18367 | 0.07872 | 0.07872 | 0.07872 | 0.03374 | 0.03374 | 0.03374 | 0.03374 | 0.01446 | 0.01446 | 0.01446 | 0.01446 | 0.00620 | 0.00620 | 0.00620 | 0.00620 
2 (h=0; 0,0,0,2)              | 0.42857 | 0.18367 | 0.18367 | 0.07872 | 0.07872 | 0.07872 | 0.03374 | 0.03374 | 0.03374 | 0.03374 | 0.01446 | 0.01446 | 0.01446 | 0.01446 | 0.00620 | 0.00620 | 0.00620 | 0.00620 


--- Hybrid Probability Table for Node u = 84 ---
--- Metatorus Structure (n=4, k=3), Torus Probability (Denominator 2*n-1) ---

Incoming Neighbor b           | (1,1)   | (1,2)   | (2,2)   | (1,3)   | (2,3)   | (3,3)   | (1,4)   | (2,4)   | (3,4)   | (4,4)   | (1,5)   | (2,5)   | (3,5)   | (4,5)   | (1,6)   | (2,6)   | (3,6)   | (4,6)   
------------------------------+----------+----------+----------+----------+----------+----------+----------+----------+----------+----------+----------+----------+----------+----------+----------+----------+----------+----------
93 (h=1; 0,1,1,0)             | 0.42857 | 0.18367 | 0.18367 | 0.07872 | 0.07872 | 0.07872 | 0.03374 | 0.03374 | 0.03374 | 0.03374 | 0.01446 | 0.01446 | 0.01446 | 0.01446 | 0.00620 | 0.00620 | 0.00620 | 0.00620 
102 (h=1; 0,2,1,0)            | 0.42857 | 0.18367 | 0.18367 | 0.07872 | 0.07872 | 0.07872 | 0.03374 | 0.03374 | 0.03374 | 0.03374 | 0.01446 | 0.01446 | 0.01446 | 0.01446 | 0.00620 | 0.00620 | 0.00620 | 0.00620 
165 (h=2; 0,0,1,0)            | 0.42857 | 0.18367 | 0.18367 | 0.07872 | 0.07872 | 0.07872 | 0.03374 | 0.03374 | 0.03374 | 0.03374 | 0.01446 | 0.01446 | 0.01446 | 0.01446 | 0.00620 | 0.00620 | 0.00620 | 0.00620 
3 (h=0; 0,0,1,0)              | 0.42857 | 0.18367 | 0.18367 | 0.07872 | 0.07872 | 0.07872 | 0.03374 | 0.03374 | 0.03374 | 0.03374 | 0.01446 | 0.01446 | 0.01446 | 0.01446 | 0.00620 | 0.00620 | 0.00620 | 0.00620 


--- Hybrid Probability Table for Node u = 85 ---
--- Metatorus Structure (n=4, k=3), Torus Probability (Denominator 2*n-1) ---

Incoming Neighbor b           | (1,1)   | (1,2)   | (2,2)   | (1,3)   | (2,3)   | (3,3)   | (1,4)   | (2,4)   | (3,4)   | (4,4)   | (1,5)   | (2,5)   | (3,5)   | (4,5)   | (1,6)   | (2,6)   | (3,6)   | (4,6)   
------------------------------+----------+----------+----------+----------+----------+----------+----------+----------+----------+----------+----------+----------+----------+----------+----------+----------+----------+----------
94 (h=1; 0,1,1,1)             | 0.42857 | 0.18367 | 0.18367 | 0.07872 | 0.07872 | 0.07872 | 0.03374 | 0.03374 | 0.03374 | 0.03374 | 0.01446 | 0.01446 | 0.01446 | 0.01446 | 0.00620 | 0.00620 | 0.00620 | 0.00620 
103 (h=1; 0,2,1,1)            | 0.42857 | 0.18367 | 0.18367 | 0.07872 | 0.07872 | 0.07872 | 0.03374 | 0.03374 | 0.03374 | 0.03374 | 0.01446 | 0.01446 | 0.01446 | 0.01446 | 0.00620 | 0.00620 | 0.00620 | 0.00620 
166 (h=2; 0,0,1,1)            | 0.42857 | 0.18367 | 0.18367 | 0.07872 | 0.07872 | 0.07872 | 0.03374 | 0.03374 | 0.03374 | 0.03374 | 0.01446 | 0.01446 | 0.01446 | 0.01446 | 0.00620 | 0.00620 | 0.00620 | 0.00620 
4 (h=0; 0,0,1,1)              | 0.42857 | 0.18367 | 0.18367 | 0.07872 | 0.07872 | 0.07872 | 0.03374 | 0.03374 | 0.03374 | 0.03374 | 0.01446 | 0.01446 | 0.01446 | 0.01446 | 0.00620 | 0.00620 | 0.00620 | 0.00620 


--- Hybrid Probability Table for Node u = 86 ---
--- Metatorus Structure (n=4, k=3), Torus Probability (Denominator 2*n-1) ---

Incoming Neighbor b           | (1,1)   | (1,2)   | (2,2)   | (1,3)   | (2,3)   | (3,3)   | (1,4)   | (2,4)   | (3,4)   | (4,4)   | (1,5)   | (2,5)   | (3,5)   | (4,5)   | (1,6)   | (2,6)   | (3,6)   | (4,6)   
------------------------------+----------+----------+----------+----------+----------+----------+----------+----------+----------+----------+----------+----------+----------+----------+----------+----------+----------+----------
95 (h=1; 0,1,1,2)             | 0.42857 | 0.18367 | 0.18367 | 0.07872 | 0.07872 | 0.07872 | 0.03374 | 0.03374 | 0.03374 | 0.03374 | 0.01446 | 0.01446 | 0.01446 | 0.01446 | 0.00620 | 0.00620 | 0.00620 | 0.00620 
104 (h=1; 0,2,1,2)            | 0.42857 | 0.18367 | 0.18367 | 0.07872 | 0.07872 | 0.07872 | 0.03374 | 0.03374 | 0.03374 | 0.03374 | 0.01446 | 0.01446 | 0.01446 | 0.01446 | 0.00620 | 0.00620 | 0.00620 | 0.00620 
167 (h=2; 0,0,1,2)            | 0.42857 | 0.18367 | 0.18367 | 0.07872 | 0.07872 | 0.07872 | 0.03374 | 0.03374 | 0.03374 | 0.03374 | 0.01446 | 0.01446 | 0.01446 | 0.01446 | 0.00620 | 0.00620 | 0.00620 | 0.00620 
5 (h=0; 0,0,1,2)              | 0.42857 | 0.18367 | 0.18367 | 0.07872 | 0.07872 | 0.07872 | 0.03374 | 0.03374 | 0.03374 | 0.03374 | 0.01446 | 0.01446 | 0.01446 | 0.01446 | 0.00620 | 0.00620 | 0.00620 | 0.00620 


--- Hybrid Probability Table for Node u = 87 ---
--- Metatorus Structure (n=4, k=3), Torus Probability (Denominator 2*n-1) ---

Incoming Neighbor b           | (1,1)   | (1,2)   | (2,2)   | (1,3)   | (2,3)   | (3,3)   | (1,4)   | (2,4)   | (3,4)   | (4,4)   | (1,5)   | (2,5)   | (3,5)   | (4,5)   | (1,6)   | (2,6)   | (3,6)   | (4,6)   
------------------------------+----------+----------+----------+----------+----------+----------+----------+----------+----------+----------+----------+----------+----------+----------+----------+----------+----------+----------
96 (h=1; 0,1,2,0)             | 0.42857 | 0.18367 | 0.18367 | 0.07872 | 0.07872 | 0.07872 | 0.03374 | 0.03374 | 0.03374 | 0.03374 | 0.01446 | 0.01446 | 0.01446 | 0.01446 | 0.00620 | 0.00620 | 0.00620 | 0.00620 
105 (h=1; 0,2,2,0)            | 0.42857 | 0.18367 | 0.18367 | 0.07872 | 0.07872 | 0.07872 | 0.03374 | 0.03374 | 0.03374 | 0.03374 | 0.01446 | 0.01446 | 0.01446 | 0.01446 | 0.00620 | 0.00620 | 0.00620 | 0.00620 
168 (h=2; 0,0,2,0)            | 0.42857 | 0.18367 | 0.18367 | 0.07872 | 0.07872 | 0.07872 | 0.03374 | 0.03374 | 0.03374 | 0.03374 | 0.01446 | 0.01446 | 0.01446 | 0.01446 | 0.00620 | 0.00620 | 0.00620 | 0.00620 
6 (h=0; 0,0,2,0)              | 0.42857 | 0.18367 | 0.18367 | 0.07872 | 0.07872 | 0.07872 | 0.03374 | 0.03374 | 0.03374 | 0.03374 | 0.01446 | 0.01446 | 0.01446 | 0.01446 | 0.00620 | 0.00620 | 0.00620 | 0.00620 


--- Hybrid Probability Table for Node u = 88 ---
--- Metatorus Structure (n=4, k=3), Torus Probability (Denominator 2*n-1) ---

Incoming Neighbor b           | (1,1)   | (1,2)   | (2,2)   | (1,3)   | (2,3)   | (3,3)   | (1,4)   | (2,4)   | (3,4)   | (4,4)   | (1,5)   | (2,5)   | (3,5)   | (4,5)   | (1,6)   | (2,6)   | (3,6)   | (4,6)   
------------------------------+----------+----------+----------+----------+----------+----------+----------+----------+----------+----------+----------+----------+----------+----------+----------+----------+----------+----------
97 (h=1; 0,1,2,1)             | 0.42857 | 0.18367 | 0.18367 | 0.07872 | 0.07872 | 0.07872 | 0.03374 | 0.03374 | 0.03374 | 0.03374 | 0.01446 | 0.01446 | 0.01446 | 0.01446 | 0.00620 | 0.00620 | 0.00620 | 0.00620 
106 (h=1; 0,2,2,1)            | 0.42857 | 0.18367 | 0.18367 | 0.07872 | 0.07872 | 0.07872 | 0.03374 | 0.03374 | 0.03374 | 0.03374 | 0.01446 | 0.01446 | 0.01446 | 0.01446 | 0.00620 | 0.00620 | 0.00620 | 0.00620 
169 (h=2; 0,0,2,1)            | 0.42857 | 0.18367 | 0.18367 | 0.07872 | 0.07872 | 0.07872 | 0.03374 | 0.03374 | 0.03374 | 0.03374 | 0.01446 | 0.01446 | 0.01446 | 0.01446 | 0.00620 | 0.00620 | 0.00620 | 0.00620 
7 (h=0; 0,0,2,1)              | 0.42857 | 0.18367 | 0.18367 | 0.07872 | 0.07872 | 0.07872 | 0.03374 | 0.03374 | 0.03374 | 0.03374 | 0.01446 | 0.01446 | 0.01446 | 0.01446 | 0.00620 | 0.00620 | 0.00620 | 0.00620 


--- Hybrid Probability Table for Node u = 89 ---
--- Metatorus Structure (n=4, k=3), Torus Probability (Denominator 2*n-1) ---

Incoming Neighbor b           | (1,1)   | (1,2)   | (2,2)   | (1,3)   | (2,3)   | (3,3)   | (1,4)   | (2,4)   | (3,4)   | (4,4)   | (1,5)   | (2,5)   | (3,5)   | (4,5)   | (1,6)   | (2,6)   | (3,6)   | (4,6)   
------------------------------+----------+----------+----------+----------+----------+----------+----------+----------+----------+----------+----------+----------+----------+----------+----------+----------+----------+----------
98 (h=1; 0,1,2,2)             | 0.42857 | 0.18367 | 0.18367 | 0.07872 | 0.07872 | 0.07872 | 0.03374 | 0.03374 | 0.03374 | 0.03374 | 0.01446 | 0.01446 | 0.01446 | 0.01446 | 0.00620 | 0.00620 | 0.00620 | 0.00620 
107 (h=1; 0,2,2,2)            | 0.42857 | 0.18367 | 0.18367 | 0.07872 | 0.07872 | 0.07872 | 0.03374 | 0.03374 | 0.03374 | 0.03374 | 0.01446 | 0.01446 | 0.01446 | 0.01446 | 0.00620 | 0.00620 | 0.00620 | 0.00620 
170 (h=2; 0,0,2,2)            | 0.42857 | 0.18367 | 0.18367 | 0.07872 | 0.07872 | 0.07872 | 0.03374 | 0.03374 | 0.03374 | 0.03374 | 0.01446 | 0.01446 | 0.01446 | 0.01446 | 0.00620 | 0.00620 | 0.00620 | 0.00620 
8 (h=0; 0,0,2,2)              | 0.42857 | 0.18367 | 0.18367 | 0.07872 | 0.07872 | 0.07872 | 0.03374 | 0.03374 | 0.03374 | 0.03374 | 0.01446 | 0.01446 | 0.01446 | 0.01446 | 0.00620 | 0.00620 | 0.00620 | 0.00620 


--- Hybrid Probability Table for Node u = 90 ---
--- Metatorus Structure (n=4, k=3), Torus Probability (Denominator 2*n-1) ---

Incoming Neighbor b           | (1,1)   | (1,2)   | (2,2)   | (1,3)   | (2,3)   | (3,3)   | (1,4)   | (2,4)   | (3,4)   | (4,4)   | (1,5)   | (2,5)   | (3,5)   | (4,5)   | (1,6)   | (2,6)   | (3,6)   | (4,6)   
------------------------------+----------+----------+----------+----------+----------+----------+----------+----------+----------+----------+----------+----------+----------+----------+----------+----------+----------+----------
99 (h=1; 0,2,0,0)             | 0.42857 | 0.18367 | 0.18367 | 0.07872 | 0.07872 | 0.07872 | 0.03374 | 0.03374 | 0.03374 | 0.03374 | 0.01446 | 0.01446 | 0.01446 | 0.01446 | 0.00620 | 0.00620 | 0.00620 | 0.00620 
81 (h=1; 0,0,0,0)             | 0.42857 | 0.18367 | 0.18367 | 0.07872 | 0.07872 | 0.07872 | 0.03374 | 0.03374 | 0.03374 | 0.03374 | 0.01446 | 0.01446 | 0.01446 | 0.01446 | 0.00620 | 0.00620 | 0.00620 | 0.00620 
171 (h=2; 0,1,0,0)            | 0.42857 | 0.18367 | 0.18367 | 0.07872 | 0.07872 | 0.07872 | 0.03374 | 0.03374 | 0.03374 | 0.03374 | 0.01446 | 0.01446 | 0.01446 | 0.01446 | 0.00620 | 0.00620 | 0.00620 | 0.00620 
9 (h=0; 0,1,0,0)              | 0.42857 | 0.18367 | 0.18367 | 0.07872 | 0.07872 | 0.07872 | 0.03374 | 0.03374 | 0.03374 | 0.03374 | 0.01446 | 0.01446 | 0.01446 | 0.01446 | 0.00620 | 0.00620 | 0.00620 | 0.00620 


--- Hybrid Probability Table for Node u = 91 ---
--- Metatorus Structure (n=4, k=3), Torus Probability (Denominator 2*n-1) ---

Incoming Neighbor b           | (1,1)   | (1,2)   | (2,2)   | (1,3)   | (2,3)   | (3,3)   | (1,4)   | (2,4)   | (3,4)   | (4,4)   | (1,5)   | (2,5)   | (3,5)   | (4,5)   | (1,6)   | (2,6)   | (3,6)   | (4,6)   
------------------------------+----------+----------+----------+----------+----------+----------+----------+----------+----------+----------+----------+----------+----------+----------+----------+----------+----------+----------
100 (h=1; 0,2,0,1)            | 0.42857 | 0.18367 | 0.18367 | 0.07872 | 0.07872 | 0.07872 | 0.03374 | 0.03374 | 0.03374 | 0.03374 | 0.01446 | 0.01446 | 0.01446 | 0.01446 | 0.00620 | 0.00620 | 0.00620 | 0.00620 
82 (h=1; 0,0,0,1)             | 0.42857 | 0.18367 | 0.18367 | 0.07872 | 0.07872 | 0.07872 | 0.03374 | 0.03374 | 0.03374 | 0.03374 | 0.01446 | 0.01446 | 0.01446 | 0.01446 | 0.00620 | 0.00620 | 0.00620 | 0.00620 
172 (h=2; 0,1,0,1)            | 0.42857 | 0.18367 | 0.18367 | 0.07872 | 0.07872 | 0.07872 | 0.03374 | 0.03374 | 0.03374 | 0.03374 | 0.01446 | 0.01446 | 0.01446 | 0.01446 | 0.00620 | 0.00620 | 0.00620 | 0.00620 
10 (h=0; 0,1,0,1)             | 0.42857 | 0.18367 | 0.18367 | 0.07872 | 0.07872 | 0.07872 | 0.03374 | 0.03374 | 0.03374 | 0.03374 | 0.01446 | 0.01446 | 0.01446 | 0.01446 | 0.00620 | 0.00620 | 0.00620 | 0.00620 


--- Hybrid Probability Table for Node u = 92 ---
--- Metatorus Structure (n=4, k=3), Torus Probability (Denominator 2*n-1) ---

Incoming Neighbor b           | (1,1)   | (1,2)   | (2,2)   | (1,3)   | (2,3)   | (3,3)   | (1,4)   | (2,4)   | (3,4)   | (4,4)   | (1,5)   | (2,5)   | (3,5)   | (4,5)   | (1,6)   | (2,6)   | (3,6)   | (4,6)   
------------------------------+----------+----------+----------+----------+----------+----------+----------+----------+----------+----------+----------+----------+----------+----------+----------+----------+----------+----------
101 (h=1; 0,2,0,2)            | 0.42857 | 0.18367 | 0.18367 | 0.07872 | 0.07872 | 0.07872 | 0.03374 | 0.03374 | 0.03374 | 0.03374 | 0.01446 | 0.01446 | 0.01446 | 0.01446 | 0.00620 | 0.00620 | 0.00620 | 0.00620 
83 (h=1; 0,0,0,2)             | 0.42857 | 0.18367 | 0.18367 | 0.07872 | 0.07872 | 0.07872 | 0.03374 | 0.03374 | 0.03374 | 0.03374 | 0.01446 | 0.01446 | 0.01446 | 0.01446 | 0.00620 | 0.00620 | 0.00620 | 0.00620 
173 (h=2; 0,1,0,2)            | 0.42857 | 0.18367 | 0.18367 | 0.07872 | 0.07872 | 0.07872 | 0.03374 | 0.03374 | 0.03374 | 0.03374 | 0.01446 | 0.01446 | 0.01446 | 0.01446 | 0.00620 | 0.00620 | 0.00620 | 0.00620 
11 (h=0; 0,1,0,2)             | 0.42857 | 0.18367 | 0.18367 | 0.07872 | 0.07872 | 0.07872 | 0.03374 | 0.03374 | 0.03374 | 0.03374 | 0.01446 | 0.01446 | 0.01446 | 0.01446 | 0.00620 | 0.00620 | 0.00620 | 0.00620 


--- Hybrid Probability Table for Node u = 93 ---
--- Metatorus Structure (n=4, k=3), Torus Probability (Denominator 2*n-1) ---

Incoming Neighbor b           | (1,1)   | (1,2)   | (2,2)   | (1,3)   | (2,3)   | (3,3)   | (1,4)   | (2,4)   | (3,4)   | (4,4)   | (1,5)   | (2,5)   | (3,5)   | (4,5)   | (1,6)   | (2,6)   | (3,6)   | (4,6)   
------------------------------+----------+----------+----------+----------+----------+----------+----------+----------+----------+----------+----------+----------+----------+----------+----------+----------+----------+----------
102 (h=1; 0,2,1,0)            | 0.42857 | 0.18367 | 0.18367 | 0.07872 | 0.07872 | 0.07872 | 0.03374 | 0.03374 | 0.03374 | 0.03374 | 0.01446 | 0.01446 | 0.01446 | 0.01446 | 0.00620 | 0.00620 | 0.00620 | 0.00620 
84 (h=1; 0,0,1,0)             | 0.42857 | 0.18367 | 0.18367 | 0.07872 | 0.07872 | 0.07872 | 0.03374 | 0.03374 | 0.03374 | 0.03374 | 0.01446 | 0.01446 | 0.01446 | 0.01446 | 0.00620 | 0.00620 | 0.00620 | 0.00620 
174 (h=2; 0,1,1,0)            | 0.42857 | 0.18367 | 0.18367 | 0.07872 | 0.07872 | 0.07872 | 0.03374 | 0.03374 | 0.03374 | 0.03374 | 0.01446 | 0.01446 | 0.01446 | 0.01446 | 0.00620 | 0.00620 | 0.00620 | 0.00620 
12 (h=0; 0,1,1,0)             | 0.42857 | 0.18367 | 0.18367 | 0.07872 | 0.07872 | 0.07872 | 0.03374 | 0.03374 | 0.03374 | 0.03374 | 0.01446 | 0.01446 | 0.01446 | 0.01446 | 0.00620 | 0.00620 | 0.00620 | 0.00620 


--- Hybrid Probability Table for Node u = 94 ---
--- Metatorus Structure (n=4, k=3), Torus Probability (Denominator 2*n-1) ---

Incoming Neighbor b           | (1,1)   | (1,2)   | (2,2)   | (1,3)   | (2,3)   | (3,3)   | (1,4)   | (2,4)   | (3,4)   | (4,4)   | (1,5)   | (2,5)   | (3,5)   | (4,5)   | (1,6)   | (2,6)   | (3,6)   | (4,6)   
------------------------------+----------+----------+----------+----------+----------+----------+----------+----------+----------+----------+----------+----------+----------+----------+----------+----------+----------+----------
103 (h=1; 0,2,1,1)            | 0.42857 | 0.18367 | 0.18367 | 0.07872 | 0.07872 | 0.07872 | 0.03374 | 0.03374 | 0.03374 | 0.03374 | 0.01446 | 0.01446 | 0.01446 | 0.01446 | 0.00620 | 0.00620 | 0.00620 | 0.00620 
85 (h=1; 0,0,1,1)             | 0.42857 | 0.18367 | 0.18367 | 0.07872 | 0.07872 | 0.07872 | 0.03374 | 0.03374 | 0.03374 | 0.03374 | 0.01446 | 0.01446 | 0.01446 | 0.01446 | 0.00620 | 0.00620 | 0.00620 | 0.00620 
175 (h=2; 0,1,1,1)            | 0.42857 | 0.18367 | 0.18367 | 0.07872 | 0.07872 | 0.07872 | 0.03374 | 0.03374 | 0.03374 | 0.03374 | 0.01446 | 0.01446 | 0.01446 | 0.01446 | 0.00620 | 0.00620 | 0.00620 | 0.00620 
13 (h=0; 0,1,1,1)             | 0.42857 | 0.18367 | 0.18367 | 0.07872 | 0.07872 | 0.07872 | 0.03374 | 0.03374 | 0.03374 | 0.03374 | 0.01446 | 0.01446 | 0.01446 | 0.01446 | 0.00620 | 0.00620 | 0.00620 | 0.00620 


--- Hybrid Probability Table for Node u = 95 ---
--- Metatorus Structure (n=4, k=3), Torus Probability (Denominator 2*n-1) ---

Incoming Neighbor b           | (1,1)   | (1,2)   | (2,2)   | (1,3)   | (2,3)   | (3,3)   | (1,4)   | (2,4)   | (3,4)   | (4,4)   | (1,5)   | (2,5)   | (3,5)   | (4,5)   | (1,6)   | (2,6)   | (3,6)   | (4,6)   
------------------------------+----------+----------+----------+----------+----------+----------+----------+----------+----------+----------+----------+----------+----------+----------+----------+----------+----------+----------
104 (h=1; 0,2,1,2)            | 0.42857 | 0.18367 | 0.18367 | 0.07872 | 0.07872 | 0.07872 | 0.03374 | 0.03374 | 0.03374 | 0.03374 | 0.01446 | 0.01446 | 0.01446 | 0.01446 | 0.00620 | 0.00620 | 0.00620 | 0.00620 
86 (h=1; 0,0,1,2)             | 0.42857 | 0.18367 | 0.18367 | 0.07872 | 0.07872 | 0.07872 | 0.03374 | 0.03374 | 0.03374 | 0.03374 | 0.01446 | 0.01446 | 0.01446 | 0.01446 | 0.00620 | 0.00620 | 0.00620 | 0.00620 
176 (h=2; 0,1,1,2)            | 0.42857 | 0.18367 | 0.18367 | 0.07872 | 0.07872 | 0.07872 | 0.03374 | 0.03374 | 0.03374 | 0.03374 | 0.01446 | 0.01446 | 0.01446 | 0.01446 | 0.00620 | 0.00620 | 0.00620 | 0.00620 
14 (h=0; 0,1,1,2)             | 0.42857 | 0.18367 | 0.18367 | 0.07872 | 0.07872 | 0.07872 | 0.03374 | 0.03374 | 0.03374 | 0.03374 | 0.01446 | 0.01446 | 0.01446 | 0.01446 | 0.00620 | 0.00620 | 0.00620 | 0.00620 


--- Hybrid Probability Table for Node u = 96 ---
--- Metatorus Structure (n=4, k=3), Torus Probability (Denominator 2*n-1) ---

Incoming Neighbor b           | (1,1)   | (1,2)   | (2,2)   | (1,3)   | (2,3)   | (3,3)   | (1,4)   | (2,4)   | (3,4)   | (4,4)   | (1,5)   | (2,5)   | (3,5)   | (4,5)   | (1,6)   | (2,6)   | (3,6)   | (4,6)   
------------------------------+----------+----------+----------+----------+----------+----------+----------+----------+----------+----------+----------+----------+----------+----------+----------+----------+----------+----------
105 (h=1; 0,2,2,0)            | 0.42857 | 0.18367 | 0.18367 | 0.07872 | 0.07872 | 0.07872 | 0.03374 | 0.03374 | 0.03374 | 0.03374 | 0.01446 | 0.01446 | 0.01446 | 0.01446 | 0.00620 | 0.00620 | 0.00620 | 0.00620 
87 (h=1; 0,0,2,0)             | 0.42857 | 0.18367 | 0.18367 | 0.07872 | 0.07872 | 0.07872 | 0.03374 | 0.03374 | 0.03374 | 0.03374 | 0.01446 | 0.01446 | 0.01446 | 0.01446 | 0.00620 | 0.00620 | 0.00620 | 0.00620 
177 (h=2; 0,1,2,0)            | 0.42857 | 0.18367 | 0.18367 | 0.07872 | 0.07872 | 0.07872 | 0.03374 | 0.03374 | 0.03374 | 0.03374 | 0.01446 | 0.01446 | 0.01446 | 0.01446 | 0.00620 | 0.00620 | 0.00620 | 0.00620 
15 (h=0; 0,1,2,0)             | 0.42857 | 0.18367 | 0.18367 | 0.07872 | 0.07872 | 0.07872 | 0.03374 | 0.03374 | 0.03374 | 0.03374 | 0.01446 | 0.01446 | 0.01446 | 0.01446 | 0.00620 | 0.00620 | 0.00620 | 0.00620 


--- Hybrid Probability Table for Node u = 97 ---
--- Metatorus Structure (n=4, k=3), Torus Probability (Denominator 2*n-1) ---

Incoming Neighbor b           | (1,1)   | (1,2)   | (2,2)   | (1,3)   | (2,3)   | (3,3)   | (1,4)   | (2,4)   | (3,4)   | (4,4)   | (1,5)   | (2,5)   | (3,5)   | (4,5)   | (1,6)   | (2,6)   | (3,6)   | (4,6)   
------------------------------+----------+----------+----------+----------+----------+----------+----------+----------+----------+----------+----------+----------+----------+----------+----------+----------+----------+----------
106 (h=1; 0,2,2,1)            | 0.42857 | 0.18367 | 0.18367 | 0.07872 | 0.07872 | 0.07872 | 0.03374 | 0.03374 | 0.03374 | 0.03374 | 0.01446 | 0.01446 | 0.01446 | 0.01446 | 0.00620 | 0.00620 | 0.00620 | 0.00620 
88 (h=1; 0,0,2,1)             | 0.42857 | 0.18367 | 0.18367 | 0.07872 | 0.07872 | 0.07872 | 0.03374 | 0.03374 | 0.03374 | 0.03374 | 0.01446 | 0.01446 | 0.01446 | 0.01446 | 0.00620 | 0.00620 | 0.00620 | 0.00620 
178 (h=2; 0,1,2,1)            | 0.42857 | 0.18367 | 0.18367 | 0.07872 | 0.07872 | 0.07872 | 0.03374 | 0.03374 | 0.03374 | 0.03374 | 0.01446 | 0.01446 | 0.01446 | 0.01446 | 0.00620 | 0.00620 | 0.00620 | 0.00620 
16 (h=0; 0,1,2,1)             | 0.42857 | 0.18367 | 0.18367 | 0.07872 | 0.07872 | 0.07872 | 0.03374 | 0.03374 | 0.03374 | 0.03374 | 0.01446 | 0.01446 | 0.01446 | 0.01446 | 0.00620 | 0.00620 | 0.00620 | 0.00620 


--- Hybrid Probability Table for Node u = 98 ---
--- Metatorus Structure (n=4, k=3), Torus Probability (Denominator 2*n-1) ---

Incoming Neighbor b           | (1,1)   | (1,2)   | (2,2)   | (1,3)   | (2,3)   | (3,3)   | (1,4)   | (2,4)   | (3,4)   | (4,4)   | (1,5)   | (2,5)   | (3,5)   | (4,5)   | (1,6)   | (2,6)   | (3,6)   | (4,6)   
------------------------------+----------+----------+----------+----------+----------+----------+----------+----------+----------+----------+----------+----------+----------+----------+----------+----------+----------+----------
107 (h=1; 0,2,2,2)            | 0.42857 | 0.18367 | 0.18367 | 0.07872 | 0.07872 | 0.07872 | 0.03374 | 0.03374 | 0.03374 | 0.03374 | 0.01446 | 0.01446 | 0.01446 | 0.01446 | 0.00620 | 0.00620 | 0.00620 | 0.00620 
89 (h=1; 0,0,2,2)             | 0.42857 | 0.18367 | 0.18367 | 0.07872 | 0.07872 | 0.07872 | 0.03374 | 0.03374 | 0.03374 | 0.03374 | 0.01446 | 0.01446 | 0.01446 | 0.01446 | 0.00620 | 0.00620 | 0.00620 | 0.00620 
179 (h=2; 0,1,2,2)            | 0.42857 | 0.18367 | 0.18367 | 0.07872 | 0.07872 | 0.07872 | 0.03374 | 0.03374 | 0.03374 | 0.03374 | 0.01446 | 0.01446 | 0.01446 | 0.01446 | 0.00620 | 0.00620 | 0.00620 | 0.00620 
17 (h=0; 0,1,2,2)             | 0.42857 | 0.18367 | 0.18367 | 0.07872 | 0.07872 | 0.07872 | 0.03374 | 0.03374 | 0.03374 | 0.03374 | 0.01446 | 0.01446 | 0.01446 | 0.01446 | 0.00620 | 0.00620 | 0.00620 | 0.00620 


--- Hybrid Probability Table for Node u = 99 ---
--- Metatorus Structure (n=4, k=3), Torus Probability (Denominator 2*n-1) ---

Incoming Neighbor b           | (1,1)   | (1,2)   | (2,2)   | (1,3)   | (2,3)   | (3,3)   | (1,4)   | (2,4)   | (3,4)   | (4,4)   | (1,5)   | (2,5)   | (3,5)   | (4,5)   | (1,6)   | (2,6)   | (3,6)   | (4,6)   
------------------------------+----------+----------+----------+----------+----------+----------+----------+----------+----------+----------+----------+----------+----------+----------+----------+----------+----------+----------
81 (h=1; 0,0,0,0)             | 0.42857 | 0.18367 | 0.18367 | 0.07872 | 0.07872 | 0.07872 | 0.03374 | 0.03374 | 0.03374 | 0.03374 | 0.01446 | 0.01446 | 0.01446 | 0.01446 | 0.00620 | 0.00620 | 0.00620 | 0.00620 
90 (h=1; 0,1,0,0)             | 0.42857 | 0.18367 | 0.18367 | 0.07872 | 0.07872 | 0.07872 | 0.03374 | 0.03374 | 0.03374 | 0.03374 | 0.01446 | 0.01446 | 0.01446 | 0.01446 | 0.00620 | 0.00620 | 0.00620 | 0.00620 
180 (h=2; 0,2,0,0)            | 0.42857 | 0.18367 | 0.18367 | 0.07872 | 0.07872 | 0.07872 | 0.03374 | 0.03374 | 0.03374 | 0.03374 | 0.01446 | 0.01446 | 0.01446 | 0.01446 | 0.00620 | 0.00620 | 0.00620 | 0.00620 
18 (h=0; 0,2,0,0)             | 0.42857 | 0.18367 | 0.18367 | 0.07872 | 0.07872 | 0.07872 | 0.03374 | 0.03374 | 0.03374 | 0.03374 | 0.01446 | 0.01446 | 0.01446 | 0.01446 | 0.00620 | 0.00620 | 0.00620 | 0.00620 


--- Hybrid Probability Table for Node u = 100 ---
--- Metatorus Structure (n=4, k=3), Torus Probability (Denominator 2*n-1) ---

Incoming Neighbor b           | (1,1)   | (1,2)   | (2,2)   | (1,3)   | (2,3)   | (3,3)   | (1,4)   | (2,4)   | (3,4)   | (4,4)   | (1,5)   | (2,5)   | (3,5)   | (4,5)   | (1,6)   | (2,6)   | (3,6)   | (4,6)   
------------------------------+----------+----------+----------+----------+----------+----------+----------+----------+----------+----------+----------+----------+----------+----------+----------+----------+----------+----------
82 (h=1; 0,0,0,1)             | 0.42857 | 0.18367 | 0.18367 | 0.07872 | 0.07872 | 0.07872 | 0.03374 | 0.03374 | 0.03374 | 0.03374 | 0.01446 | 0.01446 | 0.01446 | 0.01446 | 0.00620 | 0.00620 | 0.00620 | 0.00620 
91 (h=1; 0,1,0,1)             | 0.42857 | 0.18367 | 0.18367 | 0.07872 | 0.07872 | 0.07872 | 0.03374 | 0.03374 | 0.03374 | 0.03374 | 0.01446 | 0.01446 | 0.01446 | 0.01446 | 0.00620 | 0.00620 | 0.00620 | 0.00620 
181 (h=2; 0,2,0,1)            | 0.42857 | 0.18367 | 0.18367 | 0.07872 | 0.07872 | 0.07872 | 0.03374 | 0.03374 | 0.03374 | 0.03374 | 0.01446 | 0.01446 | 0.01446 | 0.01446 | 0.00620 | 0.00620 | 0.00620 | 0.00620 
19 (h=0; 0,2,0,1)             | 0.42857 | 0.18367 | 0.18367 | 0.07872 | 0.07872 | 0.07872 | 0.03374 | 0.03374 | 0.03374 | 0.03374 | 0.01446 | 0.01446 | 0.01446 | 0.01446 | 0.00620 | 0.00620 | 0.00620 | 0.00620 


--- Hybrid Probability Table for Node u = 101 ---
--- Metatorus Structure (n=4, k=3), Torus Probability (Denominator 2*n-1) ---

Incoming Neighbor b           | (1,1)   | (1,2)   | (2,2)   | (1,3)   | (2,3)   | (3,3)   | (1,4)   | (2,4)   | (3,4)   | (4,4)   | (1,5)   | (2,5)   | (3,5)   | (4,5)   | (1,6)   | (2,6)   | (3,6)   | (4,6)   
------------------------------+----------+----------+----------+----------+----------+----------+----------+----------+----------+----------+----------+----------+----------+----------+----------+----------+----------+----------
83 (h=1; 0,0,0,2)             | 0.42857 | 0.18367 | 0.18367 | 0.07872 | 0.07872 | 0.07872 | 0.03374 | 0.03374 | 0.03374 | 0.03374 | 0.01446 | 0.01446 | 0.01446 | 0.01446 | 0.00620 | 0.00620 | 0.00620 | 0.00620 
92 (h=1; 0,1,0,2)             | 0.42857 | 0.18367 | 0.18367 | 0.07872 | 0.07872 | 0.07872 | 0.03374 | 0.03374 | 0.03374 | 0.03374 | 0.01446 | 0.01446 | 0.01446 | 0.01446 | 0.00620 | 0.00620 | 0.00620 | 0.00620 
182 (h=2; 0,2,0,2)            | 0.42857 | 0.18367 | 0.18367 | 0.07872 | 0.07872 | 0.07872 | 0.03374 | 0.03374 | 0.03374 | 0.03374 | 0.01446 | 0.01446 | 0.01446 | 0.01446 | 0.00620 | 0.00620 | 0.00620 | 0.00620 
20 (h=0; 0,2,0,2)             | 0.42857 | 0.18367 | 0.18367 | 0.07872 | 0.07872 | 0.07872 | 0.03374 | 0.03374 | 0.03374 | 0.03374 | 0.01446 | 0.01446 | 0.01446 | 0.01446 | 0.00620 | 0.00620 | 0.00620 | 0.00620 


--- Hybrid Probability Table for Node u = 102 ---
--- Metatorus Structure (n=4, k=3), Torus Probability (Denominator 2*n-1) ---

Incoming Neighbor b           | (1,1)   | (1,2)   | (2,2)   | (1,3)   | (2,3)   | (3,3)   | (1,4)   | (2,4)   | (3,4)   | (4,4)   | (1,5)   | (2,5)   | (3,5)   | (4,5)   | (1,6)   | (2,6)   | (3,6)   | (4,6)   
------------------------------+----------+----------+----------+----------+----------+----------+----------+----------+----------+----------+----------+----------+----------+----------+----------+----------+----------+----------
84 (h=1; 0,0,1,0)             | 0.42857 | 0.18367 | 0.18367 | 0.07872 | 0.07872 | 0.07872 | 0.03374 | 0.03374 | 0.03374 | 0.03374 | 0.01446 | 0.01446 | 0.01446 | 0.01446 | 0.00620 | 0.00620 | 0.00620 | 0.00620 
93 (h=1; 0,1,1,0)             | 0.42857 | 0.18367 | 0.18367 | 0.07872 | 0.07872 | 0.07872 | 0.03374 | 0.03374 | 0.03374 | 0.03374 | 0.01446 | 0.01446 | 0.01446 | 0.01446 | 0.00620 | 0.00620 | 0.00620 | 0.00620 
183 (h=2; 0,2,1,0)            | 0.42857 | 0.18367 | 0.18367 | 0.07872 | 0.07872 | 0.07872 | 0.03374 | 0.03374 | 0.03374 | 0.03374 | 0.01446 | 0.01446 | 0.01446 | 0.01446 | 0.00620 | 0.00620 | 0.00620 | 0.00620 
21 (h=0; 0,2,1,0)             | 0.42857 | 0.18367 | 0.18367 | 0.07872 | 0.07872 | 0.07872 | 0.03374 | 0.03374 | 0.03374 | 0.03374 | 0.01446 | 0.01446 | 0.01446 | 0.01446 | 0.00620 | 0.00620 | 0.00620 | 0.00620 


--- Hybrid Probability Table for Node u = 103 ---
--- Metatorus Structure (n=4, k=3), Torus Probability (Denominator 2*n-1) ---

Incoming Neighbor b           | (1,1)   | (1,2)   | (2,2)   | (1,3)   | (2,3)   | (3,3)   | (1,4)   | (2,4)   | (3,4)   | (4,4)   | (1,5)   | (2,5)   | (3,5)   | (4,5)   | (1,6)   | (2,6)   | (3,6)   | (4,6)   
------------------------------+----------+----------+----------+----------+----------+----------+----------+----------+----------+----------+----------+----------+----------+----------+----------+----------+----------+----------
85 (h=1; 0,0,1,1)             | 0.42857 | 0.18367 | 0.18367 | 0.07872 | 0.07872 | 0.07872 | 0.03374 | 0.03374 | 0.03374 | 0.03374 | 0.01446 | 0.01446 | 0.01446 | 0.01446 | 0.00620 | 0.00620 | 0.00620 | 0.00620 
94 (h=1; 0,1,1,1)             | 0.42857 | 0.18367 | 0.18367 | 0.07872 | 0.07872 | 0.07872 | 0.03374 | 0.03374 | 0.03374 | 0.03374 | 0.01446 | 0.01446 | 0.01446 | 0.01446 | 0.00620 | 0.00620 | 0.00620 | 0.00620 
184 (h=2; 0,2,1,1)            | 0.42857 | 0.18367 | 0.18367 | 0.07872 | 0.07872 | 0.07872 | 0.03374 | 0.03374 | 0.03374 | 0.03374 | 0.01446 | 0.01446 | 0.01446 | 0.01446 | 0.00620 | 0.00620 | 0.00620 | 0.00620 
22 (h=0; 0,2,1,1)             | 0.42857 | 0.18367 | 0.18367 | 0.07872 | 0.07872 | 0.07872 | 0.03374 | 0.03374 | 0.03374 | 0.03374 | 0.01446 | 0.01446 | 0.01446 | 0.01446 | 0.00620 | 0.00620 | 0.00620 | 0.00620 


--- Hybrid Probability Table for Node u = 104 ---
--- Metatorus Structure (n=4, k=3), Torus Probability (Denominator 2*n-1) ---

Incoming Neighbor b           | (1,1)   | (1,2)   | (2,2)   | (1,3)   | (2,3)   | (3,3)   | (1,4)   | (2,4)   | (3,4)   | (4,4)   | (1,5)   | (2,5)   | (3,5)   | (4,5)   | (1,6)   | (2,6)   | (3,6)   | (4,6)   
------------------------------+----------+----------+----------+----------+----------+----------+----------+----------+----------+----------+----------+----------+----------+----------+----------+----------+----------+----------
86 (h=1; 0,0,1,2)             | 0.42857 | 0.18367 | 0.18367 | 0.07872 | 0.07872 | 0.07872 | 0.03374 | 0.03374 | 0.03374 | 0.03374 | 0.01446 | 0.01446 | 0.01446 | 0.01446 | 0.00620 | 0.00620 | 0.00620 | 0.00620 
95 (h=1; 0,1,1,2)             | 0.42857 | 0.18367 | 0.18367 | 0.07872 | 0.07872 | 0.07872 | 0.03374 | 0.03374 | 0.03374 | 0.03374 | 0.01446 | 0.01446 | 0.01446 | 0.01446 | 0.00620 | 0.00620 | 0.00620 | 0.00620 
185 (h=2; 0,2,1,2)            | 0.42857 | 0.18367 | 0.18367 | 0.07872 | 0.07872 | 0.07872 | 0.03374 | 0.03374 | 0.03374 | 0.03374 | 0.01446 | 0.01446 | 0.01446 | 0.01446 | 0.00620 | 0.00620 | 0.00620 | 0.00620 
23 (h=0; 0,2,1,2)             | 0.42857 | 0.18367 | 0.18367 | 0.07872 | 0.07872 | 0.07872 | 0.03374 | 0.03374 | 0.03374 | 0.03374 | 0.01446 | 0.01446 | 0.01446 | 0.01446 | 0.00620 | 0.00620 | 0.00620 | 0.00620 


--- Hybrid Probability Table for Node u = 105 ---
--- Metatorus Structure (n=4, k=3), Torus Probability (Denominator 2*n-1) ---

Incoming Neighbor b           | (1,1)   | (1,2)   | (2,2)   | (1,3)   | (2,3)   | (3,3)   | (1,4)   | (2,4)   | (3,4)   | (4,4)   | (1,5)   | (2,5)   | (3,5)   | (4,5)   | (1,6)   | (2,6)   | (3,6)   | (4,6)   
------------------------------+----------+----------+----------+----------+----------+----------+----------+----------+----------+----------+----------+----------+----------+----------+----------+----------+----------+----------
87 (h=1; 0,0,2,0)             | 0.42857 | 0.18367 | 0.18367 | 0.07872 | 0.07872 | 0.07872 | 0.03374 | 0.03374 | 0.03374 | 0.03374 | 0.01446 | 0.01446 | 0.01446 | 0.01446 | 0.00620 | 0.00620 | 0.00620 | 0.00620 
96 (h=1; 0,1,2,0)             | 0.42857 | 0.18367 | 0.18367 | 0.07872 | 0.07872 | 0.07872 | 0.03374 | 0.03374 | 0.03374 | 0.03374 | 0.01446 | 0.01446 | 0.01446 | 0.01446 | 0.00620 | 0.00620 | 0.00620 | 0.00620 
186 (h=2; 0,2,2,0)            | 0.42857 | 0.18367 | 0.18367 | 0.07872 | 0.07872 | 0.07872 | 0.03374 | 0.03374 | 0.03374 | 0.03374 | 0.01446 | 0.01446 | 0.01446 | 0.01446 | 0.00620 | 0.00620 | 0.00620 | 0.00620 
24 (h=0; 0,2,2,0)             | 0.42857 | 0.18367 | 0.18367 | 0.07872 | 0.07872 | 0.07872 | 0.03374 | 0.03374 | 0.03374 | 0.03374 | 0.01446 | 0.01446 | 0.01446 | 0.01446 | 0.00620 | 0.00620 | 0.00620 | 0.00620 


--- Hybrid Probability Table for Node u = 106 ---
--- Metatorus Structure (n=4, k=3), Torus Probability (Denominator 2*n-1) ---

Incoming Neighbor b           | (1,1)   | (1,2)   | (2,2)   | (1,3)   | (2,3)   | (3,3)   | (1,4)   | (2,4)   | (3,4)   | (4,4)   | (1,5)   | (2,5)   | (3,5)   | (4,5)   | (1,6)   | (2,6)   | (3,6)   | (4,6)   
------------------------------+----------+----------+----------+----------+----------+----------+----------+----------+----------+----------+----------+----------+----------+----------+----------+----------+----------+----------
88 (h=1; 0,0,2,1)             | 0.42857 | 0.18367 | 0.18367 | 0.07872 | 0.07872 | 0.07872 | 0.03374 | 0.03374 | 0.03374 | 0.03374 | 0.01446 | 0.01446 | 0.01446 | 0.01446 | 0.00620 | 0.00620 | 0.00620 | 0.00620 
97 (h=1; 0,1,2,1)             | 0.42857 | 0.18367 | 0.18367 | 0.07872 | 0.07872 | 0.07872 | 0.03374 | 0.03374 | 0.03374 | 0.03374 | 0.01446 | 0.01446 | 0.01446 | 0.01446 | 0.00620 | 0.00620 | 0.00620 | 0.00620 
187 (h=2; 0,2,2,1)            | 0.42857 | 0.18367 | 0.18367 | 0.07872 | 0.07872 | 0.07872 | 0.03374 | 0.03374 | 0.03374 | 0.03374 | 0.01446 | 0.01446 | 0.01446 | 0.01446 | 0.00620 | 0.00620 | 0.00620 | 0.00620 
25 (h=0; 0,2,2,1)             | 0.42857 | 0.18367 | 0.18367 | 0.07872 | 0.07872 | 0.07872 | 0.03374 | 0.03374 | 0.03374 | 0.03374 | 0.01446 | 0.01446 | 0.01446 | 0.01446 | 0.00620 | 0.00620 | 0.00620 | 0.00620 


--- Hybrid Probability Table for Node u = 107 ---
--- Metatorus Structure (n=4, k=3), Torus Probability (Denominator 2*n-1) ---

Incoming Neighbor b           | (1,1)   | (1,2)   | (2,2)   | (1,3)   | (2,3)   | (3,3)   | (1,4)   | (2,4)   | (3,4)   | (4,4)   | (1,5)   | (2,5)   | (3,5)   | (4,5)   | (1,6)   | (2,6)   | (3,6)   | (4,6)   
------------------------------+----------+----------+----------+----------+----------+----------+----------+----------+----------+----------+----------+----------+----------+----------+----------+----------+----------+----------
89 (h=1; 0,0,2,2)             | 0.42857 | 0.18367 | 0.18367 | 0.07872 | 0.07872 | 0.07872 | 0.03374 | 0.03374 | 0.03374 | 0.03374 | 0.01446 | 0.01446 | 0.01446 | 0.01446 | 0.00620 | 0.00620 | 0.00620 | 0.00620 
98 (h=1; 0,1,2,2)             | 0.42857 | 0.18367 | 0.18367 | 0.07872 | 0.07872 | 0.07872 | 0.03374 | 0.03374 | 0.03374 | 0.03374 | 0.01446 | 0.01446 | 0.01446 | 0.01446 | 0.00620 | 0.00620 | 0.00620 | 0.00620 
188 (h=2; 0,2,2,2)            | 0.42857 | 0.18367 | 0.18367 | 0.07872 | 0.07872 | 0.07872 | 0.03374 | 0.03374 | 0.03374 | 0.03374 | 0.01446 | 0.01446 | 0.01446 | 0.01446 | 0.00620 | 0.00620 | 0.00620 | 0.00620 
26 (h=0; 0,2,2,2)             | 0.42857 | 0.18367 | 0.18367 | 0.07872 | 0.07872 | 0.07872 | 0.03374 | 0.03374 | 0.03374 | 0.03374 | 0.01446 | 0.01446 | 0.01446 | 0.01446 | 0.00620 | 0.00620 | 0.00620 | 0.00620 


--- Hybrid Probability Table for Node u = 108 ---
--- Metatorus Structure (n=4, k=3), Torus Probability (Denominator 2*n-1) ---

Incoming Neighbor b           | (1,1)   | (1,2)   | (2,2)   | (1,3)   | (2,3)   | (3,3)   | (1,4)   | (2,4)   | (3,4)   | (4,4)   | (1,5)   | (2,5)   | (3,5)   | (4,5)   | (1,6)   | (2,6)   | (3,6)   | (4,6)   
------------------------------+----------+----------+----------+----------+----------+----------+----------+----------+----------+----------+----------+----------+----------+----------+----------+----------+----------+----------
117 (h=1; 1,1,0,0)            | 0.42857 | 0.18367 | 0.18367 | 0.07872 | 0.07872 | 0.07872 | 0.03374 | 0.03374 | 0.03374 | 0.03374 | 0.01446 | 0.01446 | 0.01446 | 0.01446 | 0.00620 | 0.00620 | 0.00620 | 0.00620 
126 (h=1; 1,2,0,0)            | 0.42857 | 0.18367 | 0.18367 | 0.07872 | 0.07872 | 0.07872 | 0.03374 | 0.03374 | 0.03374 | 0.03374 | 0.01446 | 0.01446 | 0.01446 | 0.01446 | 0.00620 | 0.00620 | 0.00620 | 0.00620 
189 (h=2; 1,0,0,0)            | 0.42857 | 0.18367 | 0.18367 | 0.07872 | 0.07872 | 0.07872 | 0.03374 | 0.03374 | 0.03374 | 0.03374 | 0.01446 | 0.01446 | 0.01446 | 0.01446 | 0.00620 | 0.00620 | 0.00620 | 0.00620 
27 (h=0; 1,0,0,0)             | 0.42857 | 0.18367 | 0.18367 | 0.07872 | 0.07872 | 0.07872 | 0.03374 | 0.03374 | 0.03374 | 0.03374 | 0.01446 | 0.01446 | 0.01446 | 0.01446 | 0.00620 | 0.00620 | 0.00620 | 0.00620 


--- Hybrid Probability Table for Node u = 109 ---
--- Metatorus Structure (n=4, k=3), Torus Probability (Denominator 2*n-1) ---

Incoming Neighbor b           | (1,1)   | (1,2)   | (2,2)   | (1,3)   | (2,3)   | (3,3)   | (1,4)   | (2,4)   | (3,4)   | (4,4)   | (1,5)   | (2,5)   | (3,5)   | (4,5)   | (1,6)   | (2,6)   | (3,6)   | (4,6)   
------------------------------+----------+----------+----------+----------+----------+----------+----------+----------+----------+----------+----------+----------+----------+----------+----------+----------+----------+----------
118 (h=1; 1,1,0,1)            | 0.42857 | 0.18367 | 0.18367 | 0.07872 | 0.07872 | 0.07872 | 0.03374 | 0.03374 | 0.03374 | 0.03374 | 0.01446 | 0.01446 | 0.01446 | 0.01446 | 0.00620 | 0.00620 | 0.00620 | 0.00620 
127 (h=1; 1,2,0,1)            | 0.42857 | 0.18367 | 0.18367 | 0.07872 | 0.07872 | 0.07872 | 0.03374 | 0.03374 | 0.03374 | 0.03374 | 0.01446 | 0.01446 | 0.01446 | 0.01446 | 0.00620 | 0.00620 | 0.00620 | 0.00620 
190 (h=2; 1,0,0,1)            | 0.42857 | 0.18367 | 0.18367 | 0.07872 | 0.07872 | 0.07872 | 0.03374 | 0.03374 | 0.03374 | 0.03374 | 0.01446 | 0.01446 | 0.01446 | 0.01446 | 0.00620 | 0.00620 | 0.00620 | 0.00620 
28 (h=0; 1,0,0,1)             | 0.42857 | 0.18367 | 0.18367 | 0.07872 | 0.07872 | 0.07872 | 0.03374 | 0.03374 | 0.03374 | 0.03374 | 0.01446 | 0.01446 | 0.01446 | 0.01446 | 0.00620 | 0.00620 | 0.00620 | 0.00620 


--- Hybrid Probability Table for Node u = 110 ---
--- Metatorus Structure (n=4, k=3), Torus Probability (Denominator 2*n-1) ---

Incoming Neighbor b           | (1,1)   | (1,2)   | (2,2)   | (1,3)   | (2,3)   | (3,3)   | (1,4)   | (2,4)   | (3,4)   | (4,4)   | (1,5)   | (2,5)   | (3,5)   | (4,5)   | (1,6)   | (2,6)   | (3,6)   | (4,6)   
------------------------------+----------+----------+----------+----------+----------+----------+----------+----------+----------+----------+----------+----------+----------+----------+----------+----------+----------+----------
119 (h=1; 1,1,0,2)            | 0.42857 | 0.18367 | 0.18367 | 0.07872 | 0.07872 | 0.07872 | 0.03374 | 0.03374 | 0.03374 | 0.03374 | 0.01446 | 0.01446 | 0.01446 | 0.01446 | 0.00620 | 0.00620 | 0.00620 | 0.00620 
128 (h=1; 1,2,0,2)            | 0.42857 | 0.18367 | 0.18367 | 0.07872 | 0.07872 | 0.07872 | 0.03374 | 0.03374 | 0.03374 | 0.03374 | 0.01446 | 0.01446 | 0.01446 | 0.01446 | 0.00620 | 0.00620 | 0.00620 | 0.00620 
191 (h=2; 1,0,0,2)            | 0.42857 | 0.18367 | 0.18367 | 0.07872 | 0.07872 | 0.07872 | 0.03374 | 0.03374 | 0.03374 | 0.03374 | 0.01446 | 0.01446 | 0.01446 | 0.01446 | 0.00620 | 0.00620 | 0.00620 | 0.00620 
29 (h=0; 1,0,0,2)             | 0.42857 | 0.18367 | 0.18367 | 0.07872 | 0.07872 | 0.07872 | 0.03374 | 0.03374 | 0.03374 | 0.03374 | 0.01446 | 0.01446 | 0.01446 | 0.01446 | 0.00620 | 0.00620 | 0.00620 | 0.00620 


--- Hybrid Probability Table for Node u = 111 ---
--- Metatorus Structure (n=4, k=3), Torus Probability (Denominator 2*n-1) ---

Incoming Neighbor b           | (1,1)   | (1,2)   | (2,2)   | (1,3)   | (2,3)   | (3,3)   | (1,4)   | (2,4)   | (3,4)   | (4,4)   | (1,5)   | (2,5)   | (3,5)   | (4,5)   | (1,6)   | (2,6)   | (3,6)   | (4,6)   
------------------------------+----------+----------+----------+----------+----------+----------+----------+----------+----------+----------+----------+----------+----------+----------+----------+----------+----------+----------
120 (h=1; 1,1,1,0)            | 0.42857 | 0.18367 | 0.18367 | 0.07872 | 0.07872 | 0.07872 | 0.03374 | 0.03374 | 0.03374 | 0.03374 | 0.01446 | 0.01446 | 0.01446 | 0.01446 | 0.00620 | 0.00620 | 0.00620 | 0.00620 
129 (h=1; 1,2,1,0)            | 0.42857 | 0.18367 | 0.18367 | 0.07872 | 0.07872 | 0.07872 | 0.03374 | 0.03374 | 0.03374 | 0.03374 | 0.01446 | 0.01446 | 0.01446 | 0.01446 | 0.00620 | 0.00620 | 0.00620 | 0.00620 
192 (h=2; 1,0,1,0)            | 0.42857 | 0.18367 | 0.18367 | 0.07872 | 0.07872 | 0.07872 | 0.03374 | 0.03374 | 0.03374 | 0.03374 | 0.01446 | 0.01446 | 0.01446 | 0.01446 | 0.00620 | 0.00620 | 0.00620 | 0.00620 
30 (h=0; 1,0,1,0)             | 0.42857 | 0.18367 | 0.18367 | 0.07872 | 0.07872 | 0.07872 | 0.03374 | 0.03374 | 0.03374 | 0.03374 | 0.01446 | 0.01446 | 0.01446 | 0.01446 | 0.00620 | 0.00620 | 0.00620 | 0.00620 


--- Hybrid Probability Table for Node u = 112 ---
--- Metatorus Structure (n=4, k=3), Torus Probability (Denominator 2*n-1) ---

Incoming Neighbor b           | (1,1)   | (1,2)   | (2,2)   | (1,3)   | (2,3)   | (3,3)   | (1,4)   | (2,4)   | (3,4)   | (4,4)   | (1,5)   | (2,5)   | (3,5)   | (4,5)   | (1,6)   | (2,6)   | (3,6)   | (4,6)   
------------------------------+----------+----------+----------+----------+----------+----------+----------+----------+----------+----------+----------+----------+----------+----------+----------+----------+----------+----------
121 (h=1; 1,1,1,1)            | 0.42857 | 0.18367 | 0.18367 | 0.07872 | 0.07872 | 0.07872 | 0.03374 | 0.03374 | 0.03374 | 0.03374 | 0.01446 | 0.01446 | 0.01446 | 0.01446 | 0.00620 | 0.00620 | 0.00620 | 0.00620 
130 (h=1; 1,2,1,1)            | 0.42857 | 0.18367 | 0.18367 | 0.07872 | 0.07872 | 0.07872 | 0.03374 | 0.03374 | 0.03374 | 0.03374 | 0.01446 | 0.01446 | 0.01446 | 0.01446 | 0.00620 | 0.00620 | 0.00620 | 0.00620 
193 (h=2; 1,0,1,1)            | 0.42857 | 0.18367 | 0.18367 | 0.07872 | 0.07872 | 0.07872 | 0.03374 | 0.03374 | 0.03374 | 0.03374 | 0.01446 | 0.01446 | 0.01446 | 0.01446 | 0.00620 | 0.00620 | 0.00620 | 0.00620 
31 (h=0; 1,0,1,1)             | 0.42857 | 0.18367 | 0.18367 | 0.07872 | 0.07872 | 0.07872 | 0.03374 | 0.03374 | 0.03374 | 0.03374 | 0.01446 | 0.01446 | 0.01446 | 0.01446 | 0.00620 | 0.00620 | 0.00620 | 0.00620 


--- Hybrid Probability Table for Node u = 113 ---
--- Metatorus Structure (n=4, k=3), Torus Probability (Denominator 2*n-1) ---

Incoming Neighbor b           | (1,1)   | (1,2)   | (2,2)   | (1,3)   | (2,3)   | (3,3)   | (1,4)   | (2,4)   | (3,4)   | (4,4)   | (1,5)   | (2,5)   | (3,5)   | (4,5)   | (1,6)   | (2,6)   | (3,6)   | (4,6)   
------------------------------+----------+----------+----------+----------+----------+----------+----------+----------+----------+----------+----------+----------+----------+----------+----------+----------+----------+----------
122 (h=1; 1,1,1,2)            | 0.42857 | 0.18367 | 0.18367 | 0.07872 | 0.07872 | 0.07872 | 0.03374 | 0.03374 | 0.03374 | 0.03374 | 0.01446 | 0.01446 | 0.01446 | 0.01446 | 0.00620 | 0.00620 | 0.00620 | 0.00620 
131 (h=1; 1,2,1,2)            | 0.42857 | 0.18367 | 0.18367 | 0.07872 | 0.07872 | 0.07872 | 0.03374 | 0.03374 | 0.03374 | 0.03374 | 0.01446 | 0.01446 | 0.01446 | 0.01446 | 0.00620 | 0.00620 | 0.00620 | 0.00620 
194 (h=2; 1,0,1,2)            | 0.42857 | 0.18367 | 0.18367 | 0.07872 | 0.07872 | 0.07872 | 0.03374 | 0.03374 | 0.03374 | 0.03374 | 0.01446 | 0.01446 | 0.01446 | 0.01446 | 0.00620 | 0.00620 | 0.00620 | 0.00620 
32 (h=0; 1,0,1,2)             | 0.42857 | 0.18367 | 0.18367 | 0.07872 | 0.07872 | 0.07872 | 0.03374 | 0.03374 | 0.03374 | 0.03374 | 0.01446 | 0.01446 | 0.01446 | 0.01446 | 0.00620 | 0.00620 | 0.00620 | 0.00620 


--- Hybrid Probability Table for Node u = 114 ---
--- Metatorus Structure (n=4, k=3), Torus Probability (Denominator 2*n-1) ---

Incoming Neighbor b           | (1,1)   | (1,2)   | (2,2)   | (1,3)   | (2,3)   | (3,3)   | (1,4)   | (2,4)   | (3,4)   | (4,4)   | (1,5)   | (2,5)   | (3,5)   | (4,5)   | (1,6)   | (2,6)   | (3,6)   | (4,6)   
------------------------------+----------+----------+----------+----------+----------+----------+----------+----------+----------+----------+----------+----------+----------+----------+----------+----------+----------+----------
123 (h=1; 1,1,2,0)            | 0.42857 | 0.18367 | 0.18367 | 0.07872 | 0.07872 | 0.07872 | 0.03374 | 0.03374 | 0.03374 | 0.03374 | 0.01446 | 0.01446 | 0.01446 | 0.01446 | 0.00620 | 0.00620 | 0.00620 | 0.00620 
132 (h=1; 1,2,2,0)            | 0.42857 | 0.18367 | 0.18367 | 0.07872 | 0.07872 | 0.07872 | 0.03374 | 0.03374 | 0.03374 | 0.03374 | 0.01446 | 0.01446 | 0.01446 | 0.01446 | 0.00620 | 0.00620 | 0.00620 | 0.00620 
195 (h=2; 1,0,2,0)            | 0.42857 | 0.18367 | 0.18367 | 0.07872 | 0.07872 | 0.07872 | 0.03374 | 0.03374 | 0.03374 | 0.03374 | 0.01446 | 0.01446 | 0.01446 | 0.01446 | 0.00620 | 0.00620 | 0.00620 | 0.00620 
33 (h=0; 1,0,2,0)             | 0.42857 | 0.18367 | 0.18367 | 0.07872 | 0.07872 | 0.07872 | 0.03374 | 0.03374 | 0.03374 | 0.03374 | 0.01446 | 0.01446 | 0.01446 | 0.01446 | 0.00620 | 0.00620 | 0.00620 | 0.00620 


--- Hybrid Probability Table for Node u = 115 ---
--- Metatorus Structure (n=4, k=3), Torus Probability (Denominator 2*n-1) ---

Incoming Neighbor b           | (1,1)   | (1,2)   | (2,2)   | (1,3)   | (2,3)   | (3,3)   | (1,4)   | (2,4)   | (3,4)   | (4,4)   | (1,5)   | (2,5)   | (3,5)   | (4,5)   | (1,6)   | (2,6)   | (3,6)   | (4,6)   
------------------------------+----------+----------+----------+----------+----------+----------+----------+----------+----------+----------+----------+----------+----------+----------+----------+----------+----------+----------
124 (h=1; 1,1,2,1)            | 0.42857 | 0.18367 | 0.18367 | 0.07872 | 0.07872 | 0.07872 | 0.03374 | 0.03374 | 0.03374 | 0.03374 | 0.01446 | 0.01446 | 0.01446 | 0.01446 | 0.00620 | 0.00620 | 0.00620 | 0.00620 
133 (h=1; 1,2,2,1)            | 0.42857 | 0.18367 | 0.18367 | 0.07872 | 0.07872 | 0.07872 | 0.03374 | 0.03374 | 0.03374 | 0.03374 | 0.01446 | 0.01446 | 0.01446 | 0.01446 | 0.00620 | 0.00620 | 0.00620 | 0.00620 
196 (h=2; 1,0,2,1)            | 0.42857 | 0.18367 | 0.18367 | 0.07872 | 0.07872 | 0.07872 | 0.03374 | 0.03374 | 0.03374 | 0.03374 | 0.01446 | 0.01446 | 0.01446 | 0.01446 | 0.00620 | 0.00620 | 0.00620 | 0.00620 
34 (h=0; 1,0,2,1)             | 0.42857 | 0.18367 | 0.18367 | 0.07872 | 0.07872 | 0.07872 | 0.03374 | 0.03374 | 0.03374 | 0.03374 | 0.01446 | 0.01446 | 0.01446 | 0.01446 | 0.00620 | 0.00620 | 0.00620 | 0.00620 


--- Hybrid Probability Table for Node u = 116 ---
--- Metatorus Structure (n=4, k=3), Torus Probability (Denominator 2*n-1) ---

Incoming Neighbor b           | (1,1)   | (1,2)   | (2,2)   | (1,3)   | (2,3)   | (3,3)   | (1,4)   | (2,4)   | (3,4)   | (4,4)   | (1,5)   | (2,5)   | (3,5)   | (4,5)   | (1,6)   | (2,6)   | (3,6)   | (4,6)   
------------------------------+----------+----------+----------+----------+----------+----------+----------+----------+----------+----------+----------+----------+----------+----------+----------+----------+----------+----------
125 (h=1; 1,1,2,2)            | 0.42857 | 0.18367 | 0.18367 | 0.07872 | 0.07872 | 0.07872 | 0.03374 | 0.03374 | 0.03374 | 0.03374 | 0.01446 | 0.01446 | 0.01446 | 0.01446 | 0.00620 | 0.00620 | 0.00620 | 0.00620 
134 (h=1; 1,2,2,2)            | 0.42857 | 0.18367 | 0.18367 | 0.07872 | 0.07872 | 0.07872 | 0.03374 | 0.03374 | 0.03374 | 0.03374 | 0.01446 | 0.01446 | 0.01446 | 0.01446 | 0.00620 | 0.00620 | 0.00620 | 0.00620 
197 (h=2; 1,0,2,2)            | 0.42857 | 0.18367 | 0.18367 | 0.07872 | 0.07872 | 0.07872 | 0.03374 | 0.03374 | 0.03374 | 0.03374 | 0.01446 | 0.01446 | 0.01446 | 0.01446 | 0.00620 | 0.00620 | 0.00620 | 0.00620 
35 (h=0; 1,0,2,2)             | 0.42857 | 0.18367 | 0.18367 | 0.07872 | 0.07872 | 0.07872 | 0.03374 | 0.03374 | 0.03374 | 0.03374 | 0.01446 | 0.01446 | 0.01446 | 0.01446 | 0.00620 | 0.00620 | 0.00620 | 0.00620 


--- Hybrid Probability Table for Node u = 117 ---
--- Metatorus Structure (n=4, k=3), Torus Probability (Denominator 2*n-1) ---

Incoming Neighbor b           | (1,1)   | (1,2)   | (2,2)   | (1,3)   | (2,3)   | (3,3)   | (1,4)   | (2,4)   | (3,4)   | (4,4)   | (1,5)   | (2,5)   | (3,5)   | (4,5)   | (1,6)   | (2,6)   | (3,6)   | (4,6)   
------------------------------+----------+----------+----------+----------+----------+----------+----------+----------+----------+----------+----------+----------+----------+----------+----------+----------+----------+----------
126 (h=1; 1,2,0,0)            | 0.42857 | 0.18367 | 0.18367 | 0.07872 | 0.07872 | 0.07872 | 0.03374 | 0.03374 | 0.03374 | 0.03374 | 0.01446 | 0.01446 | 0.01446 | 0.01446 | 0.00620 | 0.00620 | 0.00620 | 0.00620 
108 (h=1; 1,0,0,0)            | 0.42857 | 0.18367 | 0.18367 | 0.07872 | 0.07872 | 0.07872 | 0.03374 | 0.03374 | 0.03374 | 0.03374 | 0.01446 | 0.01446 | 0.01446 | 0.01446 | 0.00620 | 0.00620 | 0.00620 | 0.00620 
198 (h=2; 1,1,0,0)            | 0.42857 | 0.18367 | 0.18367 | 0.07872 | 0.07872 | 0.07872 | 0.03374 | 0.03374 | 0.03374 | 0.03374 | 0.01446 | 0.01446 | 0.01446 | 0.01446 | 0.00620 | 0.00620 | 0.00620 | 0.00620 
36 (h=0; 1,1,0,0)             | 0.42857 | 0.18367 | 0.18367 | 0.07872 | 0.07872 | 0.07872 | 0.03374 | 0.03374 | 0.03374 | 0.03374 | 0.01446 | 0.01446 | 0.01446 | 0.01446 | 0.00620 | 0.00620 | 0.00620 | 0.00620 


--- Hybrid Probability Table for Node u = 118 ---
--- Metatorus Structure (n=4, k=3), Torus Probability (Denominator 2*n-1) ---

Incoming Neighbor b           | (1,1)   | (1,2)   | (2,2)   | (1,3)   | (2,3)   | (3,3)   | (1,4)   | (2,4)   | (3,4)   | (4,4)   | (1,5)   | (2,5)   | (3,5)   | (4,5)   | (1,6)   | (2,6)   | (3,6)   | (4,6)   
------------------------------+----------+----------+----------+----------+----------+----------+----------+----------+----------+----------+----------+----------+----------+----------+----------+----------+----------+----------
127 (h=1; 1,2,0,1)            | 0.42857 | 0.18367 | 0.18367 | 0.07872 | 0.07872 | 0.07872 | 0.03374 | 0.03374 | 0.03374 | 0.03374 | 0.01446 | 0.01446 | 0.01446 | 0.01446 | 0.00620 | 0.00620 | 0.00620 | 0.00620 
109 (h=1; 1,0,0,1)            | 0.42857 | 0.18367 | 0.18367 | 0.07872 | 0.07872 | 0.07872 | 0.03374 | 0.03374 | 0.03374 | 0.03374 | 0.01446 | 0.01446 | 0.01446 | 0.01446 | 0.00620 | 0.00620 | 0.00620 | 0.00620 
199 (h=2; 1,1,0,1)            | 0.42857 | 0.18367 | 0.18367 | 0.07872 | 0.07872 | 0.07872 | 0.03374 | 0.03374 | 0.03374 | 0.03374 | 0.01446 | 0.01446 | 0.01446 | 0.01446 | 0.00620 | 0.00620 | 0.00620 | 0.00620 
37 (h=0; 1,1,0,1)             | 0.42857 | 0.18367 | 0.18367 | 0.07872 | 0.07872 | 0.07872 | 0.03374 | 0.03374 | 0.03374 | 0.03374 | 0.01446 | 0.01446 | 0.01446 | 0.01446 | 0.00620 | 0.00620 | 0.00620 | 0.00620 


--- Hybrid Probability Table for Node u = 119 ---
--- Metatorus Structure (n=4, k=3), Torus Probability (Denominator 2*n-1) ---

Incoming Neighbor b           | (1,1)   | (1,2)   | (2,2)   | (1,3)   | (2,3)   | (3,3)   | (1,4)   | (2,4)   | (3,4)   | (4,4)   | (1,5)   | (2,5)   | (3,5)   | (4,5)   | (1,6)   | (2,6)   | (3,6)   | (4,6)   
------------------------------+----------+----------+----------+----------+----------+----------+----------+----------+----------+----------+----------+----------+----------+----------+----------+----------+----------+----------
128 (h=1; 1,2,0,2)            | 0.42857 | 0.18367 | 0.18367 | 0.07872 | 0.07872 | 0.07872 | 0.03374 | 0.03374 | 0.03374 | 0.03374 | 0.01446 | 0.01446 | 0.01446 | 0.01446 | 0.00620 | 0.00620 | 0.00620 | 0.00620 
110 (h=1; 1,0,0,2)            | 0.42857 | 0.18367 | 0.18367 | 0.07872 | 0.07872 | 0.07872 | 0.03374 | 0.03374 | 0.03374 | 0.03374 | 0.01446 | 0.01446 | 0.01446 | 0.01446 | 0.00620 | 0.00620 | 0.00620 | 0.00620 
200 (h=2; 1,1,0,2)            | 0.42857 | 0.18367 | 0.18367 | 0.07872 | 0.07872 | 0.07872 | 0.03374 | 0.03374 | 0.03374 | 0.03374 | 0.01446 | 0.01446 | 0.01446 | 0.01446 | 0.00620 | 0.00620 | 0.00620 | 0.00620 
38 (h=0; 1,1,0,2)             | 0.42857 | 0.18367 | 0.18367 | 0.07872 | 0.07872 | 0.07872 | 0.03374 | 0.03374 | 0.03374 | 0.03374 | 0.01446 | 0.01446 | 0.01446 | 0.01446 | 0.00620 | 0.00620 | 0.00620 | 0.00620 


--- Hybrid Probability Table for Node u = 120 ---
--- Metatorus Structure (n=4, k=3), Torus Probability (Denominator 2*n-1) ---

Incoming Neighbor b           | (1,1)   | (1,2)   | (2,2)   | (1,3)   | (2,3)   | (3,3)   | (1,4)   | (2,4)   | (3,4)   | (4,4)   | (1,5)   | (2,5)   | (3,5)   | (4,5)   | (1,6)   | (2,6)   | (3,6)   | (4,6)   
------------------------------+----------+----------+----------+----------+----------+----------+----------+----------+----------+----------+----------+----------+----------+----------+----------+----------+----------+----------
129 (h=1; 1,2,1,0)            | 0.42857 | 0.18367 | 0.18367 | 0.07872 | 0.07872 | 0.07872 | 0.03374 | 0.03374 | 0.03374 | 0.03374 | 0.01446 | 0.01446 | 0.01446 | 0.01446 | 0.00620 | 0.00620 | 0.00620 | 0.00620 
111 (h=1; 1,0,1,0)            | 0.42857 | 0.18367 | 0.18367 | 0.07872 | 0.07872 | 0.07872 | 0.03374 | 0.03374 | 0.03374 | 0.03374 | 0.01446 | 0.01446 | 0.01446 | 0.01446 | 0.00620 | 0.00620 | 0.00620 | 0.00620 
201 (h=2; 1,1,1,0)            | 0.42857 | 0.18367 | 0.18367 | 0.07872 | 0.07872 | 0.07872 | 0.03374 | 0.03374 | 0.03374 | 0.03374 | 0.01446 | 0.01446 | 0.01446 | 0.01446 | 0.00620 | 0.00620 | 0.00620 | 0.00620 
39 (h=0; 1,1,1,0)             | 0.42857 | 0.18367 | 0.18367 | 0.07872 | 0.07872 | 0.07872 | 0.03374 | 0.03374 | 0.03374 | 0.03374 | 0.01446 | 0.01446 | 0.01446 | 0.01446 | 0.00620 | 0.00620 | 0.00620 | 0.00620 


--- Hybrid Probability Table for Node u = 121 ---
--- Metatorus Structure (n=4, k=3), Torus Probability (Denominator 2*n-1) ---

Incoming Neighbor b           | (1,1)   | (1,2)   | (2,2)   | (1,3)   | (2,3)   | (3,3)   | (1,4)   | (2,4)   | (3,4)   | (4,4)   | (1,5)   | (2,5)   | (3,5)   | (4,5)   | (1,6)   | (2,6)   | (3,6)   | (4,6)   
------------------------------+----------+----------+----------+----------+----------+----------+----------+----------+----------+----------+----------+----------+----------+----------+----------+----------+----------+----------
130 (h=1; 1,2,1,1)            | 0.42857 | 0.18367 | 0.18367 | 0.07872 | 0.07872 | 0.07872 | 0.03374 | 0.03374 | 0.03374 | 0.03374 | 0.01446 | 0.01446 | 0.01446 | 0.01446 | 0.00620 | 0.00620 | 0.00620 | 0.00620 
112 (h=1; 1,0,1,1)            | 0.42857 | 0.18367 | 0.18367 | 0.07872 | 0.07872 | 0.07872 | 0.03374 | 0.03374 | 0.03374 | 0.03374 | 0.01446 | 0.01446 | 0.01446 | 0.01446 | 0.00620 | 0.00620 | 0.00620 | 0.00620 
202 (h=2; 1,1,1,1)            | 0.42857 | 0.18367 | 0.18367 | 0.07872 | 0.07872 | 0.07872 | 0.03374 | 0.03374 | 0.03374 | 0.03374 | 0.01446 | 0.01446 | 0.01446 | 0.01446 | 0.00620 | 0.00620 | 0.00620 | 0.00620 
40 (h=0; 1,1,1,1)             | 0.42857 | 0.18367 | 0.18367 | 0.07872 | 0.07872 | 0.07872 | 0.03374 | 0.03374 | 0.03374 | 0.03374 | 0.01446 | 0.01446 | 0.01446 | 0.01446 | 0.00620 | 0.00620 | 0.00620 | 0.00620 


--- Hybrid Probability Table for Node u = 122 ---
--- Metatorus Structure (n=4, k=3), Torus Probability (Denominator 2*n-1) ---

Incoming Neighbor b           | (1,1)   | (1,2)   | (2,2)   | (1,3)   | (2,3)   | (3,3)   | (1,4)   | (2,4)   | (3,4)   | (4,4)   | (1,5)   | (2,5)   | (3,5)   | (4,5)   | (1,6)   | (2,6)   | (3,6)   | (4,6)   
------------------------------+----------+----------+----------+----------+----------+----------+----------+----------+----------+----------+----------+----------+----------+----------+----------+----------+----------+----------
131 (h=1; 1,2,1,2)            | 0.42857 | 0.18367 | 0.18367 | 0.07872 | 0.07872 | 0.07872 | 0.03374 | 0.03374 | 0.03374 | 0.03374 | 0.01446 | 0.01446 | 0.01446 | 0.01446 | 0.00620 | 0.00620 | 0.00620 | 0.00620 
113 (h=1; 1,0,1,2)            | 0.42857 | 0.18367 | 0.18367 | 0.07872 | 0.07872 | 0.07872 | 0.03374 | 0.03374 | 0.03374 | 0.03374 | 0.01446 | 0.01446 | 0.01446 | 0.01446 | 0.00620 | 0.00620 | 0.00620 | 0.00620 
203 (h=2; 1,1,1,2)            | 0.42857 | 0.18367 | 0.18367 | 0.07872 | 0.07872 | 0.07872 | 0.03374 | 0.03374 | 0.03374 | 0.03374 | 0.01446 | 0.01446 | 0.01446 | 0.01446 | 0.00620 | 0.00620 | 0.00620 | 0.00620 
41 (h=0; 1,1,1,2)             | 0.42857 | 0.18367 | 0.18367 | 0.07872 | 0.07872 | 0.07872 | 0.03374 | 0.03374 | 0.03374 | 0.03374 | 0.01446 | 0.01446 | 0.01446 | 0.01446 | 0.00620 | 0.00620 | 0.00620 | 0.00620 


--- Hybrid Probability Table for Node u = 123 ---
--- Metatorus Structure (n=4, k=3), Torus Probability (Denominator 2*n-1) ---

Incoming Neighbor b           | (1,1)   | (1,2)   | (2,2)   | (1,3)   | (2,3)   | (3,3)   | (1,4)   | (2,4)   | (3,4)   | (4,4)   | (1,5)   | (2,5)   | (3,5)   | (4,5)   | (1,6)   | (2,6)   | (3,6)   | (4,6)   
------------------------------+----------+----------+----------+----------+----------+----------+----------+----------+----------+----------+----------+----------+----------+----------+----------+----------+----------+----------
132 (h=1; 1,2,2,0)            | 0.42857 | 0.18367 | 0.18367 | 0.07872 | 0.07872 | 0.07872 | 0.03374 | 0.03374 | 0.03374 | 0.03374 | 0.01446 | 0.01446 | 0.01446 | 0.01446 | 0.00620 | 0.00620 | 0.00620 | 0.00620 
114 (h=1; 1,0,2,0)            | 0.42857 | 0.18367 | 0.18367 | 0.07872 | 0.07872 | 0.07872 | 0.03374 | 0.03374 | 0.03374 | 0.03374 | 0.01446 | 0.01446 | 0.01446 | 0.01446 | 0.00620 | 0.00620 | 0.00620 | 0.00620 
204 (h=2; 1,1,2,0)            | 0.42857 | 0.18367 | 0.18367 | 0.07872 | 0.07872 | 0.07872 | 0.03374 | 0.03374 | 0.03374 | 0.03374 | 0.01446 | 0.01446 | 0.01446 | 0.01446 | 0.00620 | 0.00620 | 0.00620 | 0.00620 
42 (h=0; 1,1,2,0)             | 0.42857 | 0.18367 | 0.18367 | 0.07872 | 0.07872 | 0.07872 | 0.03374 | 0.03374 | 0.03374 | 0.03374 | 0.01446 | 0.01446 | 0.01446 | 0.01446 | 0.00620 | 0.00620 | 0.00620 | 0.00620 


--- Hybrid Probability Table for Node u = 124 ---
--- Metatorus Structure (n=4, k=3), Torus Probability (Denominator 2*n-1) ---

Incoming Neighbor b           | (1,1)   | (1,2)   | (2,2)   | (1,3)   | (2,3)   | (3,3)   | (1,4)   | (2,4)   | (3,4)   | (4,4)   | (1,5)   | (2,5)   | (3,5)   | (4,5)   | (1,6)   | (2,6)   | (3,6)   | (4,6)   
------------------------------+----------+----------+----------+----------+----------+----------+----------+----------+----------+----------+----------+----------+----------+----------+----------+----------+----------+----------
133 (h=1; 1,2,2,1)            | 0.42857 | 0.18367 | 0.18367 | 0.07872 | 0.07872 | 0.07872 | 0.03374 | 0.03374 | 0.03374 | 0.03374 | 0.01446 | 0.01446 | 0.01446 | 0.01446 | 0.00620 | 0.00620 | 0.00620 | 0.00620 
115 (h=1; 1,0,2,1)            | 0.42857 | 0.18367 | 0.18367 | 0.07872 | 0.07872 | 0.07872 | 0.03374 | 0.03374 | 0.03374 | 0.03374 | 0.01446 | 0.01446 | 0.01446 | 0.01446 | 0.00620 | 0.00620 | 0.00620 | 0.00620 
205 (h=2; 1,1,2,1)            | 0.42857 | 0.18367 | 0.18367 | 0.07872 | 0.07872 | 0.07872 | 0.03374 | 0.03374 | 0.03374 | 0.03374 | 0.01446 | 0.01446 | 0.01446 | 0.01446 | 0.00620 | 0.00620 | 0.00620 | 0.00620 
43 (h=0; 1,1,2,1)             | 0.42857 | 0.18367 | 0.18367 | 0.07872 | 0.07872 | 0.07872 | 0.03374 | 0.03374 | 0.03374 | 0.03374 | 0.01446 | 0.01446 | 0.01446 | 0.01446 | 0.00620 | 0.00620 | 0.00620 | 0.00620 


--- Hybrid Probability Table for Node u = 125 ---
--- Metatorus Structure (n=4, k=3), Torus Probability (Denominator 2*n-1) ---

Incoming Neighbor b           | (1,1)   | (1,2)   | (2,2)   | (1,3)   | (2,3)   | (3,3)   | (1,4)   | (2,4)   | (3,4)   | (4,4)   | (1,5)   | (2,5)   | (3,5)   | (4,5)   | (1,6)   | (2,6)   | (3,6)   | (4,6)   
------------------------------+----------+----------+----------+----------+----------+----------+----------+----------+----------+----------+----------+----------+----------+----------+----------+----------+----------+----------
134 (h=1; 1,2,2,2)            | 0.42857 | 0.18367 | 0.18367 | 0.07872 | 0.07872 | 0.07872 | 0.03374 | 0.03374 | 0.03374 | 0.03374 | 0.01446 | 0.01446 | 0.01446 | 0.01446 | 0.00620 | 0.00620 | 0.00620 | 0.00620 
116 (h=1; 1,0,2,2)            | 0.42857 | 0.18367 | 0.18367 | 0.07872 | 0.07872 | 0.07872 | 0.03374 | 0.03374 | 0.03374 | 0.03374 | 0.01446 | 0.01446 | 0.01446 | 0.01446 | 0.00620 | 0.00620 | 0.00620 | 0.00620 
206 (h=2; 1,1,2,2)            | 0.42857 | 0.18367 | 0.18367 | 0.07872 | 0.07872 | 0.07872 | 0.03374 | 0.03374 | 0.03374 | 0.03374 | 0.01446 | 0.01446 | 0.01446 | 0.01446 | 0.00620 | 0.00620 | 0.00620 | 0.00620 
44 (h=0; 1,1,2,2)             | 0.42857 | 0.18367 | 0.18367 | 0.07872 | 0.07872 | 0.07872 | 0.03374 | 0.03374 | 0.03374 | 0.03374 | 0.01446 | 0.01446 | 0.01446 | 0.01446 | 0.00620 | 0.00620 | 0.00620 | 0.00620 


--- Hybrid Probability Table for Node u = 126 ---
--- Metatorus Structure (n=4, k=3), Torus Probability (Denominator 2*n-1) ---

Incoming Neighbor b           | (1,1)   | (1,2)   | (2,2)   | (1,3)   | (2,3)   | (3,3)   | (1,4)   | (2,4)   | (3,4)   | (4,4)   | (1,5)   | (2,5)   | (3,5)   | (4,5)   | (1,6)   | (2,6)   | (3,6)   | (4,6)   
------------------------------+----------+----------+----------+----------+----------+----------+----------+----------+----------+----------+----------+----------+----------+----------+----------+----------+----------+----------
108 (h=1; 1,0,0,0)            | 0.42857 | 0.18367 | 0.18367 | 0.07872 | 0.07872 | 0.07872 | 0.03374 | 0.03374 | 0.03374 | 0.03374 | 0.01446 | 0.01446 | 0.01446 | 0.01446 | 0.00620 | 0.00620 | 0.00620 | 0.00620 
117 (h=1; 1,1,0,0)            | 0.42857 | 0.18367 | 0.18367 | 0.07872 | 0.07872 | 0.07872 | 0.03374 | 0.03374 | 0.03374 | 0.03374 | 0.01446 | 0.01446 | 0.01446 | 0.01446 | 0.00620 | 0.00620 | 0.00620 | 0.00620 
207 (h=2; 1,2,0,0)            | 0.42857 | 0.18367 | 0.18367 | 0.07872 | 0.07872 | 0.07872 | 0.03374 | 0.03374 | 0.03374 | 0.03374 | 0.01446 | 0.01446 | 0.01446 | 0.01446 | 0.00620 | 0.00620 | 0.00620 | 0.00620 
45 (h=0; 1,2,0,0)             | 0.42857 | 0.18367 | 0.18367 | 0.07872 | 0.07872 | 0.07872 | 0.03374 | 0.03374 | 0.03374 | 0.03374 | 0.01446 | 0.01446 | 0.01446 | 0.01446 | 0.00620 | 0.00620 | 0.00620 | 0.00620 


--- Hybrid Probability Table for Node u = 127 ---
--- Metatorus Structure (n=4, k=3), Torus Probability (Denominator 2*n-1) ---

Incoming Neighbor b           | (1,1)   | (1,2)   | (2,2)   | (1,3)   | (2,3)   | (3,3)   | (1,4)   | (2,4)   | (3,4)   | (4,4)   | (1,5)   | (2,5)   | (3,5)   | (4,5)   | (1,6)   | (2,6)   | (3,6)   | (4,6)   
------------------------------+----------+----------+----------+----------+----------+----------+----------+----------+----------+----------+----------+----------+----------+----------+----------+----------+----------+----------
109 (h=1; 1,0,0,1)            | 0.42857 | 0.18367 | 0.18367 | 0.07872 | 0.07872 | 0.07872 | 0.03374 | 0.03374 | 0.03374 | 0.03374 | 0.01446 | 0.01446 | 0.01446 | 0.01446 | 0.00620 | 0.00620 | 0.00620 | 0.00620 
118 (h=1; 1,1,0,1)            | 0.42857 | 0.18367 | 0.18367 | 0.07872 | 0.07872 | 0.07872 | 0.03374 | 0.03374 | 0.03374 | 0.03374 | 0.01446 | 0.01446 | 0.01446 | 0.01446 | 0.00620 | 0.00620 | 0.00620 | 0.00620 
208 (h=2; 1,2,0,1)            | 0.42857 | 0.18367 | 0.18367 | 0.07872 | 0.07872 | 0.07872 | 0.03374 | 0.03374 | 0.03374 | 0.03374 | 0.01446 | 0.01446 | 0.01446 | 0.01446 | 0.00620 | 0.00620 | 0.00620 | 0.00620 
46 (h=0; 1,2,0,1)             | 0.42857 | 0.18367 | 0.18367 | 0.07872 | 0.07872 | 0.07872 | 0.03374 | 0.03374 | 0.03374 | 0.03374 | 0.01446 | 0.01446 | 0.01446 | 0.01446 | 0.00620 | 0.00620 | 0.00620 | 0.00620 


--- Hybrid Probability Table for Node u = 128 ---
--- Metatorus Structure (n=4, k=3), Torus Probability (Denominator 2*n-1) ---

Incoming Neighbor b           | (1,1)   | (1,2)   | (2,2)   | (1,3)   | (2,3)   | (3,3)   | (1,4)   | (2,4)   | (3,4)   | (4,4)   | (1,5)   | (2,5)   | (3,5)   | (4,5)   | (1,6)   | (2,6)   | (3,6)   | (4,6)   
------------------------------+----------+----------+----------+----------+----------+----------+----------+----------+----------+----------+----------+----------+----------+----------+----------+----------+----------+----------
110 (h=1; 1,0,0,2)            | 0.42857 | 0.18367 | 0.18367 | 0.07872 | 0.07872 | 0.07872 | 0.03374 | 0.03374 | 0.03374 | 0.03374 | 0.01446 | 0.01446 | 0.01446 | 0.01446 | 0.00620 | 0.00620 | 0.00620 | 0.00620 
119 (h=1; 1,1,0,2)            | 0.42857 | 0.18367 | 0.18367 | 0.07872 | 0.07872 | 0.07872 | 0.03374 | 0.03374 | 0.03374 | 0.03374 | 0.01446 | 0.01446 | 0.01446 | 0.01446 | 0.00620 | 0.00620 | 0.00620 | 0.00620 
209 (h=2; 1,2,0,2)            | 0.42857 | 0.18367 | 0.18367 | 0.07872 | 0.07872 | 0.07872 | 0.03374 | 0.03374 | 0.03374 | 0.03374 | 0.01446 | 0.01446 | 0.01446 | 0.01446 | 0.00620 | 0.00620 | 0.00620 | 0.00620 
47 (h=0; 1,2,0,2)             | 0.42857 | 0.18367 | 0.18367 | 0.07872 | 0.07872 | 0.07872 | 0.03374 | 0.03374 | 0.03374 | 0.03374 | 0.01446 | 0.01446 | 0.01446 | 0.01446 | 0.00620 | 0.00620 | 0.00620 | 0.00620 


--- Hybrid Probability Table for Node u = 129 ---
--- Metatorus Structure (n=4, k=3), Torus Probability (Denominator 2*n-1) ---

Incoming Neighbor b           | (1,1)   | (1,2)   | (2,2)   | (1,3)   | (2,3)   | (3,3)   | (1,4)   | (2,4)   | (3,4)   | (4,4)   | (1,5)   | (2,5)   | (3,5)   | (4,5)   | (1,6)   | (2,6)   | (3,6)   | (4,6)   
------------------------------+----------+----------+----------+----------+----------+----------+----------+----------+----------+----------+----------+----------+----------+----------+----------+----------+----------+----------
111 (h=1; 1,0,1,0)            | 0.42857 | 0.18367 | 0.18367 | 0.07872 | 0.07872 | 0.07872 | 0.03374 | 0.03374 | 0.03374 | 0.03374 | 0.01446 | 0.01446 | 0.01446 | 0.01446 | 0.00620 | 0.00620 | 0.00620 | 0.00620 
120 (h=1; 1,1,1,0)            | 0.42857 | 0.18367 | 0.18367 | 0.07872 | 0.07872 | 0.07872 | 0.03374 | 0.03374 | 0.03374 | 0.03374 | 0.01446 | 0.01446 | 0.01446 | 0.01446 | 0.00620 | 0.00620 | 0.00620 | 0.00620 
210 (h=2; 1,2,1,0)            | 0.42857 | 0.18367 | 0.18367 | 0.07872 | 0.07872 | 0.07872 | 0.03374 | 0.03374 | 0.03374 | 0.03374 | 0.01446 | 0.01446 | 0.01446 | 0.01446 | 0.00620 | 0.00620 | 0.00620 | 0.00620 
48 (h=0; 1,2,1,0)             | 0.42857 | 0.18367 | 0.18367 | 0.07872 | 0.07872 | 0.07872 | 0.03374 | 0.03374 | 0.03374 | 0.03374 | 0.01446 | 0.01446 | 0.01446 | 0.01446 | 0.00620 | 0.00620 | 0.00620 | 0.00620 


--- Hybrid Probability Table for Node u = 130 ---
--- Metatorus Structure (n=4, k=3), Torus Probability (Denominator 2*n-1) ---

Incoming Neighbor b           | (1,1)   | (1,2)   | (2,2)   | (1,3)   | (2,3)   | (3,3)   | (1,4)   | (2,4)   | (3,4)   | (4,4)   | (1,5)   | (2,5)   | (3,5)   | (4,5)   | (1,6)   | (2,6)   | (3,6)   | (4,6)   
------------------------------+----------+----------+----------+----------+----------+----------+----------+----------+----------+----------+----------+----------+----------+----------+----------+----------+----------+----------
112 (h=1; 1,0,1,1)            | 0.42857 | 0.18367 | 0.18367 | 0.07872 | 0.07872 | 0.07872 | 0.03374 | 0.03374 | 0.03374 | 0.03374 | 0.01446 | 0.01446 | 0.01446 | 0.01446 | 0.00620 | 0.00620 | 0.00620 | 0.00620 
121 (h=1; 1,1,1,1)            | 0.42857 | 0.18367 | 0.18367 | 0.07872 | 0.07872 | 0.07872 | 0.03374 | 0.03374 | 0.03374 | 0.03374 | 0.01446 | 0.01446 | 0.01446 | 0.01446 | 0.00620 | 0.00620 | 0.00620 | 0.00620 
211 (h=2; 1,2,1,1)            | 0.42857 | 0.18367 | 0.18367 | 0.07872 | 0.07872 | 0.07872 | 0.03374 | 0.03374 | 0.03374 | 0.03374 | 0.01446 | 0.01446 | 0.01446 | 0.01446 | 0.00620 | 0.00620 | 0.00620 | 0.00620 
49 (h=0; 1,2,1,1)             | 0.42857 | 0.18367 | 0.18367 | 0.07872 | 0.07872 | 0.07872 | 0.03374 | 0.03374 | 0.03374 | 0.03374 | 0.01446 | 0.01446 | 0.01446 | 0.01446 | 0.00620 | 0.00620 | 0.00620 | 0.00620 


--- Hybrid Probability Table for Node u = 131 ---
--- Metatorus Structure (n=4, k=3), Torus Probability (Denominator 2*n-1) ---

Incoming Neighbor b           | (1,1)   | (1,2)   | (2,2)   | (1,3)   | (2,3)   | (3,3)   | (1,4)   | (2,4)   | (3,4)   | (4,4)   | (1,5)   | (2,5)   | (3,5)   | (4,5)   | (1,6)   | (2,6)   | (3,6)   | (4,6)   
------------------------------+----------+----------+----------+----------+----------+----------+----------+----------+----------+----------+----------+----------+----------+----------+----------+----------+----------+----------
113 (h=1; 1,0,1,2)            | 0.42857 | 0.18367 | 0.18367 | 0.07872 | 0.07872 | 0.07872 | 0.03374 | 0.03374 | 0.03374 | 0.03374 | 0.01446 | 0.01446 | 0.01446 | 0.01446 | 0.00620 | 0.00620 | 0.00620 | 0.00620 
122 (h=1; 1,1,1,2)            | 0.42857 | 0.18367 | 0.18367 | 0.07872 | 0.07872 | 0.07872 | 0.03374 | 0.03374 | 0.03374 | 0.03374 | 0.01446 | 0.01446 | 0.01446 | 0.01446 | 0.00620 | 0.00620 | 0.00620 | 0.00620 
212 (h=2; 1,2,1,2)            | 0.42857 | 0.18367 | 0.18367 | 0.07872 | 0.07872 | 0.07872 | 0.03374 | 0.03374 | 0.03374 | 0.03374 | 0.01446 | 0.01446 | 0.01446 | 0.01446 | 0.00620 | 0.00620 | 0.00620 | 0.00620 
50 (h=0; 1,2,1,2)             | 0.42857 | 0.18367 | 0.18367 | 0.07872 | 0.07872 | 0.07872 | 0.03374 | 0.03374 | 0.03374 | 0.03374 | 0.01446 | 0.01446 | 0.01446 | 0.01446 | 0.00620 | 0.00620 | 0.00620 | 0.00620 


--- Hybrid Probability Table for Node u = 132 ---
--- Metatorus Structure (n=4, k=3), Torus Probability (Denominator 2*n-1) ---

Incoming Neighbor b           | (1,1)   | (1,2)   | (2,2)   | (1,3)   | (2,3)   | (3,3)   | (1,4)   | (2,4)   | (3,4)   | (4,4)   | (1,5)   | (2,5)   | (3,5)   | (4,5)   | (1,6)   | (2,6)   | (3,6)   | (4,6)   
------------------------------+----------+----------+----------+----------+----------+----------+----------+----------+----------+----------+----------+----------+----------+----------+----------+----------+----------+----------
114 (h=1; 1,0,2,0)            | 0.42857 | 0.18367 | 0.18367 | 0.07872 | 0.07872 | 0.07872 | 0.03374 | 0.03374 | 0.03374 | 0.03374 | 0.01446 | 0.01446 | 0.01446 | 0.01446 | 0.00620 | 0.00620 | 0.00620 | 0.00620 
123 (h=1; 1,1,2,0)            | 0.42857 | 0.18367 | 0.18367 | 0.07872 | 0.07872 | 0.07872 | 0.03374 | 0.03374 | 0.03374 | 0.03374 | 0.01446 | 0.01446 | 0.01446 | 0.01446 | 0.00620 | 0.00620 | 0.00620 | 0.00620 
213 (h=2; 1,2,2,0)            | 0.42857 | 0.18367 | 0.18367 | 0.07872 | 0.07872 | 0.07872 | 0.03374 | 0.03374 | 0.03374 | 0.03374 | 0.01446 | 0.01446 | 0.01446 | 0.01446 | 0.00620 | 0.00620 | 0.00620 | 0.00620 
51 (h=0; 1,2,2,0)             | 0.42857 | 0.18367 | 0.18367 | 0.07872 | 0.07872 | 0.07872 | 0.03374 | 0.03374 | 0.03374 | 0.03374 | 0.01446 | 0.01446 | 0.01446 | 0.01446 | 0.00620 | 0.00620 | 0.00620 | 0.00620 


--- Hybrid Probability Table for Node u = 133 ---
--- Metatorus Structure (n=4, k=3), Torus Probability (Denominator 2*n-1) ---

Incoming Neighbor b           | (1,1)   | (1,2)   | (2,2)   | (1,3)   | (2,3)   | (3,3)   | (1,4)   | (2,4)   | (3,4)   | (4,4)   | (1,5)   | (2,5)   | (3,5)   | (4,5)   | (1,6)   | (2,6)   | (3,6)   | (4,6)   
------------------------------+----------+----------+----------+----------+----------+----------+----------+----------+----------+----------+----------+----------+----------+----------+----------+----------+----------+----------
115 (h=1; 1,0,2,1)            | 0.42857 | 0.18367 | 0.18367 | 0.07872 | 0.07872 | 0.07872 | 0.03374 | 0.03374 | 0.03374 | 0.03374 | 0.01446 | 0.01446 | 0.01446 | 0.01446 | 0.00620 | 0.00620 | 0.00620 | 0.00620 
124 (h=1; 1,1,2,1)            | 0.42857 | 0.18367 | 0.18367 | 0.07872 | 0.07872 | 0.07872 | 0.03374 | 0.03374 | 0.03374 | 0.03374 | 0.01446 | 0.01446 | 0.01446 | 0.01446 | 0.00620 | 0.00620 | 0.00620 | 0.00620 
214 (h=2; 1,2,2,1)            | 0.42857 | 0.18367 | 0.18367 | 0.07872 | 0.07872 | 0.07872 | 0.03374 | 0.03374 | 0.03374 | 0.03374 | 0.01446 | 0.01446 | 0.01446 | 0.01446 | 0.00620 | 0.00620 | 0.00620 | 0.00620 
52 (h=0; 1,2,2,1)             | 0.42857 | 0.18367 | 0.18367 | 0.07872 | 0.07872 | 0.07872 | 0.03374 | 0.03374 | 0.03374 | 0.03374 | 0.01446 | 0.01446 | 0.01446 | 0.01446 | 0.00620 | 0.00620 | 0.00620 | 0.00620 


--- Hybrid Probability Table for Node u = 134 ---
--- Metatorus Structure (n=4, k=3), Torus Probability (Denominator 2*n-1) ---

Incoming Neighbor b           | (1,1)   | (1,2)   | (2,2)   | (1,3)   | (2,3)   | (3,3)   | (1,4)   | (2,4)   | (3,4)   | (4,4)   | (1,5)   | (2,5)   | (3,5)   | (4,5)   | (1,6)   | (2,6)   | (3,6)   | (4,6)   
------------------------------+----------+----------+----------+----------+----------+----------+----------+----------+----------+----------+----------+----------+----------+----------+----------+----------+----------+----------
116 (h=1; 1,0,2,2)            | 0.42857 | 0.18367 | 0.18367 | 0.07872 | 0.07872 | 0.07872 | 0.03374 | 0.03374 | 0.03374 | 0.03374 | 0.01446 | 0.01446 | 0.01446 | 0.01446 | 0.00620 | 0.00620 | 0.00620 | 0.00620 
125 (h=1; 1,1,2,2)            | 0.42857 | 0.18367 | 0.18367 | 0.07872 | 0.07872 | 0.07872 | 0.03374 | 0.03374 | 0.03374 | 0.03374 | 0.01446 | 0.01446 | 0.01446 | 0.01446 | 0.00620 | 0.00620 | 0.00620 | 0.00620 
215 (h=2; 1,2,2,2)            | 0.42857 | 0.18367 | 0.18367 | 0.07872 | 0.07872 | 0.07872 | 0.03374 | 0.03374 | 0.03374 | 0.03374 | 0.01446 | 0.01446 | 0.01446 | 0.01446 | 0.00620 | 0.00620 | 0.00620 | 0.00620 
53 (h=0; 1,2,2,2)             | 0.42857 | 0.18367 | 0.18367 | 0.07872 | 0.07872 | 0.07872 | 0.03374 | 0.03374 | 0.03374 | 0.03374 | 0.01446 | 0.01446 | 0.01446 | 0.01446 | 0.00620 | 0.00620 | 0.00620 | 0.00620 


--- Hybrid Probability Table for Node u = 135 ---
--- Metatorus Structure (n=4, k=3), Torus Probability (Denominator 2*n-1) ---

Incoming Neighbor b           | (1,1)   | (1,2)   | (2,2)   | (1,3)   | (2,3)   | (3,3)   | (1,4)   | (2,4)   | (3,4)   | (4,4)   | (1,5)   | (2,5)   | (3,5)   | (4,5)   | (1,6)   | (2,6)   | (3,6)   | (4,6)   
------------------------------+----------+----------+----------+----------+----------+----------+----------+----------+----------+----------+----------+----------+----------+----------+----------+----------+----------+----------
144 (h=1; 2,1,0,0)            | 0.42857 | 0.18367 | 0.18367 | 0.07872 | 0.07872 | 0.07872 | 0.03374 | 0.03374 | 0.03374 | 0.03374 | 0.01446 | 0.01446 | 0.01446 | 0.01446 | 0.00620 | 0.00620 | 0.00620 | 0.00620 
153 (h=1; 2,2,0,0)            | 0.42857 | 0.18367 | 0.18367 | 0.07872 | 0.07872 | 0.07872 | 0.03374 | 0.03374 | 0.03374 | 0.03374 | 0.01446 | 0.01446 | 0.01446 | 0.01446 | 0.00620 | 0.00620 | 0.00620 | 0.00620 
216 (h=2; 2,0,0,0)            | 0.42857 | 0.18367 | 0.18367 | 0.07872 | 0.07872 | 0.07872 | 0.03374 | 0.03374 | 0.03374 | 0.03374 | 0.01446 | 0.01446 | 0.01446 | 0.01446 | 0.00620 | 0.00620 | 0.00620 | 0.00620 
54 (h=0; 2,0,0,0)             | 0.42857 | 0.18367 | 0.18367 | 0.07872 | 0.07872 | 0.07872 | 0.03374 | 0.03374 | 0.03374 | 0.03374 | 0.01446 | 0.01446 | 0.01446 | 0.01446 | 0.00620 | 0.00620 | 0.00620 | 0.00620 


--- Hybrid Probability Table for Node u = 136 ---
--- Metatorus Structure (n=4, k=3), Torus Probability (Denominator 2*n-1) ---

Incoming Neighbor b           | (1,1)   | (1,2)   | (2,2)   | (1,3)   | (2,3)   | (3,3)   | (1,4)   | (2,4)   | (3,4)   | (4,4)   | (1,5)   | (2,5)   | (3,5)   | (4,5)   | (1,6)   | (2,6)   | (3,6)   | (4,6)   
------------------------------+----------+----------+----------+----------+----------+----------+----------+----------+----------+----------+----------+----------+----------+----------+----------+----------+----------+----------
145 (h=1; 2,1,0,1)            | 0.42857 | 0.18367 | 0.18367 | 0.07872 | 0.07872 | 0.07872 | 0.03374 | 0.03374 | 0.03374 | 0.03374 | 0.01446 | 0.01446 | 0.01446 | 0.01446 | 0.00620 | 0.00620 | 0.00620 | 0.00620 
154 (h=1; 2,2,0,1)            | 0.42857 | 0.18367 | 0.18367 | 0.07872 | 0.07872 | 0.07872 | 0.03374 | 0.03374 | 0.03374 | 0.03374 | 0.01446 | 0.01446 | 0.01446 | 0.01446 | 0.00620 | 0.00620 | 0.00620 | 0.00620 
217 (h=2; 2,0,0,1)            | 0.42857 | 0.18367 | 0.18367 | 0.07872 | 0.07872 | 0.07872 | 0.03374 | 0.03374 | 0.03374 | 0.03374 | 0.01446 | 0.01446 | 0.01446 | 0.01446 | 0.00620 | 0.00620 | 0.00620 | 0.00620 
55 (h=0; 2,0,0,1)             | 0.42857 | 0.18367 | 0.18367 | 0.07872 | 0.07872 | 0.07872 | 0.03374 | 0.03374 | 0.03374 | 0.03374 | 0.01446 | 0.01446 | 0.01446 | 0.01446 | 0.00620 | 0.00620 | 0.00620 | 0.00620 


--- Hybrid Probability Table for Node u = 137 ---
--- Metatorus Structure (n=4, k=3), Torus Probability (Denominator 2*n-1) ---

Incoming Neighbor b           | (1,1)   | (1,2)   | (2,2)   | (1,3)   | (2,3)   | (3,3)   | (1,4)   | (2,4)   | (3,4)   | (4,4)   | (1,5)   | (2,5)   | (3,5)   | (4,5)   | (1,6)   | (2,6)   | (3,6)   | (4,6)   
------------------------------+----------+----------+----------+----------+----------+----------+----------+----------+----------+----------+----------+----------+----------+----------+----------+----------+----------+----------
146 (h=1; 2,1,0,2)            | 0.42857 | 0.18367 | 0.18367 | 0.07872 | 0.07872 | 0.07872 | 0.03374 | 0.03374 | 0.03374 | 0.03374 | 0.01446 | 0.01446 | 0.01446 | 0.01446 | 0.00620 | 0.00620 | 0.00620 | 0.00620 
155 (h=1; 2,2,0,2)            | 0.42857 | 0.18367 | 0.18367 | 0.07872 | 0.07872 | 0.07872 | 0.03374 | 0.03374 | 0.03374 | 0.03374 | 0.01446 | 0.01446 | 0.01446 | 0.01446 | 0.00620 | 0.00620 | 0.00620 | 0.00620 
218 (h=2; 2,0,0,2)            | 0.42857 | 0.18367 | 0.18367 | 0.07872 | 0.07872 | 0.07872 | 0.03374 | 0.03374 | 0.03374 | 0.03374 | 0.01446 | 0.01446 | 0.01446 | 0.01446 | 0.00620 | 0.00620 | 0.00620 | 0.00620 
56 (h=0; 2,0,0,2)             | 0.42857 | 0.18367 | 0.18367 | 0.07872 | 0.07872 | 0.07872 | 0.03374 | 0.03374 | 0.03374 | 0.03374 | 0.01446 | 0.01446 | 0.01446 | 0.01446 | 0.00620 | 0.00620 | 0.00620 | 0.00620 


--- Hybrid Probability Table for Node u = 138 ---
--- Metatorus Structure (n=4, k=3), Torus Probability (Denominator 2*n-1) ---

Incoming Neighbor b           | (1,1)   | (1,2)   | (2,2)   | (1,3)   | (2,3)   | (3,3)   | (1,4)   | (2,4)   | (3,4)   | (4,4)   | (1,5)   | (2,5)   | (3,5)   | (4,5)   | (1,6)   | (2,6)   | (3,6)   | (4,6)   
------------------------------+----------+----------+----------+----------+----------+----------+----------+----------+----------+----------+----------+----------+----------+----------+----------+----------+----------+----------
147 (h=1; 2,1,1,0)            | 0.42857 | 0.18367 | 0.18367 | 0.07872 | 0.07872 | 0.07872 | 0.03374 | 0.03374 | 0.03374 | 0.03374 | 0.01446 | 0.01446 | 0.01446 | 0.01446 | 0.00620 | 0.00620 | 0.00620 | 0.00620 
156 (h=1; 2,2,1,0)            | 0.42857 | 0.18367 | 0.18367 | 0.07872 | 0.07872 | 0.07872 | 0.03374 | 0.03374 | 0.03374 | 0.03374 | 0.01446 | 0.01446 | 0.01446 | 0.01446 | 0.00620 | 0.00620 | 0.00620 | 0.00620 
219 (h=2; 2,0,1,0)            | 0.42857 | 0.18367 | 0.18367 | 0.07872 | 0.07872 | 0.07872 | 0.03374 | 0.03374 | 0.03374 | 0.03374 | 0.01446 | 0.01446 | 0.01446 | 0.01446 | 0.00620 | 0.00620 | 0.00620 | 0.00620 
57 (h=0; 2,0,1,0)             | 0.42857 | 0.18367 | 0.18367 | 0.07872 | 0.07872 | 0.07872 | 0.03374 | 0.03374 | 0.03374 | 0.03374 | 0.01446 | 0.01446 | 0.01446 | 0.01446 | 0.00620 | 0.00620 | 0.00620 | 0.00620 


--- Hybrid Probability Table for Node u = 139 ---
--- Metatorus Structure (n=4, k=3), Torus Probability (Denominator 2*n-1) ---

Incoming Neighbor b           | (1,1)   | (1,2)   | (2,2)   | (1,3)   | (2,3)   | (3,3)   | (1,4)   | (2,4)   | (3,4)   | (4,4)   | (1,5)   | (2,5)   | (3,5)   | (4,5)   | (1,6)   | (2,6)   | (3,6)   | (4,6)   
------------------------------+----------+----------+----------+----------+----------+----------+----------+----------+----------+----------+----------+----------+----------+----------+----------+----------+----------+----------
148 (h=1; 2,1,1,1)            | 0.42857 | 0.18367 | 0.18367 | 0.07872 | 0.07872 | 0.07872 | 0.03374 | 0.03374 | 0.03374 | 0.03374 | 0.01446 | 0.01446 | 0.01446 | 0.01446 | 0.00620 | 0.00620 | 0.00620 | 0.00620 
157 (h=1; 2,2,1,1)            | 0.42857 | 0.18367 | 0.18367 | 0.07872 | 0.07872 | 0.07872 | 0.03374 | 0.03374 | 0.03374 | 0.03374 | 0.01446 | 0.01446 | 0.01446 | 0.01446 | 0.00620 | 0.00620 | 0.00620 | 0.00620 
220 (h=2; 2,0,1,1)            | 0.42857 | 0.18367 | 0.18367 | 0.07872 | 0.07872 | 0.07872 | 0.03374 | 0.03374 | 0.03374 | 0.03374 | 0.01446 | 0.01446 | 0.01446 | 0.01446 | 0.00620 | 0.00620 | 0.00620 | 0.00620 
58 (h=0; 2,0,1,1)             | 0.42857 | 0.18367 | 0.18367 | 0.07872 | 0.07872 | 0.07872 | 0.03374 | 0.03374 | 0.03374 | 0.03374 | 0.01446 | 0.01446 | 0.01446 | 0.01446 | 0.00620 | 0.00620 | 0.00620 | 0.00620 


--- Hybrid Probability Table for Node u = 140 ---
--- Metatorus Structure (n=4, k=3), Torus Probability (Denominator 2*n-1) ---

Incoming Neighbor b           | (1,1)   | (1,2)   | (2,2)   | (1,3)   | (2,3)   | (3,3)   | (1,4)   | (2,4)   | (3,4)   | (4,4)   | (1,5)   | (2,5)   | (3,5)   | (4,5)   | (1,6)   | (2,6)   | (3,6)   | (4,6)   
------------------------------+----------+----------+----------+----------+----------+----------+----------+----------+----------+----------+----------+----------+----------+----------+----------+----------+----------+----------
149 (h=1; 2,1,1,2)            | 0.42857 | 0.18367 | 0.18367 | 0.07872 | 0.07872 | 0.07872 | 0.03374 | 0.03374 | 0.03374 | 0.03374 | 0.01446 | 0.01446 | 0.01446 | 0.01446 | 0.00620 | 0.00620 | 0.00620 | 0.00620 
158 (h=1; 2,2,1,2)            | 0.42857 | 0.18367 | 0.18367 | 0.07872 | 0.07872 | 0.07872 | 0.03374 | 0.03374 | 0.03374 | 0.03374 | 0.01446 | 0.01446 | 0.01446 | 0.01446 | 0.00620 | 0.00620 | 0.00620 | 0.00620 
221 (h=2; 2,0,1,2)            | 0.42857 | 0.18367 | 0.18367 | 0.07872 | 0.07872 | 0.07872 | 0.03374 | 0.03374 | 0.03374 | 0.03374 | 0.01446 | 0.01446 | 0.01446 | 0.01446 | 0.00620 | 0.00620 | 0.00620 | 0.00620 
59 (h=0; 2,0,1,2)             | 0.42857 | 0.18367 | 0.18367 | 0.07872 | 0.07872 | 0.07872 | 0.03374 | 0.03374 | 0.03374 | 0.03374 | 0.01446 | 0.01446 | 0.01446 | 0.01446 | 0.00620 | 0.00620 | 0.00620 | 0.00620 


--- Hybrid Probability Table for Node u = 141 ---
--- Metatorus Structure (n=4, k=3), Torus Probability (Denominator 2*n-1) ---

Incoming Neighbor b           | (1,1)   | (1,2)   | (2,2)   | (1,3)   | (2,3)   | (3,3)   | (1,4)   | (2,4)   | (3,4)   | (4,4)   | (1,5)   | (2,5)   | (3,5)   | (4,5)   | (1,6)   | (2,6)   | (3,6)   | (4,6)   
------------------------------+----------+----------+----------+----------+----------+----------+----------+----------+----------+----------+----------+----------+----------+----------+----------+----------+----------+----------
150 (h=1; 2,1,2,0)            | 0.42857 | 0.18367 | 0.18367 | 0.07872 | 0.07872 | 0.07872 | 0.03374 | 0.03374 | 0.03374 | 0.03374 | 0.01446 | 0.01446 | 0.01446 | 0.01446 | 0.00620 | 0.00620 | 0.00620 | 0.00620 
159 (h=1; 2,2,2,0)            | 0.42857 | 0.18367 | 0.18367 | 0.07872 | 0.07872 | 0.07872 | 0.03374 | 0.03374 | 0.03374 | 0.03374 | 0.01446 | 0.01446 | 0.01446 | 0.01446 | 0.00620 | 0.00620 | 0.00620 | 0.00620 
222 (h=2; 2,0,2,0)            | 0.42857 | 0.18367 | 0.18367 | 0.07872 | 0.07872 | 0.07872 | 0.03374 | 0.03374 | 0.03374 | 0.03374 | 0.01446 | 0.01446 | 0.01446 | 0.01446 | 0.00620 | 0.00620 | 0.00620 | 0.00620 
60 (h=0; 2,0,2,0)             | 0.42857 | 0.18367 | 0.18367 | 0.07872 | 0.07872 | 0.07872 | 0.03374 | 0.03374 | 0.03374 | 0.03374 | 0.01446 | 0.01446 | 0.01446 | 0.01446 | 0.00620 | 0.00620 | 0.00620 | 0.00620 


--- Hybrid Probability Table for Node u = 142 ---
--- Metatorus Structure (n=4, k=3), Torus Probability (Denominator 2*n-1) ---

Incoming Neighbor b           | (1,1)   | (1,2)   | (2,2)   | (1,3)   | (2,3)   | (3,3)   | (1,4)   | (2,4)   | (3,4)   | (4,4)   | (1,5)   | (2,5)   | (3,5)   | (4,5)   | (1,6)   | (2,6)   | (3,6)   | (4,6)   
------------------------------+----------+----------+----------+----------+----------+----------+----------+----------+----------+----------+----------+----------+----------+----------+----------+----------+----------+----------
151 (h=1; 2,1,2,1)            | 0.42857 | 0.18367 | 0.18367 | 0.07872 | 0.07872 | 0.07872 | 0.03374 | 0.03374 | 0.03374 | 0.03374 | 0.01446 | 0.01446 | 0.01446 | 0.01446 | 0.00620 | 0.00620 | 0.00620 | 0.00620 
160 (h=1; 2,2,2,1)            | 0.42857 | 0.18367 | 0.18367 | 0.07872 | 0.07872 | 0.07872 | 0.03374 | 0.03374 | 0.03374 | 0.03374 | 0.01446 | 0.01446 | 0.01446 | 0.01446 | 0.00620 | 0.00620 | 0.00620 | 0.00620 
223 (h=2; 2,0,2,1)            | 0.42857 | 0.18367 | 0.18367 | 0.07872 | 0.07872 | 0.07872 | 0.03374 | 0.03374 | 0.03374 | 0.03374 | 0.01446 | 0.01446 | 0.01446 | 0.01446 | 0.00620 | 0.00620 | 0.00620 | 0.00620 
61 (h=0; 2,0,2,1)             | 0.42857 | 0.18367 | 0.18367 | 0.07872 | 0.07872 | 0.07872 | 0.03374 | 0.03374 | 0.03374 | 0.03374 | 0.01446 | 0.01446 | 0.01446 | 0.01446 | 0.00620 | 0.00620 | 0.00620 | 0.00620 


--- Hybrid Probability Table for Node u = 143 ---
--- Metatorus Structure (n=4, k=3), Torus Probability (Denominator 2*n-1) ---

Incoming Neighbor b           | (1,1)   | (1,2)   | (2,2)   | (1,3)   | (2,3)   | (3,3)   | (1,4)   | (2,4)   | (3,4)   | (4,4)   | (1,5)   | (2,5)   | (3,5)   | (4,5)   | (1,6)   | (2,6)   | (3,6)   | (4,6)   
------------------------------+----------+----------+----------+----------+----------+----------+----------+----------+----------+----------+----------+----------+----------+----------+----------+----------+----------+----------
152 (h=1; 2,1,2,2)            | 0.42857 | 0.18367 | 0.18367 | 0.07872 | 0.07872 | 0.07872 | 0.03374 | 0.03374 | 0.03374 | 0.03374 | 0.01446 | 0.01446 | 0.01446 | 0.01446 | 0.00620 | 0.00620 | 0.00620 | 0.00620 
161 (h=1; 2,2,2,2)            | 0.42857 | 0.18367 | 0.18367 | 0.07872 | 0.07872 | 0.07872 | 0.03374 | 0.03374 | 0.03374 | 0.03374 | 0.01446 | 0.01446 | 0.01446 | 0.01446 | 0.00620 | 0.00620 | 0.00620 | 0.00620 
224 (h=2; 2,0,2,2)            | 0.42857 | 0.18367 | 0.18367 | 0.07872 | 0.07872 | 0.07872 | 0.03374 | 0.03374 | 0.03374 | 0.03374 | 0.01446 | 0.01446 | 0.01446 | 0.01446 | 0.00620 | 0.00620 | 0.00620 | 0.00620 
62 (h=0; 2,0,2,2)             | 0.42857 | 0.18367 | 0.18367 | 0.07872 | 0.07872 | 0.07872 | 0.03374 | 0.03374 | 0.03374 | 0.03374 | 0.01446 | 0.01446 | 0.01446 | 0.01446 | 0.00620 | 0.00620 | 0.00620 | 0.00620 


--- Hybrid Probability Table for Node u = 144 ---
--- Metatorus Structure (n=4, k=3), Torus Probability (Denominator 2*n-1) ---

Incoming Neighbor b           | (1,1)   | (1,2)   | (2,2)   | (1,3)   | (2,3)   | (3,3)   | (1,4)   | (2,4)   | (3,4)   | (4,4)   | (1,5)   | (2,5)   | (3,5)   | (4,5)   | (1,6)   | (2,6)   | (3,6)   | (4,6)   
------------------------------+----------+----------+----------+----------+----------+----------+----------+----------+----------+----------+----------+----------+----------+----------+----------+----------+----------+----------
153 (h=1; 2,2,0,0)            | 0.42857 | 0.18367 | 0.18367 | 0.07872 | 0.07872 | 0.07872 | 0.03374 | 0.03374 | 0.03374 | 0.03374 | 0.01446 | 0.01446 | 0.01446 | 0.01446 | 0.00620 | 0.00620 | 0.00620 | 0.00620 
135 (h=1; 2,0,0,0)            | 0.42857 | 0.18367 | 0.18367 | 0.07872 | 0.07872 | 0.07872 | 0.03374 | 0.03374 | 0.03374 | 0.03374 | 0.01446 | 0.01446 | 0.01446 | 0.01446 | 0.00620 | 0.00620 | 0.00620 | 0.00620 
225 (h=2; 2,1,0,0)            | 0.42857 | 0.18367 | 0.18367 | 0.07872 | 0.07872 | 0.07872 | 0.03374 | 0.03374 | 0.03374 | 0.03374 | 0.01446 | 0.01446 | 0.01446 | 0.01446 | 0.00620 | 0.00620 | 0.00620 | 0.00620 
63 (h=0; 2,1,0,0)             | 0.42857 | 0.18367 | 0.18367 | 0.07872 | 0.07872 | 0.07872 | 0.03374 | 0.03374 | 0.03374 | 0.03374 | 0.01446 | 0.01446 | 0.01446 | 0.01446 | 0.00620 | 0.00620 | 0.00620 | 0.00620 


--- Hybrid Probability Table for Node u = 145 ---
--- Metatorus Structure (n=4, k=3), Torus Probability (Denominator 2*n-1) ---

Incoming Neighbor b           | (1,1)   | (1,2)   | (2,2)   | (1,3)   | (2,3)   | (3,3)   | (1,4)   | (2,4)   | (3,4)   | (4,4)   | (1,5)   | (2,5)   | (3,5)   | (4,5)   | (1,6)   | (2,6)   | (3,6)   | (4,6)   
------------------------------+----------+----------+----------+----------+----------+----------+----------+----------+----------+----------+----------+----------+----------+----------+----------+----------+----------+----------
154 (h=1; 2,2,0,1)            | 0.42857 | 0.18367 | 0.18367 | 0.07872 | 0.07872 | 0.07872 | 0.03374 | 0.03374 | 0.03374 | 0.03374 | 0.01446 | 0.01446 | 0.01446 | 0.01446 | 0.00620 | 0.00620 | 0.00620 | 0.00620 
136 (h=1; 2,0,0,1)            | 0.42857 | 0.18367 | 0.18367 | 0.07872 | 0.07872 | 0.07872 | 0.03374 | 0.03374 | 0.03374 | 0.03374 | 0.01446 | 0.01446 | 0.01446 | 0.01446 | 0.00620 | 0.00620 | 0.00620 | 0.00620 
226 (h=2; 2,1,0,1)            | 0.42857 | 0.18367 | 0.18367 | 0.07872 | 0.07872 | 0.07872 | 0.03374 | 0.03374 | 0.03374 | 0.03374 | 0.01446 | 0.01446 | 0.01446 | 0.01446 | 0.00620 | 0.00620 | 0.00620 | 0.00620 
64 (h=0; 2,1,0,1)             | 0.42857 | 0.18367 | 0.18367 | 0.07872 | 0.07872 | 0.07872 | 0.03374 | 0.03374 | 0.03374 | 0.03374 | 0.01446 | 0.01446 | 0.01446 | 0.01446 | 0.00620 | 0.00620 | 0.00620 | 0.00620 


--- Hybrid Probability Table for Node u = 146 ---
--- Metatorus Structure (n=4, k=3), Torus Probability (Denominator 2*n-1) ---

Incoming Neighbor b           | (1,1)   | (1,2)   | (2,2)   | (1,3)   | (2,3)   | (3,3)   | (1,4)   | (2,4)   | (3,4)   | (4,4)   | (1,5)   | (2,5)   | (3,5)   | (4,5)   | (1,6)   | (2,6)   | (3,6)   | (4,6)   
------------------------------+----------+----------+----------+----------+----------+----------+----------+----------+----------+----------+----------+----------+----------+----------+----------+----------+----------+----------
155 (h=1; 2,2,0,2)            | 0.42857 | 0.18367 | 0.18367 | 0.07872 | 0.07872 | 0.07872 | 0.03374 | 0.03374 | 0.03374 | 0.03374 | 0.01446 | 0.01446 | 0.01446 | 0.01446 | 0.00620 | 0.00620 | 0.00620 | 0.00620 
137 (h=1; 2,0,0,2)            | 0.42857 | 0.18367 | 0.18367 | 0.07872 | 0.07872 | 0.07872 | 0.03374 | 0.03374 | 0.03374 | 0.03374 | 0.01446 | 0.01446 | 0.01446 | 0.01446 | 0.00620 | 0.00620 | 0.00620 | 0.00620 
227 (h=2; 2,1,0,2)            | 0.42857 | 0.18367 | 0.18367 | 0.07872 | 0.07872 | 0.07872 | 0.03374 | 0.03374 | 0.03374 | 0.03374 | 0.01446 | 0.01446 | 0.01446 | 0.01446 | 0.00620 | 0.00620 | 0.00620 | 0.00620 
65 (h=0; 2,1,0,2)             | 0.42857 | 0.18367 | 0.18367 | 0.07872 | 0.07872 | 0.07872 | 0.03374 | 0.03374 | 0.03374 | 0.03374 | 0.01446 | 0.01446 | 0.01446 | 0.01446 | 0.00620 | 0.00620 | 0.00620 | 0.00620 


--- Hybrid Probability Table for Node u = 147 ---
--- Metatorus Structure (n=4, k=3), Torus Probability (Denominator 2*n-1) ---

Incoming Neighbor b           | (1,1)   | (1,2)   | (2,2)   | (1,3)   | (2,3)   | (3,3)   | (1,4)   | (2,4)   | (3,4)   | (4,4)   | (1,5)   | (2,5)   | (3,5)   | (4,5)   | (1,6)   | (2,6)   | (3,6)   | (4,6)   
------------------------------+----------+----------+----------+----------+----------+----------+----------+----------+----------+----------+----------+----------+----------+----------+----------+----------+----------+----------
156 (h=1; 2,2,1,0)            | 0.42857 | 0.18367 | 0.18367 | 0.07872 | 0.07872 | 0.07872 | 0.03374 | 0.03374 | 0.03374 | 0.03374 | 0.01446 | 0.01446 | 0.01446 | 0.01446 | 0.00620 | 0.00620 | 0.00620 | 0.00620 
138 (h=1; 2,0,1,0)            | 0.42857 | 0.18367 | 0.18367 | 0.07872 | 0.07872 | 0.07872 | 0.03374 | 0.03374 | 0.03374 | 0.03374 | 0.01446 | 0.01446 | 0.01446 | 0.01446 | 0.00620 | 0.00620 | 0.00620 | 0.00620 
228 (h=2; 2,1,1,0)            | 0.42857 | 0.18367 | 0.18367 | 0.07872 | 0.07872 | 0.07872 | 0.03374 | 0.03374 | 0.03374 | 0.03374 | 0.01446 | 0.01446 | 0.01446 | 0.01446 | 0.00620 | 0.00620 | 0.00620 | 0.00620 
66 (h=0; 2,1,1,0)             | 0.42857 | 0.18367 | 0.18367 | 0.07872 | 0.07872 | 0.07872 | 0.03374 | 0.03374 | 0.03374 | 0.03374 | 0.01446 | 0.01446 | 0.01446 | 0.01446 | 0.00620 | 0.00620 | 0.00620 | 0.00620 


--- Hybrid Probability Table for Node u = 148 ---
--- Metatorus Structure (n=4, k=3), Torus Probability (Denominator 2*n-1) ---

Incoming Neighbor b           | (1,1)   | (1,2)   | (2,2)   | (1,3)   | (2,3)   | (3,3)   | (1,4)   | (2,4)   | (3,4)   | (4,4)   | (1,5)   | (2,5)   | (3,5)   | (4,5)   | (1,6)   | (2,6)   | (3,6)   | (4,6)   
------------------------------+----------+----------+----------+----------+----------+----------+----------+----------+----------+----------+----------+----------+----------+----------+----------+----------+----------+----------
157 (h=1; 2,2,1,1)            | 0.42857 | 0.18367 | 0.18367 | 0.07872 | 0.07872 | 0.07872 | 0.03374 | 0.03374 | 0.03374 | 0.03374 | 0.01446 | 0.01446 | 0.01446 | 0.01446 | 0.00620 | 0.00620 | 0.00620 | 0.00620 
139 (h=1; 2,0,1,1)            | 0.42857 | 0.18367 | 0.18367 | 0.07872 | 0.07872 | 0.07872 | 0.03374 | 0.03374 | 0.03374 | 0.03374 | 0.01446 | 0.01446 | 0.01446 | 0.01446 | 0.00620 | 0.00620 | 0.00620 | 0.00620 
229 (h=2; 2,1,1,1)            | 0.42857 | 0.18367 | 0.18367 | 0.07872 | 0.07872 | 0.07872 | 0.03374 | 0.03374 | 0.03374 | 0.03374 | 0.01446 | 0.01446 | 0.01446 | 0.01446 | 0.00620 | 0.00620 | 0.00620 | 0.00620 
67 (h=0; 2,1,1,1)             | 0.42857 | 0.18367 | 0.18367 | 0.07872 | 0.07872 | 0.07872 | 0.03374 | 0.03374 | 0.03374 | 0.03374 | 0.01446 | 0.01446 | 0.01446 | 0.01446 | 0.00620 | 0.00620 | 0.00620 | 0.00620 


--- Hybrid Probability Table for Node u = 149 ---
--- Metatorus Structure (n=4, k=3), Torus Probability (Denominator 2*n-1) ---

Incoming Neighbor b           | (1,1)   | (1,2)   | (2,2)   | (1,3)   | (2,3)   | (3,3)   | (1,4)   | (2,4)   | (3,4)   | (4,4)   | (1,5)   | (2,5)   | (3,5)   | (4,5)   | (1,6)   | (2,6)   | (3,6)   | (4,6)   
------------------------------+----------+----------+----------+----------+----------+----------+----------+----------+----------+----------+----------+----------+----------+----------+----------+----------+----------+----------
158 (h=1; 2,2,1,2)            | 0.42857 | 0.18367 | 0.18367 | 0.07872 | 0.07872 | 0.07872 | 0.03374 | 0.03374 | 0.03374 | 0.03374 | 0.01446 | 0.01446 | 0.01446 | 0.01446 | 0.00620 | 0.00620 | 0.00620 | 0.00620 
140 (h=1; 2,0,1,2)            | 0.42857 | 0.18367 | 0.18367 | 0.07872 | 0.07872 | 0.07872 | 0.03374 | 0.03374 | 0.03374 | 0.03374 | 0.01446 | 0.01446 | 0.01446 | 0.01446 | 0.00620 | 0.00620 | 0.00620 | 0.00620 
230 (h=2; 2,1,1,2)            | 0.42857 | 0.18367 | 0.18367 | 0.07872 | 0.07872 | 0.07872 | 0.03374 | 0.03374 | 0.03374 | 0.03374 | 0.01446 | 0.01446 | 0.01446 | 0.01446 | 0.00620 | 0.00620 | 0.00620 | 0.00620 
68 (h=0; 2,1,1,2)             | 0.42857 | 0.18367 | 0.18367 | 0.07872 | 0.07872 | 0.07872 | 0.03374 | 0.03374 | 0.03374 | 0.03374 | 0.01446 | 0.01446 | 0.01446 | 0.01446 | 0.00620 | 0.00620 | 0.00620 | 0.00620 


--- Hybrid Probability Table for Node u = 150 ---
--- Metatorus Structure (n=4, k=3), Torus Probability (Denominator 2*n-1) ---

Incoming Neighbor b           | (1,1)   | (1,2)   | (2,2)   | (1,3)   | (2,3)   | (3,3)   | (1,4)   | (2,4)   | (3,4)   | (4,4)   | (1,5)   | (2,5)   | (3,5)   | (4,5)   | (1,6)   | (2,6)   | (3,6)   | (4,6)   
------------------------------+----------+----------+----------+----------+----------+----------+----------+----------+----------+----------+----------+----------+----------+----------+----------+----------+----------+----------
159 (h=1; 2,2,2,0)            | 0.42857 | 0.18367 | 0.18367 | 0.07872 | 0.07872 | 0.07872 | 0.03374 | 0.03374 | 0.03374 | 0.03374 | 0.01446 | 0.01446 | 0.01446 | 0.01446 | 0.00620 | 0.00620 | 0.00620 | 0.00620 
141 (h=1; 2,0,2,0)            | 0.42857 | 0.18367 | 0.18367 | 0.07872 | 0.07872 | 0.07872 | 0.03374 | 0.03374 | 0.03374 | 0.03374 | 0.01446 | 0.01446 | 0.01446 | 0.01446 | 0.00620 | 0.00620 | 0.00620 | 0.00620 
231 (h=2; 2,1,2,0)            | 0.42857 | 0.18367 | 0.18367 | 0.07872 | 0.07872 | 0.07872 | 0.03374 | 0.03374 | 0.03374 | 0.03374 | 0.01446 | 0.01446 | 0.01446 | 0.01446 | 0.00620 | 0.00620 | 0.00620 | 0.00620 
69 (h=0; 2,1,2,0)             | 0.42857 | 0.18367 | 0.18367 | 0.07872 | 0.07872 | 0.07872 | 0.03374 | 0.03374 | 0.03374 | 0.03374 | 0.01446 | 0.01446 | 0.01446 | 0.01446 | 0.00620 | 0.00620 | 0.00620 | 0.00620 


--- Hybrid Probability Table for Node u = 151 ---
--- Metatorus Structure (n=4, k=3), Torus Probability (Denominator 2*n-1) ---

Incoming Neighbor b           | (1,1)   | (1,2)   | (2,2)   | (1,3)   | (2,3)   | (3,3)   | (1,4)   | (2,4)   | (3,4)   | (4,4)   | (1,5)   | (2,5)   | (3,5)   | (4,5)   | (1,6)   | (2,6)   | (3,6)   | (4,6)   
------------------------------+----------+----------+----------+----------+----------+----------+----------+----------+----------+----------+----------+----------+----------+----------+----------+----------+----------+----------
160 (h=1; 2,2,2,1)            | 0.42857 | 0.18367 | 0.18367 | 0.07872 | 0.07872 | 0.07872 | 0.03374 | 0.03374 | 0.03374 | 0.03374 | 0.01446 | 0.01446 | 0.01446 | 0.01446 | 0.00620 | 0.00620 | 0.00620 | 0.00620 
142 (h=1; 2,0,2,1)            | 0.42857 | 0.18367 | 0.18367 | 0.07872 | 0.07872 | 0.07872 | 0.03374 | 0.03374 | 0.03374 | 0.03374 | 0.01446 | 0.01446 | 0.01446 | 0.01446 | 0.00620 | 0.00620 | 0.00620 | 0.00620 
232 (h=2; 2,1,2,1)            | 0.42857 | 0.18367 | 0.18367 | 0.07872 | 0.07872 | 0.07872 | 0.03374 | 0.03374 | 0.03374 | 0.03374 | 0.01446 | 0.01446 | 0.01446 | 0.01446 | 0.00620 | 0.00620 | 0.00620 | 0.00620 
70 (h=0; 2,1,2,1)             | 0.42857 | 0.18367 | 0.18367 | 0.07872 | 0.07872 | 0.07872 | 0.03374 | 0.03374 | 0.03374 | 0.03374 | 0.01446 | 0.01446 | 0.01446 | 0.01446 | 0.00620 | 0.00620 | 0.00620 | 0.00620 


--- Hybrid Probability Table for Node u = 152 ---
--- Metatorus Structure (n=4, k=3), Torus Probability (Denominator 2*n-1) ---

Incoming Neighbor b           | (1,1)   | (1,2)   | (2,2)   | (1,3)   | (2,3)   | (3,3)   | (1,4)   | (2,4)   | (3,4)   | (4,4)   | (1,5)   | (2,5)   | (3,5)   | (4,5)   | (1,6)   | (2,6)   | (3,6)   | (4,6)   
------------------------------+----------+----------+----------+----------+----------+----------+----------+----------+----------+----------+----------+----------+----------+----------+----------+----------+----------+----------
161 (h=1; 2,2,2,2)            | 0.42857 | 0.18367 | 0.18367 | 0.07872 | 0.07872 | 0.07872 | 0.03374 | 0.03374 | 0.03374 | 0.03374 | 0.01446 | 0.01446 | 0.01446 | 0.01446 | 0.00620 | 0.00620 | 0.00620 | 0.00620 
143 (h=1; 2,0,2,2)            | 0.42857 | 0.18367 | 0.18367 | 0.07872 | 0.07872 | 0.07872 | 0.03374 | 0.03374 | 0.03374 | 0.03374 | 0.01446 | 0.01446 | 0.01446 | 0.01446 | 0.00620 | 0.00620 | 0.00620 | 0.00620 
233 (h=2; 2,1,2,2)            | 0.42857 | 0.18367 | 0.18367 | 0.07872 | 0.07872 | 0.07872 | 0.03374 | 0.03374 | 0.03374 | 0.03374 | 0.01446 | 0.01446 | 0.01446 | 0.01446 | 0.00620 | 0.00620 | 0.00620 | 0.00620 
71 (h=0; 2,1,2,2)             | 0.42857 | 0.18367 | 0.18367 | 0.07872 | 0.07872 | 0.07872 | 0.03374 | 0.03374 | 0.03374 | 0.03374 | 0.01446 | 0.01446 | 0.01446 | 0.01446 | 0.00620 | 0.00620 | 0.00620 | 0.00620 


--- Hybrid Probability Table for Node u = 153 ---
--- Metatorus Structure (n=4, k=3), Torus Probability (Denominator 2*n-1) ---

Incoming Neighbor b           | (1,1)   | (1,2)   | (2,2)   | (1,3)   | (2,3)   | (3,3)   | (1,4)   | (2,4)   | (3,4)   | (4,4)   | (1,5)   | (2,5)   | (3,5)   | (4,5)   | (1,6)   | (2,6)   | (3,6)   | (4,6)   
------------------------------+----------+----------+----------+----------+----------+----------+----------+----------+----------+----------+----------+----------+----------+----------+----------+----------+----------+----------
135 (h=1; 2,0,0,0)            | 0.42857 | 0.18367 | 0.18367 | 0.07872 | 0.07872 | 0.07872 | 0.03374 | 0.03374 | 0.03374 | 0.03374 | 0.01446 | 0.01446 | 0.01446 | 0.01446 | 0.00620 | 0.00620 | 0.00620 | 0.00620 
144 (h=1; 2,1,0,0)            | 0.42857 | 0.18367 | 0.18367 | 0.07872 | 0.07872 | 0.07872 | 0.03374 | 0.03374 | 0.03374 | 0.03374 | 0.01446 | 0.01446 | 0.01446 | 0.01446 | 0.00620 | 0.00620 | 0.00620 | 0.00620 
234 (h=2; 2,2,0,0)            | 0.42857 | 0.18367 | 0.18367 | 0.07872 | 0.07872 | 0.07872 | 0.03374 | 0.03374 | 0.03374 | 0.03374 | 0.01446 | 0.01446 | 0.01446 | 0.01446 | 0.00620 | 0.00620 | 0.00620 | 0.00620 
72 (h=0; 2,2,0,0)             | 0.42857 | 0.18367 | 0.18367 | 0.07872 | 0.07872 | 0.07872 | 0.03374 | 0.03374 | 0.03374 | 0.03374 | 0.01446 | 0.01446 | 0.01446 | 0.01446 | 0.00620 | 0.00620 | 0.00620 | 0.00620 


--- Hybrid Probability Table for Node u = 154 ---
--- Metatorus Structure (n=4, k=3), Torus Probability (Denominator 2*n-1) ---

Incoming Neighbor b           | (1,1)   | (1,2)   | (2,2)   | (1,3)   | (2,3)   | (3,3)   | (1,4)   | (2,4)   | (3,4)   | (4,4)   | (1,5)   | (2,5)   | (3,5)   | (4,5)   | (1,6)   | (2,6)   | (3,6)   | (4,6)   
------------------------------+----------+----------+----------+----------+----------+----------+----------+----------+----------+----------+----------+----------+----------+----------+----------+----------+----------+----------
136 (h=1; 2,0,0,1)            | 0.42857 | 0.18367 | 0.18367 | 0.07872 | 0.07872 | 0.07872 | 0.03374 | 0.03374 | 0.03374 | 0.03374 | 0.01446 | 0.01446 | 0.01446 | 0.01446 | 0.00620 | 0.00620 | 0.00620 | 0.00620 
145 (h=1; 2,1,0,1)            | 0.42857 | 0.18367 | 0.18367 | 0.07872 | 0.07872 | 0.07872 | 0.03374 | 0.03374 | 0.03374 | 0.03374 | 0.01446 | 0.01446 | 0.01446 | 0.01446 | 0.00620 | 0.00620 | 0.00620 | 0.00620 
235 (h=2; 2,2,0,1)            | 0.42857 | 0.18367 | 0.18367 | 0.07872 | 0.07872 | 0.07872 | 0.03374 | 0.03374 | 0.03374 | 0.03374 | 0.01446 | 0.01446 | 0.01446 | 0.01446 | 0.00620 | 0.00620 | 0.00620 | 0.00620 
73 (h=0; 2,2,0,1)             | 0.42857 | 0.18367 | 0.18367 | 0.07872 | 0.07872 | 0.07872 | 0.03374 | 0.03374 | 0.03374 | 0.03374 | 0.01446 | 0.01446 | 0.01446 | 0.01446 | 0.00620 | 0.00620 | 0.00620 | 0.00620 


--- Hybrid Probability Table for Node u = 155 ---
--- Metatorus Structure (n=4, k=3), Torus Probability (Denominator 2*n-1) ---

Incoming Neighbor b           | (1,1)   | (1,2)   | (2,2)   | (1,3)   | (2,3)   | (3,3)   | (1,4)   | (2,4)   | (3,4)   | (4,4)   | (1,5)   | (2,5)   | (3,5)   | (4,5)   | (1,6)   | (2,6)   | (3,6)   | (4,6)   
------------------------------+----------+----------+----------+----------+----------+----------+----------+----------+----------+----------+----------+----------+----------+----------+----------+----------+----------+----------
137 (h=1; 2,0,0,2)            | 0.42857 | 0.18367 | 0.18367 | 0.07872 | 0.07872 | 0.07872 | 0.03374 | 0.03374 | 0.03374 | 0.03374 | 0.01446 | 0.01446 | 0.01446 | 0.01446 | 0.00620 | 0.00620 | 0.00620 | 0.00620 
146 (h=1; 2,1,0,2)            | 0.42857 | 0.18367 | 0.18367 | 0.07872 | 0.07872 | 0.07872 | 0.03374 | 0.03374 | 0.03374 | 0.03374 | 0.01446 | 0.01446 | 0.01446 | 0.01446 | 0.00620 | 0.00620 | 0.00620 | 0.00620 
236 (h=2; 2,2,0,2)            | 0.42857 | 0.18367 | 0.18367 | 0.07872 | 0.07872 | 0.07872 | 0.03374 | 0.03374 | 0.03374 | 0.03374 | 0.01446 | 0.01446 | 0.01446 | 0.01446 | 0.00620 | 0.00620 | 0.00620 | 0.00620 
74 (h=0; 2,2,0,2)             | 0.42857 | 0.18367 | 0.18367 | 0.07872 | 0.07872 | 0.07872 | 0.03374 | 0.03374 | 0.03374 | 0.03374 | 0.01446 | 0.01446 | 0.01446 | 0.01446 | 0.00620 | 0.00620 | 0.00620 | 0.00620 


--- Hybrid Probability Table for Node u = 156 ---
--- Metatorus Structure (n=4, k=3), Torus Probability (Denominator 2*n-1) ---

Incoming Neighbor b           | (1,1)   | (1,2)   | (2,2)   | (1,3)   | (2,3)   | (3,3)   | (1,4)   | (2,4)   | (3,4)   | (4,4)   | (1,5)   | (2,5)   | (3,5)   | (4,5)   | (1,6)   | (2,6)   | (3,6)   | (4,6)   
------------------------------+----------+----------+----------+----------+----------+----------+----------+----------+----------+----------+----------+----------+----------+----------+----------+----------+----------+----------
138 (h=1; 2,0,1,0)            | 0.42857 | 0.18367 | 0.18367 | 0.07872 | 0.07872 | 0.07872 | 0.03374 | 0.03374 | 0.03374 | 0.03374 | 0.01446 | 0.01446 | 0.01446 | 0.01446 | 0.00620 | 0.00620 | 0.00620 | 0.00620 
147 (h=1; 2,1,1,0)            | 0.42857 | 0.18367 | 0.18367 | 0.07872 | 0.07872 | 0.07872 | 0.03374 | 0.03374 | 0.03374 | 0.03374 | 0.01446 | 0.01446 | 0.01446 | 0.01446 | 0.00620 | 0.00620 | 0.00620 | 0.00620 
237 (h=2; 2,2,1,0)            | 0.42857 | 0.18367 | 0.18367 | 0.07872 | 0.07872 | 0.07872 | 0.03374 | 0.03374 | 0.03374 | 0.03374 | 0.01446 | 0.01446 | 0.01446 | 0.01446 | 0.00620 | 0.00620 | 0.00620 | 0.00620 
75 (h=0; 2,2,1,0)             | 0.42857 | 0.18367 | 0.18367 | 0.07872 | 0.07872 | 0.07872 | 0.03374 | 0.03374 | 0.03374 | 0.03374 | 0.01446 | 0.01446 | 0.01446 | 0.01446 | 0.00620 | 0.00620 | 0.00620 | 0.00620 


--- Hybrid Probability Table for Node u = 157 ---
--- Metatorus Structure (n=4, k=3), Torus Probability (Denominator 2*n-1) ---

Incoming Neighbor b           | (1,1)   | (1,2)   | (2,2)   | (1,3)   | (2,3)   | (3,3)   | (1,4)   | (2,4)   | (3,4)   | (4,4)   | (1,5)   | (2,5)   | (3,5)   | (4,5)   | (1,6)   | (2,6)   | (3,6)   | (4,6)   
------------------------------+----------+----------+----------+----------+----------+----------+----------+----------+----------+----------+----------+----------+----------+----------+----------+----------+----------+----------
139 (h=1; 2,0,1,1)            | 0.42857 | 0.18367 | 0.18367 | 0.07872 | 0.07872 | 0.07872 | 0.03374 | 0.03374 | 0.03374 | 0.03374 | 0.01446 | 0.01446 | 0.01446 | 0.01446 | 0.00620 | 0.00620 | 0.00620 | 0.00620 
148 (h=1; 2,1,1,1)            | 0.42857 | 0.18367 | 0.18367 | 0.07872 | 0.07872 | 0.07872 | 0.03374 | 0.03374 | 0.03374 | 0.03374 | 0.01446 | 0.01446 | 0.01446 | 0.01446 | 0.00620 | 0.00620 | 0.00620 | 0.00620 
238 (h=2; 2,2,1,1)            | 0.42857 | 0.18367 | 0.18367 | 0.07872 | 0.07872 | 0.07872 | 0.03374 | 0.03374 | 0.03374 | 0.03374 | 0.01446 | 0.01446 | 0.01446 | 0.01446 | 0.00620 | 0.00620 | 0.00620 | 0.00620 
76 (h=0; 2,2,1,1)             | 0.42857 | 0.18367 | 0.18367 | 0.07872 | 0.07872 | 0.07872 | 0.03374 | 0.03374 | 0.03374 | 0.03374 | 0.01446 | 0.01446 | 0.01446 | 0.01446 | 0.00620 | 0.00620 | 0.00620 | 0.00620 


--- Hybrid Probability Table for Node u = 158 ---
--- Metatorus Structure (n=4, k=3), Torus Probability (Denominator 2*n-1) ---

Incoming Neighbor b           | (1,1)   | (1,2)   | (2,2)   | (1,3)   | (2,3)   | (3,3)   | (1,4)   | (2,4)   | (3,4)   | (4,4)   | (1,5)   | (2,5)   | (3,5)   | (4,5)   | (1,6)   | (2,6)   | (3,6)   | (4,6)   
------------------------------+----------+----------+----------+----------+----------+----------+----------+----------+----------+----------+----------+----------+----------+----------+----------+----------+----------+----------
140 (h=1; 2,0,1,2)            | 0.42857 | 0.18367 | 0.18367 | 0.07872 | 0.07872 | 0.07872 | 0.03374 | 0.03374 | 0.03374 | 0.03374 | 0.01446 | 0.01446 | 0.01446 | 0.01446 | 0.00620 | 0.00620 | 0.00620 | 0.00620 
149 (h=1; 2,1,1,2)            | 0.42857 | 0.18367 | 0.18367 | 0.07872 | 0.07872 | 0.07872 | 0.03374 | 0.03374 | 0.03374 | 0.03374 | 0.01446 | 0.01446 | 0.01446 | 0.01446 | 0.00620 | 0.00620 | 0.00620 | 0.00620 
239 (h=2; 2,2,1,2)            | 0.42857 | 0.18367 | 0.18367 | 0.07872 | 0.07872 | 0.07872 | 0.03374 | 0.03374 | 0.03374 | 0.03374 | 0.01446 | 0.01446 | 0.01446 | 0.01446 | 0.00620 | 0.00620 | 0.00620 | 0.00620 
77 (h=0; 2,2,1,2)             | 0.42857 | 0.18367 | 0.18367 | 0.07872 | 0.07872 | 0.07872 | 0.03374 | 0.03374 | 0.03374 | 0.03374 | 0.01446 | 0.01446 | 0.01446 | 0.01446 | 0.00620 | 0.00620 | 0.00620 | 0.00620 


--- Hybrid Probability Table for Node u = 159 ---
--- Metatorus Structure (n=4, k=3), Torus Probability (Denominator 2*n-1) ---

Incoming Neighbor b           | (1,1)   | (1,2)   | (2,2)   | (1,3)   | (2,3)   | (3,3)   | (1,4)   | (2,4)   | (3,4)   | (4,4)   | (1,5)   | (2,5)   | (3,5)   | (4,5)   | (1,6)   | (2,6)   | (3,6)   | (4,6)   
------------------------------+----------+----------+----------+----------+----------+----------+----------+----------+----------+----------+----------+----------+----------+----------+----------+----------+----------+----------
141 (h=1; 2,0,2,0)            | 0.42857 | 0.18367 | 0.18367 | 0.07872 | 0.07872 | 0.07872 | 0.03374 | 0.03374 | 0.03374 | 0.03374 | 0.01446 | 0.01446 | 0.01446 | 0.01446 | 0.00620 | 0.00620 | 0.00620 | 0.00620 
150 (h=1; 2,1,2,0)            | 0.42857 | 0.18367 | 0.18367 | 0.07872 | 0.07872 | 0.07872 | 0.03374 | 0.03374 | 0.03374 | 0.03374 | 0.01446 | 0.01446 | 0.01446 | 0.01446 | 0.00620 | 0.00620 | 0.00620 | 0.00620 
240 (h=2; 2,2,2,0)            | 0.42857 | 0.18367 | 0.18367 | 0.07872 | 0.07872 | 0.07872 | 0.03374 | 0.03374 | 0.03374 | 0.03374 | 0.01446 | 0.01446 | 0.01446 | 0.01446 | 0.00620 | 0.00620 | 0.00620 | 0.00620 
78 (h=0; 2,2,2,0)             | 0.42857 | 0.18367 | 0.18367 | 0.07872 | 0.07872 | 0.07872 | 0.03374 | 0.03374 | 0.03374 | 0.03374 | 0.01446 | 0.01446 | 0.01446 | 0.01446 | 0.00620 | 0.00620 | 0.00620 | 0.00620 


--- Hybrid Probability Table for Node u = 160 ---
--- Metatorus Structure (n=4, k=3), Torus Probability (Denominator 2*n-1) ---

Incoming Neighbor b           | (1,1)   | (1,2)   | (2,2)   | (1,3)   | (2,3)   | (3,3)   | (1,4)   | (2,4)   | (3,4)   | (4,4)   | (1,5)   | (2,5)   | (3,5)   | (4,5)   | (1,6)   | (2,6)   | (3,6)   | (4,6)   
------------------------------+----------+----------+----------+----------+----------+----------+----------+----------+----------+----------+----------+----------+----------+----------+----------+----------+----------+----------
142 (h=1; 2,0,2,1)            | 0.42857 | 0.18367 | 0.18367 | 0.07872 | 0.07872 | 0.07872 | 0.03374 | 0.03374 | 0.03374 | 0.03374 | 0.01446 | 0.01446 | 0.01446 | 0.01446 | 0.00620 | 0.00620 | 0.00620 | 0.00620 
151 (h=1; 2,1,2,1)            | 0.42857 | 0.18367 | 0.18367 | 0.07872 | 0.07872 | 0.07872 | 0.03374 | 0.03374 | 0.03374 | 0.03374 | 0.01446 | 0.01446 | 0.01446 | 0.01446 | 0.00620 | 0.00620 | 0.00620 | 0.00620 
241 (h=2; 2,2,2,1)            | 0.42857 | 0.18367 | 0.18367 | 0.07872 | 0.07872 | 0.07872 | 0.03374 | 0.03374 | 0.03374 | 0.03374 | 0.01446 | 0.01446 | 0.01446 | 0.01446 | 0.00620 | 0.00620 | 0.00620 | 0.00620 
79 (h=0; 2,2,2,1)             | 0.42857 | 0.18367 | 0.18367 | 0.07872 | 0.07872 | 0.07872 | 0.03374 | 0.03374 | 0.03374 | 0.03374 | 0.01446 | 0.01446 | 0.01446 | 0.01446 | 0.00620 | 0.00620 | 0.00620 | 0.00620 


--- Hybrid Probability Table for Node u = 161 ---
--- Metatorus Structure (n=4, k=3), Torus Probability (Denominator 2*n-1) ---

Incoming Neighbor b           | (1,1)   | (1,2)   | (2,2)   | (1,3)   | (2,3)   | (3,3)   | (1,4)   | (2,4)   | (3,4)   | (4,4)   | (1,5)   | (2,5)   | (3,5)   | (4,5)   | (1,6)   | (2,6)   | (3,6)   | (4,6)   
------------------------------+----------+----------+----------+----------+----------+----------+----------+----------+----------+----------+----------+----------+----------+----------+----------+----------+----------+----------
143 (h=1; 2,0,2,2)            | 0.42857 | 0.18367 | 0.18367 | 0.07872 | 0.07872 | 0.07872 | 0.03374 | 0.03374 | 0.03374 | 0.03374 | 0.01446 | 0.01446 | 0.01446 | 0.01446 | 0.00620 | 0.00620 | 0.00620 | 0.00620 
152 (h=1; 2,1,2,2)            | 0.42857 | 0.18367 | 0.18367 | 0.07872 | 0.07872 | 0.07872 | 0.03374 | 0.03374 | 0.03374 | 0.03374 | 0.01446 | 0.01446 | 0.01446 | 0.01446 | 0.00620 | 0.00620 | 0.00620 | 0.00620 
242 (h=2; 2,2,2,2)            | 0.42857 | 0.18367 | 0.18367 | 0.07872 | 0.07872 | 0.07872 | 0.03374 | 0.03374 | 0.03374 | 0.03374 | 0.01446 | 0.01446 | 0.01446 | 0.01446 | 0.00620 | 0.00620 | 0.00620 | 0.00620 
80 (h=0; 2,2,2,2)             | 0.42857 | 0.18367 | 0.18367 | 0.07872 | 0.07872 | 0.07872 | 0.03374 | 0.03374 | 0.03374 | 0.03374 | 0.01446 | 0.01446 | 0.01446 | 0.01446 | 0.00620 | 0.00620 | 0.00620 | 0.00620 


--- Hybrid Probability Table for Node u = 162 ---
--- Metatorus Structure (n=4, k=3), Torus Probability (Denominator 2*n-1) ---

Incoming Neighbor b           | (1,1)   | (1,2)   | (2,2)   | (1,3)   | (2,3)   | (3,3)   | (1,4)   | (2,4)   | (3,4)   | (4,4)   | (1,5)   | (2,5)   | (3,5)   | (4,5)   | (1,6)   | (2,6)   | (3,6)   | (4,6)   
------------------------------+----------+----------+----------+----------+----------+----------+----------+----------+----------+----------+----------+----------+----------+----------+----------+----------+----------+----------
165 (h=2; 0,0,1,0)            | 0.42857 | 0.18367 | 0.18367 | 0.07872 | 0.07872 | 0.07872 | 0.03374 | 0.03374 | 0.03374 | 0.03374 | 0.01446 | 0.01446 | 0.01446 | 0.01446 | 0.00620 | 0.00620 | 0.00620 | 0.00620 
168 (h=2; 0,0,2,0)            | 0.42857 | 0.18367 | 0.18367 | 0.07872 | 0.07872 | 0.07872 | 0.03374 | 0.03374 | 0.03374 | 0.03374 | 0.01446 | 0.01446 | 0.01446 | 0.01446 | 0.00620 | 0.00620 | 0.00620 | 0.00620 
243 (h=3; 0,0,0,0)            | 0.42857 | 0.18367 | 0.18367 | 0.07872 | 0.07872 | 0.07872 | 0.03374 | 0.03374 | 0.03374 | 0.03374 | 0.01446 | 0.01446 | 0.01446 | 0.01446 | 0.00620 | 0.00620 | 0.00620 | 0.00620 
81 (h=1; 0,0,0,0)             | 0.42857 | 0.18367 | 0.18367 | 0.07872 | 0.07872 | 0.07872 | 0.03374 | 0.03374 | 0.03374 | 0.03374 | 0.01446 | 0.01446 | 0.01446 | 0.01446 | 0.00620 | 0.00620 | 0.00620 | 0.00620 


--- Hybrid Probability Table for Node u = 163 ---
--- Metatorus Structure (n=4, k=3), Torus Probability (Denominator 2*n-1) ---

Incoming Neighbor b           | (1,1)   | (1,2)   | (2,2)   | (1,3)   | (2,3)   | (3,3)   | (1,4)   | (2,4)   | (3,4)   | (4,4)   | (1,5)   | (2,5)   | (3,5)   | (4,5)   | (1,6)   | (2,6)   | (3,6)   | (4,6)   
------------------------------+----------+----------+----------+----------+----------+----------+----------+----------+----------+----------+----------+----------+----------+----------+----------+----------+----------+----------
166 (h=2; 0,0,1,1)            | 0.42857 | 0.18367 | 0.18367 | 0.07872 | 0.07872 | 0.07872 | 0.03374 | 0.03374 | 0.03374 | 0.03374 | 0.01446 | 0.01446 | 0.01446 | 0.01446 | 0.00620 | 0.00620 | 0.00620 | 0.00620 
169 (h=2; 0,0,2,1)            | 0.42857 | 0.18367 | 0.18367 | 0.07872 | 0.07872 | 0.07872 | 0.03374 | 0.03374 | 0.03374 | 0.03374 | 0.01446 | 0.01446 | 0.01446 | 0.01446 | 0.00620 | 0.00620 | 0.00620 | 0.00620 
244 (h=3; 0,0,0,1)            | 0.42857 | 0.18367 | 0.18367 | 0.07872 | 0.07872 | 0.07872 | 0.03374 | 0.03374 | 0.03374 | 0.03374 | 0.01446 | 0.01446 | 0.01446 | 0.01446 | 0.00620 | 0.00620 | 0.00620 | 0.00620 
82 (h=1; 0,0,0,1)             | 0.42857 | 0.18367 | 0.18367 | 0.07872 | 0.07872 | 0.07872 | 0.03374 | 0.03374 | 0.03374 | 0.03374 | 0.01446 | 0.01446 | 0.01446 | 0.01446 | 0.00620 | 0.00620 | 0.00620 | 0.00620 


--- Hybrid Probability Table for Node u = 164 ---
--- Metatorus Structure (n=4, k=3), Torus Probability (Denominator 2*n-1) ---

Incoming Neighbor b           | (1,1)   | (1,2)   | (2,2)   | (1,3)   | (2,3)   | (3,3)   | (1,4)   | (2,4)   | (3,4)   | (4,4)   | (1,5)   | (2,5)   | (3,5)   | (4,5)   | (1,6)   | (2,6)   | (3,6)   | (4,6)   
------------------------------+----------+----------+----------+----------+----------+----------+----------+----------+----------+----------+----------+----------+----------+----------+----------+----------+----------+----------
167 (h=2; 0,0,1,2)            | 0.42857 | 0.18367 | 0.18367 | 0.07872 | 0.07872 | 0.07872 | 0.03374 | 0.03374 | 0.03374 | 0.03374 | 0.01446 | 0.01446 | 0.01446 | 0.01446 | 0.00620 | 0.00620 | 0.00620 | 0.00620 
170 (h=2; 0,0,2,2)            | 0.42857 | 0.18367 | 0.18367 | 0.07872 | 0.07872 | 0.07872 | 0.03374 | 0.03374 | 0.03374 | 0.03374 | 0.01446 | 0.01446 | 0.01446 | 0.01446 | 0.00620 | 0.00620 | 0.00620 | 0.00620 
245 (h=3; 0,0,0,2)            | 0.42857 | 0.18367 | 0.18367 | 0.07872 | 0.07872 | 0.07872 | 0.03374 | 0.03374 | 0.03374 | 0.03374 | 0.01446 | 0.01446 | 0.01446 | 0.01446 | 0.00620 | 0.00620 | 0.00620 | 0.00620 
83 (h=1; 0,0,0,2)             | 0.42857 | 0.18367 | 0.18367 | 0.07872 | 0.07872 | 0.07872 | 0.03374 | 0.03374 | 0.03374 | 0.03374 | 0.01446 | 0.01446 | 0.01446 | 0.01446 | 0.00620 | 0.00620 | 0.00620 | 0.00620 


--- Hybrid Probability Table for Node u = 165 ---
--- Metatorus Structure (n=4, k=3), Torus Probability (Denominator 2*n-1) ---

Incoming Neighbor b           | (1,1)   | (1,2)   | (2,2)   | (1,3)   | (2,3)   | (3,3)   | (1,4)   | (2,4)   | (3,4)   | (4,4)   | (1,5)   | (2,5)   | (3,5)   | (4,5)   | (1,6)   | (2,6)   | (3,6)   | (4,6)   
------------------------------+----------+----------+----------+----------+----------+----------+----------+----------+----------+----------+----------+----------+----------+----------+----------+----------+----------+----------
168 (h=2; 0,0,2,0)            | 0.42857 | 0.18367 | 0.18367 | 0.07872 | 0.07872 | 0.07872 | 0.03374 | 0.03374 | 0.03374 | 0.03374 | 0.01446 | 0.01446 | 0.01446 | 0.01446 | 0.00620 | 0.00620 | 0.00620 | 0.00620 
162 (h=2; 0,0,0,0)            | 0.42857 | 0.18367 | 0.18367 | 0.07872 | 0.07872 | 0.07872 | 0.03374 | 0.03374 | 0.03374 | 0.03374 | 0.01446 | 0.01446 | 0.01446 | 0.01446 | 0.00620 | 0.00620 | 0.00620 | 0.00620 
246 (h=3; 0,0,1,0)            | 0.42857 | 0.18367 | 0.18367 | 0.07872 | 0.07872 | 0.07872 | 0.03374 | 0.03374 | 0.03374 | 0.03374 | 0.01446 | 0.01446 | 0.01446 | 0.01446 | 0.00620 | 0.00620 | 0.00620 | 0.00620 
84 (h=1; 0,0,1,0)             | 0.42857 | 0.18367 | 0.18367 | 0.07872 | 0.07872 | 0.07872 | 0.03374 | 0.03374 | 0.03374 | 0.03374 | 0.01446 | 0.01446 | 0.01446 | 0.01446 | 0.00620 | 0.00620 | 0.00620 | 0.00620 


--- Hybrid Probability Table for Node u = 166 ---
--- Metatorus Structure (n=4, k=3), Torus Probability (Denominator 2*n-1) ---

Incoming Neighbor b           | (1,1)   | (1,2)   | (2,2)   | (1,3)   | (2,3)   | (3,3)   | (1,4)   | (2,4)   | (3,4)   | (4,4)   | (1,5)   | (2,5)   | (3,5)   | (4,5)   | (1,6)   | (2,6)   | (3,6)   | (4,6)   
------------------------------+----------+----------+----------+----------+----------+----------+----------+----------+----------+----------+----------+----------+----------+----------+----------+----------+----------+----------
169 (h=2; 0,0,2,1)            | 0.42857 | 0.18367 | 0.18367 | 0.07872 | 0.07872 | 0.07872 | 0.03374 | 0.03374 | 0.03374 | 0.03374 | 0.01446 | 0.01446 | 0.01446 | 0.01446 | 0.00620 | 0.00620 | 0.00620 | 0.00620 
163 (h=2; 0,0,0,1)            | 0.42857 | 0.18367 | 0.18367 | 0.07872 | 0.07872 | 0.07872 | 0.03374 | 0.03374 | 0.03374 | 0.03374 | 0.01446 | 0.01446 | 0.01446 | 0.01446 | 0.00620 | 0.00620 | 0.00620 | 0.00620 
247 (h=3; 0,0,1,1)            | 0.42857 | 0.18367 | 0.18367 | 0.07872 | 0.07872 | 0.07872 | 0.03374 | 0.03374 | 0.03374 | 0.03374 | 0.01446 | 0.01446 | 0.01446 | 0.01446 | 0.00620 | 0.00620 | 0.00620 | 0.00620 
85 (h=1; 0,0,1,1)             | 0.42857 | 0.18367 | 0.18367 | 0.07872 | 0.07872 | 0.07872 | 0.03374 | 0.03374 | 0.03374 | 0.03374 | 0.01446 | 0.01446 | 0.01446 | 0.01446 | 0.00620 | 0.00620 | 0.00620 | 0.00620 


--- Hybrid Probability Table for Node u = 167 ---
--- Metatorus Structure (n=4, k=3), Torus Probability (Denominator 2*n-1) ---

Incoming Neighbor b           | (1,1)   | (1,2)   | (2,2)   | (1,3)   | (2,3)   | (3,3)   | (1,4)   | (2,4)   | (3,4)   | (4,4)   | (1,5)   | (2,5)   | (3,5)   | (4,5)   | (1,6)   | (2,6)   | (3,6)   | (4,6)   
------------------------------+----------+----------+----------+----------+----------+----------+----------+----------+----------+----------+----------+----------+----------+----------+----------+----------+----------+----------
170 (h=2; 0,0,2,2)            | 0.42857 | 0.18367 | 0.18367 | 0.07872 | 0.07872 | 0.07872 | 0.03374 | 0.03374 | 0.03374 | 0.03374 | 0.01446 | 0.01446 | 0.01446 | 0.01446 | 0.00620 | 0.00620 | 0.00620 | 0.00620 
164 (h=2; 0,0,0,2)            | 0.42857 | 0.18367 | 0.18367 | 0.07872 | 0.07872 | 0.07872 | 0.03374 | 0.03374 | 0.03374 | 0.03374 | 0.01446 | 0.01446 | 0.01446 | 0.01446 | 0.00620 | 0.00620 | 0.00620 | 0.00620 
248 (h=3; 0,0,1,2)            | 0.42857 | 0.18367 | 0.18367 | 0.07872 | 0.07872 | 0.07872 | 0.03374 | 0.03374 | 0.03374 | 0.03374 | 0.01446 | 0.01446 | 0.01446 | 0.01446 | 0.00620 | 0.00620 | 0.00620 | 0.00620 
86 (h=1; 0,0,1,2)             | 0.42857 | 0.18367 | 0.18367 | 0.07872 | 0.07872 | 0.07872 | 0.03374 | 0.03374 | 0.03374 | 0.03374 | 0.01446 | 0.01446 | 0.01446 | 0.01446 | 0.00620 | 0.00620 | 0.00620 | 0.00620 


--- Hybrid Probability Table for Node u = 168 ---
--- Metatorus Structure (n=4, k=3), Torus Probability (Denominator 2*n-1) ---

Incoming Neighbor b           | (1,1)   | (1,2)   | (2,2)   | (1,3)   | (2,3)   | (3,3)   | (1,4)   | (2,4)   | (3,4)   | (4,4)   | (1,5)   | (2,5)   | (3,5)   | (4,5)   | (1,6)   | (2,6)   | (3,6)   | (4,6)   
------------------------------+----------+----------+----------+----------+----------+----------+----------+----------+----------+----------+----------+----------+----------+----------+----------+----------+----------+----------
162 (h=2; 0,0,0,0)            | 0.42857 | 0.18367 | 0.18367 | 0.07872 | 0.07872 | 0.07872 | 0.03374 | 0.03374 | 0.03374 | 0.03374 | 0.01446 | 0.01446 | 0.01446 | 0.01446 | 0.00620 | 0.00620 | 0.00620 | 0.00620 
165 (h=2; 0,0,1,0)            | 0.42857 | 0.18367 | 0.18367 | 0.07872 | 0.07872 | 0.07872 | 0.03374 | 0.03374 | 0.03374 | 0.03374 | 0.01446 | 0.01446 | 0.01446 | 0.01446 | 0.00620 | 0.00620 | 0.00620 | 0.00620 
249 (h=3; 0,0,2,0)            | 0.42857 | 0.18367 | 0.18367 | 0.07872 | 0.07872 | 0.07872 | 0.03374 | 0.03374 | 0.03374 | 0.03374 | 0.01446 | 0.01446 | 0.01446 | 0.01446 | 0.00620 | 0.00620 | 0.00620 | 0.00620 
87 (h=1; 0,0,2,0)             | 0.42857 | 0.18367 | 0.18367 | 0.07872 | 0.07872 | 0.07872 | 0.03374 | 0.03374 | 0.03374 | 0.03374 | 0.01446 | 0.01446 | 0.01446 | 0.01446 | 0.00620 | 0.00620 | 0.00620 | 0.00620 


--- Hybrid Probability Table for Node u = 169 ---
--- Metatorus Structure (n=4, k=3), Torus Probability (Denominator 2*n-1) ---

Incoming Neighbor b           | (1,1)   | (1,2)   | (2,2)   | (1,3)   | (2,3)   | (3,3)   | (1,4)   | (2,4)   | (3,4)   | (4,4)   | (1,5)   | (2,5)   | (3,5)   | (4,5)   | (1,6)   | (2,6)   | (3,6)   | (4,6)   
------------------------------+----------+----------+----------+----------+----------+----------+----------+----------+----------+----------+----------+----------+----------+----------+----------+----------+----------+----------
163 (h=2; 0,0,0,1)            | 0.42857 | 0.18367 | 0.18367 | 0.07872 | 0.07872 | 0.07872 | 0.03374 | 0.03374 | 0.03374 | 0.03374 | 0.01446 | 0.01446 | 0.01446 | 0.01446 | 0.00620 | 0.00620 | 0.00620 | 0.00620 
166 (h=2; 0,0,1,1)            | 0.42857 | 0.18367 | 0.18367 | 0.07872 | 0.07872 | 0.07872 | 0.03374 | 0.03374 | 0.03374 | 0.03374 | 0.01446 | 0.01446 | 0.01446 | 0.01446 | 0.00620 | 0.00620 | 0.00620 | 0.00620 
250 (h=3; 0,0,2,1)            | 0.42857 | 0.18367 | 0.18367 | 0.07872 | 0.07872 | 0.07872 | 0.03374 | 0.03374 | 0.03374 | 0.03374 | 0.01446 | 0.01446 | 0.01446 | 0.01446 | 0.00620 | 0.00620 | 0.00620 | 0.00620 
88 (h=1; 0,0,2,1)             | 0.42857 | 0.18367 | 0.18367 | 0.07872 | 0.07872 | 0.07872 | 0.03374 | 0.03374 | 0.03374 | 0.03374 | 0.01446 | 0.01446 | 0.01446 | 0.01446 | 0.00620 | 0.00620 | 0.00620 | 0.00620 


--- Hybrid Probability Table for Node u = 170 ---
--- Metatorus Structure (n=4, k=3), Torus Probability (Denominator 2*n-1) ---

Incoming Neighbor b           | (1,1)   | (1,2)   | (2,2)   | (1,3)   | (2,3)   | (3,3)   | (1,4)   | (2,4)   | (3,4)   | (4,4)   | (1,5)   | (2,5)   | (3,5)   | (4,5)   | (1,6)   | (2,6)   | (3,6)   | (4,6)   
------------------------------+----------+----------+----------+----------+----------+----------+----------+----------+----------+----------+----------+----------+----------+----------+----------+----------+----------+----------
164 (h=2; 0,0,0,2)            | 0.42857 | 0.18367 | 0.18367 | 0.07872 | 0.07872 | 0.07872 | 0.03374 | 0.03374 | 0.03374 | 0.03374 | 0.01446 | 0.01446 | 0.01446 | 0.01446 | 0.00620 | 0.00620 | 0.00620 | 0.00620 
167 (h=2; 0,0,1,2)            | 0.42857 | 0.18367 | 0.18367 | 0.07872 | 0.07872 | 0.07872 | 0.03374 | 0.03374 | 0.03374 | 0.03374 | 0.01446 | 0.01446 | 0.01446 | 0.01446 | 0.00620 | 0.00620 | 0.00620 | 0.00620 
251 (h=3; 0,0,2,2)            | 0.42857 | 0.18367 | 0.18367 | 0.07872 | 0.07872 | 0.07872 | 0.03374 | 0.03374 | 0.03374 | 0.03374 | 0.01446 | 0.01446 | 0.01446 | 0.01446 | 0.00620 | 0.00620 | 0.00620 | 0.00620 
89 (h=1; 0,0,2,2)             | 0.42857 | 0.18367 | 0.18367 | 0.07872 | 0.07872 | 0.07872 | 0.03374 | 0.03374 | 0.03374 | 0.03374 | 0.01446 | 0.01446 | 0.01446 | 0.01446 | 0.00620 | 0.00620 | 0.00620 | 0.00620 


--- Hybrid Probability Table for Node u = 171 ---
--- Metatorus Structure (n=4, k=3), Torus Probability (Denominator 2*n-1) ---

Incoming Neighbor b           | (1,1)   | (1,2)   | (2,2)   | (1,3)   | (2,3)   | (3,3)   | (1,4)   | (2,4)   | (3,4)   | (4,4)   | (1,5)   | (2,5)   | (3,5)   | (4,5)   | (1,6)   | (2,6)   | (3,6)   | (4,6)   
------------------------------+----------+----------+----------+----------+----------+----------+----------+----------+----------+----------+----------+----------+----------+----------+----------+----------+----------+----------
174 (h=2; 0,1,1,0)            | 0.42857 | 0.18367 | 0.18367 | 0.07872 | 0.07872 | 0.07872 | 0.03374 | 0.03374 | 0.03374 | 0.03374 | 0.01446 | 0.01446 | 0.01446 | 0.01446 | 0.00620 | 0.00620 | 0.00620 | 0.00620 
177 (h=2; 0,1,2,0)            | 0.42857 | 0.18367 | 0.18367 | 0.07872 | 0.07872 | 0.07872 | 0.03374 | 0.03374 | 0.03374 | 0.03374 | 0.01446 | 0.01446 | 0.01446 | 0.01446 | 0.00620 | 0.00620 | 0.00620 | 0.00620 
252 (h=3; 0,1,0,0)            | 0.42857 | 0.18367 | 0.18367 | 0.07872 | 0.07872 | 0.07872 | 0.03374 | 0.03374 | 0.03374 | 0.03374 | 0.01446 | 0.01446 | 0.01446 | 0.01446 | 0.00620 | 0.00620 | 0.00620 | 0.00620 
90 (h=1; 0,1,0,0)             | 0.42857 | 0.18367 | 0.18367 | 0.07872 | 0.07872 | 0.07872 | 0.03374 | 0.03374 | 0.03374 | 0.03374 | 0.01446 | 0.01446 | 0.01446 | 0.01446 | 0.00620 | 0.00620 | 0.00620 | 0.00620 


--- Hybrid Probability Table for Node u = 172 ---
--- Metatorus Structure (n=4, k=3), Torus Probability (Denominator 2*n-1) ---

Incoming Neighbor b           | (1,1)   | (1,2)   | (2,2)   | (1,3)   | (2,3)   | (3,3)   | (1,4)   | (2,4)   | (3,4)   | (4,4)   | (1,5)   | (2,5)   | (3,5)   | (4,5)   | (1,6)   | (2,6)   | (3,6)   | (4,6)   
------------------------------+----------+----------+----------+----------+----------+----------+----------+----------+----------+----------+----------+----------+----------+----------+----------+----------+----------+----------
175 (h=2; 0,1,1,1)            | 0.42857 | 0.18367 | 0.18367 | 0.07872 | 0.07872 | 0.07872 | 0.03374 | 0.03374 | 0.03374 | 0.03374 | 0.01446 | 0.01446 | 0.01446 | 0.01446 | 0.00620 | 0.00620 | 0.00620 | 0.00620 
178 (h=2; 0,1,2,1)            | 0.42857 | 0.18367 | 0.18367 | 0.07872 | 0.07872 | 0.07872 | 0.03374 | 0.03374 | 0.03374 | 0.03374 | 0.01446 | 0.01446 | 0.01446 | 0.01446 | 0.00620 | 0.00620 | 0.00620 | 0.00620 
253 (h=3; 0,1,0,1)            | 0.42857 | 0.18367 | 0.18367 | 0.07872 | 0.07872 | 0.07872 | 0.03374 | 0.03374 | 0.03374 | 0.03374 | 0.01446 | 0.01446 | 0.01446 | 0.01446 | 0.00620 | 0.00620 | 0.00620 | 0.00620 
91 (h=1; 0,1,0,1)             | 0.42857 | 0.18367 | 0.18367 | 0.07872 | 0.07872 | 0.07872 | 0.03374 | 0.03374 | 0.03374 | 0.03374 | 0.01446 | 0.01446 | 0.01446 | 0.01446 | 0.00620 | 0.00620 | 0.00620 | 0.00620 


--- Hybrid Probability Table for Node u = 173 ---
--- Metatorus Structure (n=4, k=3), Torus Probability (Denominator 2*n-1) ---

Incoming Neighbor b           | (1,1)   | (1,2)   | (2,2)   | (1,3)   | (2,3)   | (3,3)   | (1,4)   | (2,4)   | (3,4)   | (4,4)   | (1,5)   | (2,5)   | (3,5)   | (4,5)   | (1,6)   | (2,6)   | (3,6)   | (4,6)   
------------------------------+----------+----------+----------+----------+----------+----------+----------+----------+----------+----------+----------+----------+----------+----------+----------+----------+----------+----------
176 (h=2; 0,1,1,2)            | 0.42857 | 0.18367 | 0.18367 | 0.07872 | 0.07872 | 0.07872 | 0.03374 | 0.03374 | 0.03374 | 0.03374 | 0.01446 | 0.01446 | 0.01446 | 0.01446 | 0.00620 | 0.00620 | 0.00620 | 0.00620 
179 (h=2; 0,1,2,2)            | 0.42857 | 0.18367 | 0.18367 | 0.07872 | 0.07872 | 0.07872 | 0.03374 | 0.03374 | 0.03374 | 0.03374 | 0.01446 | 0.01446 | 0.01446 | 0.01446 | 0.00620 | 0.00620 | 0.00620 | 0.00620 
254 (h=3; 0,1,0,2)            | 0.42857 | 0.18367 | 0.18367 | 0.07872 | 0.07872 | 0.07872 | 0.03374 | 0.03374 | 0.03374 | 0.03374 | 0.01446 | 0.01446 | 0.01446 | 0.01446 | 0.00620 | 0.00620 | 0.00620 | 0.00620 
92 (h=1; 0,1,0,2)             | 0.42857 | 0.18367 | 0.18367 | 0.07872 | 0.07872 | 0.07872 | 0.03374 | 0.03374 | 0.03374 | 0.03374 | 0.01446 | 0.01446 | 0.01446 | 0.01446 | 0.00620 | 0.00620 | 0.00620 | 0.00620 


--- Hybrid Probability Table for Node u = 174 ---
--- Metatorus Structure (n=4, k=3), Torus Probability (Denominator 2*n-1) ---

Incoming Neighbor b           | (1,1)   | (1,2)   | (2,2)   | (1,3)   | (2,3)   | (3,3)   | (1,4)   | (2,4)   | (3,4)   | (4,4)   | (1,5)   | (2,5)   | (3,5)   | (4,5)   | (1,6)   | (2,6)   | (3,6)   | (4,6)   
------------------------------+----------+----------+----------+----------+----------+----------+----------+----------+----------+----------+----------+----------+----------+----------+----------+----------+----------+----------
177 (h=2; 0,1,2,0)            | 0.42857 | 0.18367 | 0.18367 | 0.07872 | 0.07872 | 0.07872 | 0.03374 | 0.03374 | 0.03374 | 0.03374 | 0.01446 | 0.01446 | 0.01446 | 0.01446 | 0.00620 | 0.00620 | 0.00620 | 0.00620 
171 (h=2; 0,1,0,0)            | 0.42857 | 0.18367 | 0.18367 | 0.07872 | 0.07872 | 0.07872 | 0.03374 | 0.03374 | 0.03374 | 0.03374 | 0.01446 | 0.01446 | 0.01446 | 0.01446 | 0.00620 | 0.00620 | 0.00620 | 0.00620 
255 (h=3; 0,1,1,0)            | 0.42857 | 0.18367 | 0.18367 | 0.07872 | 0.07872 | 0.07872 | 0.03374 | 0.03374 | 0.03374 | 0.03374 | 0.01446 | 0.01446 | 0.01446 | 0.01446 | 0.00620 | 0.00620 | 0.00620 | 0.00620 
93 (h=1; 0,1,1,0)             | 0.42857 | 0.18367 | 0.18367 | 0.07872 | 0.07872 | 0.07872 | 0.03374 | 0.03374 | 0.03374 | 0.03374 | 0.01446 | 0.01446 | 0.01446 | 0.01446 | 0.00620 | 0.00620 | 0.00620 | 0.00620 


--- Hybrid Probability Table for Node u = 175 ---
--- Metatorus Structure (n=4, k=3), Torus Probability (Denominator 2*n-1) ---

Incoming Neighbor b           | (1,1)   | (1,2)   | (2,2)   | (1,3)   | (2,3)   | (3,3)   | (1,4)   | (2,4)   | (3,4)   | (4,4)   | (1,5)   | (2,5)   | (3,5)   | (4,5)   | (1,6)   | (2,6)   | (3,6)   | (4,6)   
------------------------------+----------+----------+----------+----------+----------+----------+----------+----------+----------+----------+----------+----------+----------+----------+----------+----------+----------+----------
178 (h=2; 0,1,2,1)            | 0.42857 | 0.18367 | 0.18367 | 0.07872 | 0.07872 | 0.07872 | 0.03374 | 0.03374 | 0.03374 | 0.03374 | 0.01446 | 0.01446 | 0.01446 | 0.01446 | 0.00620 | 0.00620 | 0.00620 | 0.00620 
172 (h=2; 0,1,0,1)            | 0.42857 | 0.18367 | 0.18367 | 0.07872 | 0.07872 | 0.07872 | 0.03374 | 0.03374 | 0.03374 | 0.03374 | 0.01446 | 0.01446 | 0.01446 | 0.01446 | 0.00620 | 0.00620 | 0.00620 | 0.00620 
256 (h=3; 0,1,1,1)            | 0.42857 | 0.18367 | 0.18367 | 0.07872 | 0.07872 | 0.07872 | 0.03374 | 0.03374 | 0.03374 | 0.03374 | 0.01446 | 0.01446 | 0.01446 | 0.01446 | 0.00620 | 0.00620 | 0.00620 | 0.00620 
94 (h=1; 0,1,1,1)             | 0.42857 | 0.18367 | 0.18367 | 0.07872 | 0.07872 | 0.07872 | 0.03374 | 0.03374 | 0.03374 | 0.03374 | 0.01446 | 0.01446 | 0.01446 | 0.01446 | 0.00620 | 0.00620 | 0.00620 | 0.00620 


--- Hybrid Probability Table for Node u = 176 ---
--- Metatorus Structure (n=4, k=3), Torus Probability (Denominator 2*n-1) ---

Incoming Neighbor b           | (1,1)   | (1,2)   | (2,2)   | (1,3)   | (2,3)   | (3,3)   | (1,4)   | (2,4)   | (3,4)   | (4,4)   | (1,5)   | (2,5)   | (3,5)   | (4,5)   | (1,6)   | (2,6)   | (3,6)   | (4,6)   
------------------------------+----------+----------+----------+----------+----------+----------+----------+----------+----------+----------+----------+----------+----------+----------+----------+----------+----------+----------
179 (h=2; 0,1,2,2)            | 0.42857 | 0.18367 | 0.18367 | 0.07872 | 0.07872 | 0.07872 | 0.03374 | 0.03374 | 0.03374 | 0.03374 | 0.01446 | 0.01446 | 0.01446 | 0.01446 | 0.00620 | 0.00620 | 0.00620 | 0.00620 
173 (h=2; 0,1,0,2)            | 0.42857 | 0.18367 | 0.18367 | 0.07872 | 0.07872 | 0.07872 | 0.03374 | 0.03374 | 0.03374 | 0.03374 | 0.01446 | 0.01446 | 0.01446 | 0.01446 | 0.00620 | 0.00620 | 0.00620 | 0.00620 
257 (h=3; 0,1,1,2)            | 0.42857 | 0.18367 | 0.18367 | 0.07872 | 0.07872 | 0.07872 | 0.03374 | 0.03374 | 0.03374 | 0.03374 | 0.01446 | 0.01446 | 0.01446 | 0.01446 | 0.00620 | 0.00620 | 0.00620 | 0.00620 
95 (h=1; 0,1,1,2)             | 0.42857 | 0.18367 | 0.18367 | 0.07872 | 0.07872 | 0.07872 | 0.03374 | 0.03374 | 0.03374 | 0.03374 | 0.01446 | 0.01446 | 0.01446 | 0.01446 | 0.00620 | 0.00620 | 0.00620 | 0.00620 


--- Hybrid Probability Table for Node u = 177 ---
--- Metatorus Structure (n=4, k=3), Torus Probability (Denominator 2*n-1) ---

Incoming Neighbor b           | (1,1)   | (1,2)   | (2,2)   | (1,3)   | (2,3)   | (3,3)   | (1,4)   | (2,4)   | (3,4)   | (4,4)   | (1,5)   | (2,5)   | (3,5)   | (4,5)   | (1,6)   | (2,6)   | (3,6)   | (4,6)   
------------------------------+----------+----------+----------+----------+----------+----------+----------+----------+----------+----------+----------+----------+----------+----------+----------+----------+----------+----------
171 (h=2; 0,1,0,0)            | 0.42857 | 0.18367 | 0.18367 | 0.07872 | 0.07872 | 0.07872 | 0.03374 | 0.03374 | 0.03374 | 0.03374 | 0.01446 | 0.01446 | 0.01446 | 0.01446 | 0.00620 | 0.00620 | 0.00620 | 0.00620 
174 (h=2; 0,1,1,0)            | 0.42857 | 0.18367 | 0.18367 | 0.07872 | 0.07872 | 0.07872 | 0.03374 | 0.03374 | 0.03374 | 0.03374 | 0.01446 | 0.01446 | 0.01446 | 0.01446 | 0.00620 | 0.00620 | 0.00620 | 0.00620 
258 (h=3; 0,1,2,0)            | 0.42857 | 0.18367 | 0.18367 | 0.07872 | 0.07872 | 0.07872 | 0.03374 | 0.03374 | 0.03374 | 0.03374 | 0.01446 | 0.01446 | 0.01446 | 0.01446 | 0.00620 | 0.00620 | 0.00620 | 0.00620 
96 (h=1; 0,1,2,0)             | 0.42857 | 0.18367 | 0.18367 | 0.07872 | 0.07872 | 0.07872 | 0.03374 | 0.03374 | 0.03374 | 0.03374 | 0.01446 | 0.01446 | 0.01446 | 0.01446 | 0.00620 | 0.00620 | 0.00620 | 0.00620 


--- Hybrid Probability Table for Node u = 178 ---
--- Metatorus Structure (n=4, k=3), Torus Probability (Denominator 2*n-1) ---

Incoming Neighbor b           | (1,1)   | (1,2)   | (2,2)   | (1,3)   | (2,3)   | (3,3)   | (1,4)   | (2,4)   | (3,4)   | (4,4)   | (1,5)   | (2,5)   | (3,5)   | (4,5)   | (1,6)   | (2,6)   | (3,6)   | (4,6)   
------------------------------+----------+----------+----------+----------+----------+----------+----------+----------+----------+----------+----------+----------+----------+----------+----------+----------+----------+----------
172 (h=2; 0,1,0,1)            | 0.42857 | 0.18367 | 0.18367 | 0.07872 | 0.07872 | 0.07872 | 0.03374 | 0.03374 | 0.03374 | 0.03374 | 0.01446 | 0.01446 | 0.01446 | 0.01446 | 0.00620 | 0.00620 | 0.00620 | 0.00620 
175 (h=2; 0,1,1,1)            | 0.42857 | 0.18367 | 0.18367 | 0.07872 | 0.07872 | 0.07872 | 0.03374 | 0.03374 | 0.03374 | 0.03374 | 0.01446 | 0.01446 | 0.01446 | 0.01446 | 0.00620 | 0.00620 | 0.00620 | 0.00620 
259 (h=3; 0,1,2,1)            | 0.42857 | 0.18367 | 0.18367 | 0.07872 | 0.07872 | 0.07872 | 0.03374 | 0.03374 | 0.03374 | 0.03374 | 0.01446 | 0.01446 | 0.01446 | 0.01446 | 0.00620 | 0.00620 | 0.00620 | 0.00620 
97 (h=1; 0,1,2,1)             | 0.42857 | 0.18367 | 0.18367 | 0.07872 | 0.07872 | 0.07872 | 0.03374 | 0.03374 | 0.03374 | 0.03374 | 0.01446 | 0.01446 | 0.01446 | 0.01446 | 0.00620 | 0.00620 | 0.00620 | 0.00620 


--- Hybrid Probability Table for Node u = 179 ---
--- Metatorus Structure (n=4, k=3), Torus Probability (Denominator 2*n-1) ---

Incoming Neighbor b           | (1,1)   | (1,2)   | (2,2)   | (1,3)   | (2,3)   | (3,3)   | (1,4)   | (2,4)   | (3,4)   | (4,4)   | (1,5)   | (2,5)   | (3,5)   | (4,5)   | (1,6)   | (2,6)   | (3,6)   | (4,6)   
------------------------------+----------+----------+----------+----------+----------+----------+----------+----------+----------+----------+----------+----------+----------+----------+----------+----------+----------+----------
173 (h=2; 0,1,0,2)            | 0.42857 | 0.18367 | 0.18367 | 0.07872 | 0.07872 | 0.07872 | 0.03374 | 0.03374 | 0.03374 | 0.03374 | 0.01446 | 0.01446 | 0.01446 | 0.01446 | 0.00620 | 0.00620 | 0.00620 | 0.00620 
176 (h=2; 0,1,1,2)            | 0.42857 | 0.18367 | 0.18367 | 0.07872 | 0.07872 | 0.07872 | 0.03374 | 0.03374 | 0.03374 | 0.03374 | 0.01446 | 0.01446 | 0.01446 | 0.01446 | 0.00620 | 0.00620 | 0.00620 | 0.00620 
260 (h=3; 0,1,2,2)            | 0.42857 | 0.18367 | 0.18367 | 0.07872 | 0.07872 | 0.07872 | 0.03374 | 0.03374 | 0.03374 | 0.03374 | 0.01446 | 0.01446 | 0.01446 | 0.01446 | 0.00620 | 0.00620 | 0.00620 | 0.00620 
98 (h=1; 0,1,2,2)             | 0.42857 | 0.18367 | 0.18367 | 0.07872 | 0.07872 | 0.07872 | 0.03374 | 0.03374 | 0.03374 | 0.03374 | 0.01446 | 0.01446 | 0.01446 | 0.01446 | 0.00620 | 0.00620 | 0.00620 | 0.00620 


--- Hybrid Probability Table for Node u = 180 ---
--- Metatorus Structure (n=4, k=3), Torus Probability (Denominator 2*n-1) ---

Incoming Neighbor b           | (1,1)   | (1,2)   | (2,2)   | (1,3)   | (2,3)   | (3,3)   | (1,4)   | (2,4)   | (3,4)   | (4,4)   | (1,5)   | (2,5)   | (3,5)   | (4,5)   | (1,6)   | (2,6)   | (3,6)   | (4,6)   
------------------------------+----------+----------+----------+----------+----------+----------+----------+----------+----------+----------+----------+----------+----------+----------+----------+----------+----------+----------
183 (h=2; 0,2,1,0)            | 0.42857 | 0.18367 | 0.18367 | 0.07872 | 0.07872 | 0.07872 | 0.03374 | 0.03374 | 0.03374 | 0.03374 | 0.01446 | 0.01446 | 0.01446 | 0.01446 | 0.00620 | 0.00620 | 0.00620 | 0.00620 
186 (h=2; 0,2,2,0)            | 0.42857 | 0.18367 | 0.18367 | 0.07872 | 0.07872 | 0.07872 | 0.03374 | 0.03374 | 0.03374 | 0.03374 | 0.01446 | 0.01446 | 0.01446 | 0.01446 | 0.00620 | 0.00620 | 0.00620 | 0.00620 
261 (h=3; 0,2,0,0)            | 0.42857 | 0.18367 | 0.18367 | 0.07872 | 0.07872 | 0.07872 | 0.03374 | 0.03374 | 0.03374 | 0.03374 | 0.01446 | 0.01446 | 0.01446 | 0.01446 | 0.00620 | 0.00620 | 0.00620 | 0.00620 
99 (h=1; 0,2,0,0)             | 0.42857 | 0.18367 | 0.18367 | 0.07872 | 0.07872 | 0.07872 | 0.03374 | 0.03374 | 0.03374 | 0.03374 | 0.01446 | 0.01446 | 0.01446 | 0.01446 | 0.00620 | 0.00620 | 0.00620 | 0.00620 


--- Hybrid Probability Table for Node u = 181 ---
--- Metatorus Structure (n=4, k=3), Torus Probability (Denominator 2*n-1) ---

Incoming Neighbor b           | (1,1)   | (1,2)   | (2,2)   | (1,3)   | (2,3)   | (3,3)   | (1,4)   | (2,4)   | (3,4)   | (4,4)   | (1,5)   | (2,5)   | (3,5)   | (4,5)   | (1,6)   | (2,6)   | (3,6)   | (4,6)   
------------------------------+----------+----------+----------+----------+----------+----------+----------+----------+----------+----------+----------+----------+----------+----------+----------+----------+----------+----------
184 (h=2; 0,2,1,1)            | 0.42857 | 0.18367 | 0.18367 | 0.07872 | 0.07872 | 0.07872 | 0.03374 | 0.03374 | 0.03374 | 0.03374 | 0.01446 | 0.01446 | 0.01446 | 0.01446 | 0.00620 | 0.00620 | 0.00620 | 0.00620 
187 (h=2; 0,2,2,1)            | 0.42857 | 0.18367 | 0.18367 | 0.07872 | 0.07872 | 0.07872 | 0.03374 | 0.03374 | 0.03374 | 0.03374 | 0.01446 | 0.01446 | 0.01446 | 0.01446 | 0.00620 | 0.00620 | 0.00620 | 0.00620 
262 (h=3; 0,2,0,1)            | 0.42857 | 0.18367 | 0.18367 | 0.07872 | 0.07872 | 0.07872 | 0.03374 | 0.03374 | 0.03374 | 0.03374 | 0.01446 | 0.01446 | 0.01446 | 0.01446 | 0.00620 | 0.00620 | 0.00620 | 0.00620 
100 (h=1; 0,2,0,1)            | 0.42857 | 0.18367 | 0.18367 | 0.07872 | 0.07872 | 0.07872 | 0.03374 | 0.03374 | 0.03374 | 0.03374 | 0.01446 | 0.01446 | 0.01446 | 0.01446 | 0.00620 | 0.00620 | 0.00620 | 0.00620 


--- Hybrid Probability Table for Node u = 182 ---
--- Metatorus Structure (n=4, k=3), Torus Probability (Denominator 2*n-1) ---

Incoming Neighbor b           | (1,1)   | (1,2)   | (2,2)   | (1,3)   | (2,3)   | (3,3)   | (1,4)   | (2,4)   | (3,4)   | (4,4)   | (1,5)   | (2,5)   | (3,5)   | (4,5)   | (1,6)   | (2,6)   | (3,6)   | (4,6)   
------------------------------+----------+----------+----------+----------+----------+----------+----------+----------+----------+----------+----------+----------+----------+----------+----------+----------+----------+----------
185 (h=2; 0,2,1,2)            | 0.42857 | 0.18367 | 0.18367 | 0.07872 | 0.07872 | 0.07872 | 0.03374 | 0.03374 | 0.03374 | 0.03374 | 0.01446 | 0.01446 | 0.01446 | 0.01446 | 0.00620 | 0.00620 | 0.00620 | 0.00620 
188 (h=2; 0,2,2,2)            | 0.42857 | 0.18367 | 0.18367 | 0.07872 | 0.07872 | 0.07872 | 0.03374 | 0.03374 | 0.03374 | 0.03374 | 0.01446 | 0.01446 | 0.01446 | 0.01446 | 0.00620 | 0.00620 | 0.00620 | 0.00620 
263 (h=3; 0,2,0,2)            | 0.42857 | 0.18367 | 0.18367 | 0.07872 | 0.07872 | 0.07872 | 0.03374 | 0.03374 | 0.03374 | 0.03374 | 0.01446 | 0.01446 | 0.01446 | 0.01446 | 0.00620 | 0.00620 | 0.00620 | 0.00620 
101 (h=1; 0,2,0,2)            | 0.42857 | 0.18367 | 0.18367 | 0.07872 | 0.07872 | 0.07872 | 0.03374 | 0.03374 | 0.03374 | 0.03374 | 0.01446 | 0.01446 | 0.01446 | 0.01446 | 0.00620 | 0.00620 | 0.00620 | 0.00620 


--- Hybrid Probability Table for Node u = 183 ---
--- Metatorus Structure (n=4, k=3), Torus Probability (Denominator 2*n-1) ---

Incoming Neighbor b           | (1,1)   | (1,2)   | (2,2)   | (1,3)   | (2,3)   | (3,3)   | (1,4)   | (2,4)   | (3,4)   | (4,4)   | (1,5)   | (2,5)   | (3,5)   | (4,5)   | (1,6)   | (2,6)   | (3,6)   | (4,6)   
------------------------------+----------+----------+----------+----------+----------+----------+----------+----------+----------+----------+----------+----------+----------+----------+----------+----------+----------+----------
186 (h=2; 0,2,2,0)            | 0.42857 | 0.18367 | 0.18367 | 0.07872 | 0.07872 | 0.07872 | 0.03374 | 0.03374 | 0.03374 | 0.03374 | 0.01446 | 0.01446 | 0.01446 | 0.01446 | 0.00620 | 0.00620 | 0.00620 | 0.00620 
180 (h=2; 0,2,0,0)            | 0.42857 | 0.18367 | 0.18367 | 0.07872 | 0.07872 | 0.07872 | 0.03374 | 0.03374 | 0.03374 | 0.03374 | 0.01446 | 0.01446 | 0.01446 | 0.01446 | 0.00620 | 0.00620 | 0.00620 | 0.00620 
264 (h=3; 0,2,1,0)            | 0.42857 | 0.18367 | 0.18367 | 0.07872 | 0.07872 | 0.07872 | 0.03374 | 0.03374 | 0.03374 | 0.03374 | 0.01446 | 0.01446 | 0.01446 | 0.01446 | 0.00620 | 0.00620 | 0.00620 | 0.00620 
102 (h=1; 0,2,1,0)            | 0.42857 | 0.18367 | 0.18367 | 0.07872 | 0.07872 | 0.07872 | 0.03374 | 0.03374 | 0.03374 | 0.03374 | 0.01446 | 0.01446 | 0.01446 | 0.01446 | 0.00620 | 0.00620 | 0.00620 | 0.00620 


--- Hybrid Probability Table for Node u = 184 ---
--- Metatorus Structure (n=4, k=3), Torus Probability (Denominator 2*n-1) ---

Incoming Neighbor b           | (1,1)   | (1,2)   | (2,2)   | (1,3)   | (2,3)   | (3,3)   | (1,4)   | (2,4)   | (3,4)   | (4,4)   | (1,5)   | (2,5)   | (3,5)   | (4,5)   | (1,6)   | (2,6)   | (3,6)   | (4,6)   
------------------------------+----------+----------+----------+----------+----------+----------+----------+----------+----------+----------+----------+----------+----------+----------+----------+----------+----------+----------
187 (h=2; 0,2,2,1)            | 0.42857 | 0.18367 | 0.18367 | 0.07872 | 0.07872 | 0.07872 | 0.03374 | 0.03374 | 0.03374 | 0.03374 | 0.01446 | 0.01446 | 0.01446 | 0.01446 | 0.00620 | 0.00620 | 0.00620 | 0.00620 
181 (h=2; 0,2,0,1)            | 0.42857 | 0.18367 | 0.18367 | 0.07872 | 0.07872 | 0.07872 | 0.03374 | 0.03374 | 0.03374 | 0.03374 | 0.01446 | 0.01446 | 0.01446 | 0.01446 | 0.00620 | 0.00620 | 0.00620 | 0.00620 
265 (h=3; 0,2,1,1)            | 0.42857 | 0.18367 | 0.18367 | 0.07872 | 0.07872 | 0.07872 | 0.03374 | 0.03374 | 0.03374 | 0.03374 | 0.01446 | 0.01446 | 0.01446 | 0.01446 | 0.00620 | 0.00620 | 0.00620 | 0.00620 
103 (h=1; 0,2,1,1)            | 0.42857 | 0.18367 | 0.18367 | 0.07872 | 0.07872 | 0.07872 | 0.03374 | 0.03374 | 0.03374 | 0.03374 | 0.01446 | 0.01446 | 0.01446 | 0.01446 | 0.00620 | 0.00620 | 0.00620 | 0.00620 


--- Hybrid Probability Table for Node u = 185 ---
--- Metatorus Structure (n=4, k=3), Torus Probability (Denominator 2*n-1) ---

Incoming Neighbor b           | (1,1)   | (1,2)   | (2,2)   | (1,3)   | (2,3)   | (3,3)   | (1,4)   | (2,4)   | (3,4)   | (4,4)   | (1,5)   | (2,5)   | (3,5)   | (4,5)   | (1,6)   | (2,6)   | (3,6)   | (4,6)   
------------------------------+----------+----------+----------+----------+----------+----------+----------+----------+----------+----------+----------+----------+----------+----------+----------+----------+----------+----------
188 (h=2; 0,2,2,2)            | 0.42857 | 0.18367 | 0.18367 | 0.07872 | 0.07872 | 0.07872 | 0.03374 | 0.03374 | 0.03374 | 0.03374 | 0.01446 | 0.01446 | 0.01446 | 0.01446 | 0.00620 | 0.00620 | 0.00620 | 0.00620 
182 (h=2; 0,2,0,2)            | 0.42857 | 0.18367 | 0.18367 | 0.07872 | 0.07872 | 0.07872 | 0.03374 | 0.03374 | 0.03374 | 0.03374 | 0.01446 | 0.01446 | 0.01446 | 0.01446 | 0.00620 | 0.00620 | 0.00620 | 0.00620 
266 (h=3; 0,2,1,2)            | 0.42857 | 0.18367 | 0.18367 | 0.07872 | 0.07872 | 0.07872 | 0.03374 | 0.03374 | 0.03374 | 0.03374 | 0.01446 | 0.01446 | 0.01446 | 0.01446 | 0.00620 | 0.00620 | 0.00620 | 0.00620 
104 (h=1; 0,2,1,2)            | 0.42857 | 0.18367 | 0.18367 | 0.07872 | 0.07872 | 0.07872 | 0.03374 | 0.03374 | 0.03374 | 0.03374 | 0.01446 | 0.01446 | 0.01446 | 0.01446 | 0.00620 | 0.00620 | 0.00620 | 0.00620 


--- Hybrid Probability Table for Node u = 186 ---
--- Metatorus Structure (n=4, k=3), Torus Probability (Denominator 2*n-1) ---

Incoming Neighbor b           | (1,1)   | (1,2)   | (2,2)   | (1,3)   | (2,3)   | (3,3)   | (1,4)   | (2,4)   | (3,4)   | (4,4)   | (1,5)   | (2,5)   | (3,5)   | (4,5)   | (1,6)   | (2,6)   | (3,6)   | (4,6)   
------------------------------+----------+----------+----------+----------+----------+----------+----------+----------+----------+----------+----------+----------+----------+----------+----------+----------+----------+----------
180 (h=2; 0,2,0,0)            | 0.42857 | 0.18367 | 0.18367 | 0.07872 | 0.07872 | 0.07872 | 0.03374 | 0.03374 | 0.03374 | 0.03374 | 0.01446 | 0.01446 | 0.01446 | 0.01446 | 0.00620 | 0.00620 | 0.00620 | 0.00620 
183 (h=2; 0,2,1,0)            | 0.42857 | 0.18367 | 0.18367 | 0.07872 | 0.07872 | 0.07872 | 0.03374 | 0.03374 | 0.03374 | 0.03374 | 0.01446 | 0.01446 | 0.01446 | 0.01446 | 0.00620 | 0.00620 | 0.00620 | 0.00620 
267 (h=3; 0,2,2,0)            | 0.42857 | 0.18367 | 0.18367 | 0.07872 | 0.07872 | 0.07872 | 0.03374 | 0.03374 | 0.03374 | 0.03374 | 0.01446 | 0.01446 | 0.01446 | 0.01446 | 0.00620 | 0.00620 | 0.00620 | 0.00620 
105 (h=1; 0,2,2,0)            | 0.42857 | 0.18367 | 0.18367 | 0.07872 | 0.07872 | 0.07872 | 0.03374 | 0.03374 | 0.03374 | 0.03374 | 0.01446 | 0.01446 | 0.01446 | 0.01446 | 0.00620 | 0.00620 | 0.00620 | 0.00620 


--- Hybrid Probability Table for Node u = 187 ---
--- Metatorus Structure (n=4, k=3), Torus Probability (Denominator 2*n-1) ---

Incoming Neighbor b           | (1,1)   | (1,2)   | (2,2)   | (1,3)   | (2,3)   | (3,3)   | (1,4)   | (2,4)   | (3,4)   | (4,4)   | (1,5)   | (2,5)   | (3,5)   | (4,5)   | (1,6)   | (2,6)   | (3,6)   | (4,6)   
------------------------------+----------+----------+----------+----------+----------+----------+----------+----------+----------+----------+----------+----------+----------+----------+----------+----------+----------+----------
181 (h=2; 0,2,0,1)            | 0.42857 | 0.18367 | 0.18367 | 0.07872 | 0.07872 | 0.07872 | 0.03374 | 0.03374 | 0.03374 | 0.03374 | 0.01446 | 0.01446 | 0.01446 | 0.01446 | 0.00620 | 0.00620 | 0.00620 | 0.00620 
184 (h=2; 0,2,1,1)            | 0.42857 | 0.18367 | 0.18367 | 0.07872 | 0.07872 | 0.07872 | 0.03374 | 0.03374 | 0.03374 | 0.03374 | 0.01446 | 0.01446 | 0.01446 | 0.01446 | 0.00620 | 0.00620 | 0.00620 | 0.00620 
268 (h=3; 0,2,2,1)            | 0.42857 | 0.18367 | 0.18367 | 0.07872 | 0.07872 | 0.07872 | 0.03374 | 0.03374 | 0.03374 | 0.03374 | 0.01446 | 0.01446 | 0.01446 | 0.01446 | 0.00620 | 0.00620 | 0.00620 | 0.00620 
106 (h=1; 0,2,2,1)            | 0.42857 | 0.18367 | 0.18367 | 0.07872 | 0.07872 | 0.07872 | 0.03374 | 0.03374 | 0.03374 | 0.03374 | 0.01446 | 0.01446 | 0.01446 | 0.01446 | 0.00620 | 0.00620 | 0.00620 | 0.00620 


--- Hybrid Probability Table for Node u = 188 ---
--- Metatorus Structure (n=4, k=3), Torus Probability (Denominator 2*n-1) ---

Incoming Neighbor b           | (1,1)   | (1,2)   | (2,2)   | (1,3)   | (2,3)   | (3,3)   | (1,4)   | (2,4)   | (3,4)   | (4,4)   | (1,5)   | (2,5)   | (3,5)   | (4,5)   | (1,6)   | (2,6)   | (3,6)   | (4,6)   
------------------------------+----------+----------+----------+----------+----------+----------+----------+----------+----------+----------+----------+----------+----------+----------+----------+----------+----------+----------
182 (h=2; 0,2,0,2)            | 0.42857 | 0.18367 | 0.18367 | 0.07872 | 0.07872 | 0.07872 | 0.03374 | 0.03374 | 0.03374 | 0.03374 | 0.01446 | 0.01446 | 0.01446 | 0.01446 | 0.00620 | 0.00620 | 0.00620 | 0.00620 
185 (h=2; 0,2,1,2)            | 0.42857 | 0.18367 | 0.18367 | 0.07872 | 0.07872 | 0.07872 | 0.03374 | 0.03374 | 0.03374 | 0.03374 | 0.01446 | 0.01446 | 0.01446 | 0.01446 | 0.00620 | 0.00620 | 0.00620 | 0.00620 
269 (h=3; 0,2,2,2)            | 0.42857 | 0.18367 | 0.18367 | 0.07872 | 0.07872 | 0.07872 | 0.03374 | 0.03374 | 0.03374 | 0.03374 | 0.01446 | 0.01446 | 0.01446 | 0.01446 | 0.00620 | 0.00620 | 0.00620 | 0.00620 
107 (h=1; 0,2,2,2)            | 0.42857 | 0.18367 | 0.18367 | 0.07872 | 0.07872 | 0.07872 | 0.03374 | 0.03374 | 0.03374 | 0.03374 | 0.01446 | 0.01446 | 0.01446 | 0.01446 | 0.00620 | 0.00620 | 0.00620 | 0.00620 


--- Hybrid Probability Table for Node u = 189 ---
--- Metatorus Structure (n=4, k=3), Torus Probability (Denominator 2*n-1) ---

Incoming Neighbor b           | (1,1)   | (1,2)   | (2,2)   | (1,3)   | (2,3)   | (3,3)   | (1,4)   | (2,4)   | (3,4)   | (4,4)   | (1,5)   | (2,5)   | (3,5)   | (4,5)   | (1,6)   | (2,6)   | (3,6)   | (4,6)   
------------------------------+----------+----------+----------+----------+----------+----------+----------+----------+----------+----------+----------+----------+----------+----------+----------+----------+----------+----------
192 (h=2; 1,0,1,0)            | 0.42857 | 0.18367 | 0.18367 | 0.07872 | 0.07872 | 0.07872 | 0.03374 | 0.03374 | 0.03374 | 0.03374 | 0.01446 | 0.01446 | 0.01446 | 0.01446 | 0.00620 | 0.00620 | 0.00620 | 0.00620 
195 (h=2; 1,0,2,0)            | 0.42857 | 0.18367 | 0.18367 | 0.07872 | 0.07872 | 0.07872 | 0.03374 | 0.03374 | 0.03374 | 0.03374 | 0.01446 | 0.01446 | 0.01446 | 0.01446 | 0.00620 | 0.00620 | 0.00620 | 0.00620 
270 (h=3; 1,0,0,0)            | 0.42857 | 0.18367 | 0.18367 | 0.07872 | 0.07872 | 0.07872 | 0.03374 | 0.03374 | 0.03374 | 0.03374 | 0.01446 | 0.01446 | 0.01446 | 0.01446 | 0.00620 | 0.00620 | 0.00620 | 0.00620 
108 (h=1; 1,0,0,0)            | 0.42857 | 0.18367 | 0.18367 | 0.07872 | 0.07872 | 0.07872 | 0.03374 | 0.03374 | 0.03374 | 0.03374 | 0.01446 | 0.01446 | 0.01446 | 0.01446 | 0.00620 | 0.00620 | 0.00620 | 0.00620 


--- Hybrid Probability Table for Node u = 190 ---
--- Metatorus Structure (n=4, k=3), Torus Probability (Denominator 2*n-1) ---

Incoming Neighbor b           | (1,1)   | (1,2)   | (2,2)   | (1,3)   | (2,3)   | (3,3)   | (1,4)   | (2,4)   | (3,4)   | (4,4)   | (1,5)   | (2,5)   | (3,5)   | (4,5)   | (1,6)   | (2,6)   | (3,6)   | (4,6)   
------------------------------+----------+----------+----------+----------+----------+----------+----------+----------+----------+----------+----------+----------+----------+----------+----------+----------+----------+----------
193 (h=2; 1,0,1,1)            | 0.42857 | 0.18367 | 0.18367 | 0.07872 | 0.07872 | 0.07872 | 0.03374 | 0.03374 | 0.03374 | 0.03374 | 0.01446 | 0.01446 | 0.01446 | 0.01446 | 0.00620 | 0.00620 | 0.00620 | 0.00620 
196 (h=2; 1,0,2,1)            | 0.42857 | 0.18367 | 0.18367 | 0.07872 | 0.07872 | 0.07872 | 0.03374 | 0.03374 | 0.03374 | 0.03374 | 0.01446 | 0.01446 | 0.01446 | 0.01446 | 0.00620 | 0.00620 | 0.00620 | 0.00620 
271 (h=3; 1,0,0,1)            | 0.42857 | 0.18367 | 0.18367 | 0.07872 | 0.07872 | 0.07872 | 0.03374 | 0.03374 | 0.03374 | 0.03374 | 0.01446 | 0.01446 | 0.01446 | 0.01446 | 0.00620 | 0.00620 | 0.00620 | 0.00620 
109 (h=1; 1,0,0,1)            | 0.42857 | 0.18367 | 0.18367 | 0.07872 | 0.07872 | 0.07872 | 0.03374 | 0.03374 | 0.03374 | 0.03374 | 0.01446 | 0.01446 | 0.01446 | 0.01446 | 0.00620 | 0.00620 | 0.00620 | 0.00620 


--- Hybrid Probability Table for Node u = 191 ---
--- Metatorus Structure (n=4, k=3), Torus Probability (Denominator 2*n-1) ---

Incoming Neighbor b           | (1,1)   | (1,2)   | (2,2)   | (1,3)   | (2,3)   | (3,3)   | (1,4)   | (2,4)   | (3,4)   | (4,4)   | (1,5)   | (2,5)   | (3,5)   | (4,5)   | (1,6)   | (2,6)   | (3,6)   | (4,6)   
------------------------------+----------+----------+----------+----------+----------+----------+----------+----------+----------+----------+----------+----------+----------+----------+----------+----------+----------+----------
194 (h=2; 1,0,1,2)            | 0.42857 | 0.18367 | 0.18367 | 0.07872 | 0.07872 | 0.07872 | 0.03374 | 0.03374 | 0.03374 | 0.03374 | 0.01446 | 0.01446 | 0.01446 | 0.01446 | 0.00620 | 0.00620 | 0.00620 | 0.00620 
197 (h=2; 1,0,2,2)            | 0.42857 | 0.18367 | 0.18367 | 0.07872 | 0.07872 | 0.07872 | 0.03374 | 0.03374 | 0.03374 | 0.03374 | 0.01446 | 0.01446 | 0.01446 | 0.01446 | 0.00620 | 0.00620 | 0.00620 | 0.00620 
272 (h=3; 1,0,0,2)            | 0.42857 | 0.18367 | 0.18367 | 0.07872 | 0.07872 | 0.07872 | 0.03374 | 0.03374 | 0.03374 | 0.03374 | 0.01446 | 0.01446 | 0.01446 | 0.01446 | 0.00620 | 0.00620 | 0.00620 | 0.00620 
110 (h=1; 1,0,0,2)            | 0.42857 | 0.18367 | 0.18367 | 0.07872 | 0.07872 | 0.07872 | 0.03374 | 0.03374 | 0.03374 | 0.03374 | 0.01446 | 0.01446 | 0.01446 | 0.01446 | 0.00620 | 0.00620 | 0.00620 | 0.00620 


--- Hybrid Probability Table for Node u = 192 ---
--- Metatorus Structure (n=4, k=3), Torus Probability (Denominator 2*n-1) ---

Incoming Neighbor b           | (1,1)   | (1,2)   | (2,2)   | (1,3)   | (2,3)   | (3,3)   | (1,4)   | (2,4)   | (3,4)   | (4,4)   | (1,5)   | (2,5)   | (3,5)   | (4,5)   | (1,6)   | (2,6)   | (3,6)   | (4,6)   
------------------------------+----------+----------+----------+----------+----------+----------+----------+----------+----------+----------+----------+----------+----------+----------+----------+----------+----------+----------
195 (h=2; 1,0,2,0)            | 0.42857 | 0.18367 | 0.18367 | 0.07872 | 0.07872 | 0.07872 | 0.03374 | 0.03374 | 0.03374 | 0.03374 | 0.01446 | 0.01446 | 0.01446 | 0.01446 | 0.00620 | 0.00620 | 0.00620 | 0.00620 
189 (h=2; 1,0,0,0)            | 0.42857 | 0.18367 | 0.18367 | 0.07872 | 0.07872 | 0.07872 | 0.03374 | 0.03374 | 0.03374 | 0.03374 | 0.01446 | 0.01446 | 0.01446 | 0.01446 | 0.00620 | 0.00620 | 0.00620 | 0.00620 
273 (h=3; 1,0,1,0)            | 0.42857 | 0.18367 | 0.18367 | 0.07872 | 0.07872 | 0.07872 | 0.03374 | 0.03374 | 0.03374 | 0.03374 | 0.01446 | 0.01446 | 0.01446 | 0.01446 | 0.00620 | 0.00620 | 0.00620 | 0.00620 
111 (h=1; 1,0,1,0)            | 0.42857 | 0.18367 | 0.18367 | 0.07872 | 0.07872 | 0.07872 | 0.03374 | 0.03374 | 0.03374 | 0.03374 | 0.01446 | 0.01446 | 0.01446 | 0.01446 | 0.00620 | 0.00620 | 0.00620 | 0.00620 


--- Hybrid Probability Table for Node u = 193 ---
--- Metatorus Structure (n=4, k=3), Torus Probability (Denominator 2*n-1) ---

Incoming Neighbor b           | (1,1)   | (1,2)   | (2,2)   | (1,3)   | (2,3)   | (3,3)   | (1,4)   | (2,4)   | (3,4)   | (4,4)   | (1,5)   | (2,5)   | (3,5)   | (4,5)   | (1,6)   | (2,6)   | (3,6)   | (4,6)   
------------------------------+----------+----------+----------+----------+----------+----------+----------+----------+----------+----------+----------+----------+----------+----------+----------+----------+----------+----------
196 (h=2; 1,0,2,1)            | 0.42857 | 0.18367 | 0.18367 | 0.07872 | 0.07872 | 0.07872 | 0.03374 | 0.03374 | 0.03374 | 0.03374 | 0.01446 | 0.01446 | 0.01446 | 0.01446 | 0.00620 | 0.00620 | 0.00620 | 0.00620 
190 (h=2; 1,0,0,1)            | 0.42857 | 0.18367 | 0.18367 | 0.07872 | 0.07872 | 0.07872 | 0.03374 | 0.03374 | 0.03374 | 0.03374 | 0.01446 | 0.01446 | 0.01446 | 0.01446 | 0.00620 | 0.00620 | 0.00620 | 0.00620 
274 (h=3; 1,0,1,1)            | 0.42857 | 0.18367 | 0.18367 | 0.07872 | 0.07872 | 0.07872 | 0.03374 | 0.03374 | 0.03374 | 0.03374 | 0.01446 | 0.01446 | 0.01446 | 0.01446 | 0.00620 | 0.00620 | 0.00620 | 0.00620 
112 (h=1; 1,0,1,1)            | 0.42857 | 0.18367 | 0.18367 | 0.07872 | 0.07872 | 0.07872 | 0.03374 | 0.03374 | 0.03374 | 0.03374 | 0.01446 | 0.01446 | 0.01446 | 0.01446 | 0.00620 | 0.00620 | 0.00620 | 0.00620 


--- Hybrid Probability Table for Node u = 194 ---
--- Metatorus Structure (n=4, k=3), Torus Probability (Denominator 2*n-1) ---

Incoming Neighbor b           | (1,1)   | (1,2)   | (2,2)   | (1,3)   | (2,3)   | (3,3)   | (1,4)   | (2,4)   | (3,4)   | (4,4)   | (1,5)   | (2,5)   | (3,5)   | (4,5)   | (1,6)   | (2,6)   | (3,6)   | (4,6)   
------------------------------+----------+----------+----------+----------+----------+----------+----------+----------+----------+----------+----------+----------+----------+----------+----------+----------+----------+----------
197 (h=2; 1,0,2,2)            | 0.42857 | 0.18367 | 0.18367 | 0.07872 | 0.07872 | 0.07872 | 0.03374 | 0.03374 | 0.03374 | 0.03374 | 0.01446 | 0.01446 | 0.01446 | 0.01446 | 0.00620 | 0.00620 | 0.00620 | 0.00620 
191 (h=2; 1,0,0,2)            | 0.42857 | 0.18367 | 0.18367 | 0.07872 | 0.07872 | 0.07872 | 0.03374 | 0.03374 | 0.03374 | 0.03374 | 0.01446 | 0.01446 | 0.01446 | 0.01446 | 0.00620 | 0.00620 | 0.00620 | 0.00620 
275 (h=3; 1,0,1,2)            | 0.42857 | 0.18367 | 0.18367 | 0.07872 | 0.07872 | 0.07872 | 0.03374 | 0.03374 | 0.03374 | 0.03374 | 0.01446 | 0.01446 | 0.01446 | 0.01446 | 0.00620 | 0.00620 | 0.00620 | 0.00620 
113 (h=1; 1,0,1,2)            | 0.42857 | 0.18367 | 0.18367 | 0.07872 | 0.07872 | 0.07872 | 0.03374 | 0.03374 | 0.03374 | 0.03374 | 0.01446 | 0.01446 | 0.01446 | 0.01446 | 0.00620 | 0.00620 | 0.00620 | 0.00620 


--- Hybrid Probability Table for Node u = 195 ---
--- Metatorus Structure (n=4, k=3), Torus Probability (Denominator 2*n-1) ---

Incoming Neighbor b           | (1,1)   | (1,2)   | (2,2)   | (1,3)   | (2,3)   | (3,3)   | (1,4)   | (2,4)   | (3,4)   | (4,4)   | (1,5)   | (2,5)   | (3,5)   | (4,5)   | (1,6)   | (2,6)   | (3,6)   | (4,6)   
------------------------------+----------+----------+----------+----------+----------+----------+----------+----------+----------+----------+----------+----------+----------+----------+----------+----------+----------+----------
189 (h=2; 1,0,0,0)            | 0.42857 | 0.18367 | 0.18367 | 0.07872 | 0.07872 | 0.07872 | 0.03374 | 0.03374 | 0.03374 | 0.03374 | 0.01446 | 0.01446 | 0.01446 | 0.01446 | 0.00620 | 0.00620 | 0.00620 | 0.00620 
192 (h=2; 1,0,1,0)            | 0.42857 | 0.18367 | 0.18367 | 0.07872 | 0.07872 | 0.07872 | 0.03374 | 0.03374 | 0.03374 | 0.03374 | 0.01446 | 0.01446 | 0.01446 | 0.01446 | 0.00620 | 0.00620 | 0.00620 | 0.00620 
276 (h=3; 1,0,2,0)            | 0.42857 | 0.18367 | 0.18367 | 0.07872 | 0.07872 | 0.07872 | 0.03374 | 0.03374 | 0.03374 | 0.03374 | 0.01446 | 0.01446 | 0.01446 | 0.01446 | 0.00620 | 0.00620 | 0.00620 | 0.00620 
114 (h=1; 1,0,2,0)            | 0.42857 | 0.18367 | 0.18367 | 0.07872 | 0.07872 | 0.07872 | 0.03374 | 0.03374 | 0.03374 | 0.03374 | 0.01446 | 0.01446 | 0.01446 | 0.01446 | 0.00620 | 0.00620 | 0.00620 | 0.00620 


--- Hybrid Probability Table for Node u = 196 ---
--- Metatorus Structure (n=4, k=3), Torus Probability (Denominator 2*n-1) ---

Incoming Neighbor b           | (1,1)   | (1,2)   | (2,2)   | (1,3)   | (2,3)   | (3,3)   | (1,4)   | (2,4)   | (3,4)   | (4,4)   | (1,5)   | (2,5)   | (3,5)   | (4,5)   | (1,6)   | (2,6)   | (3,6)   | (4,6)   
------------------------------+----------+----------+----------+----------+----------+----------+----------+----------+----------+----------+----------+----------+----------+----------+----------+----------+----------+----------
190 (h=2; 1,0,0,1)            | 0.42857 | 0.18367 | 0.18367 | 0.07872 | 0.07872 | 0.07872 | 0.03374 | 0.03374 | 0.03374 | 0.03374 | 0.01446 | 0.01446 | 0.01446 | 0.01446 | 0.00620 | 0.00620 | 0.00620 | 0.00620 
193 (h=2; 1,0,1,1)            | 0.42857 | 0.18367 | 0.18367 | 0.07872 | 0.07872 | 0.07872 | 0.03374 | 0.03374 | 0.03374 | 0.03374 | 0.01446 | 0.01446 | 0.01446 | 0.01446 | 0.00620 | 0.00620 | 0.00620 | 0.00620 
277 (h=3; 1,0,2,1)            | 0.42857 | 0.18367 | 0.18367 | 0.07872 | 0.07872 | 0.07872 | 0.03374 | 0.03374 | 0.03374 | 0.03374 | 0.01446 | 0.01446 | 0.01446 | 0.01446 | 0.00620 | 0.00620 | 0.00620 | 0.00620 
115 (h=1; 1,0,2,1)            | 0.42857 | 0.18367 | 0.18367 | 0.07872 | 0.07872 | 0.07872 | 0.03374 | 0.03374 | 0.03374 | 0.03374 | 0.01446 | 0.01446 | 0.01446 | 0.01446 | 0.00620 | 0.00620 | 0.00620 | 0.00620 


--- Hybrid Probability Table for Node u = 197 ---
--- Metatorus Structure (n=4, k=3), Torus Probability (Denominator 2*n-1) ---

Incoming Neighbor b           | (1,1)   | (1,2)   | (2,2)   | (1,3)   | (2,3)   | (3,3)   | (1,4)   | (2,4)   | (3,4)   | (4,4)   | (1,5)   | (2,5)   | (3,5)   | (4,5)   | (1,6)   | (2,6)   | (3,6)   | (4,6)   
------------------------------+----------+----------+----------+----------+----------+----------+----------+----------+----------+----------+----------+----------+----------+----------+----------+----------+----------+----------
191 (h=2; 1,0,0,2)            | 0.42857 | 0.18367 | 0.18367 | 0.07872 | 0.07872 | 0.07872 | 0.03374 | 0.03374 | 0.03374 | 0.03374 | 0.01446 | 0.01446 | 0.01446 | 0.01446 | 0.00620 | 0.00620 | 0.00620 | 0.00620 
194 (h=2; 1,0,1,2)            | 0.42857 | 0.18367 | 0.18367 | 0.07872 | 0.07872 | 0.07872 | 0.03374 | 0.03374 | 0.03374 | 0.03374 | 0.01446 | 0.01446 | 0.01446 | 0.01446 | 0.00620 | 0.00620 | 0.00620 | 0.00620 
278 (h=3; 1,0,2,2)            | 0.42857 | 0.18367 | 0.18367 | 0.07872 | 0.07872 | 0.07872 | 0.03374 | 0.03374 | 0.03374 | 0.03374 | 0.01446 | 0.01446 | 0.01446 | 0.01446 | 0.00620 | 0.00620 | 0.00620 | 0.00620 
116 (h=1; 1,0,2,2)            | 0.42857 | 0.18367 | 0.18367 | 0.07872 | 0.07872 | 0.07872 | 0.03374 | 0.03374 | 0.03374 | 0.03374 | 0.01446 | 0.01446 | 0.01446 | 0.01446 | 0.00620 | 0.00620 | 0.00620 | 0.00620 


--- Hybrid Probability Table for Node u = 198 ---
--- Metatorus Structure (n=4, k=3), Torus Probability (Denominator 2*n-1) ---

Incoming Neighbor b           | (1,1)   | (1,2)   | (2,2)   | (1,3)   | (2,3)   | (3,3)   | (1,4)   | (2,4)   | (3,4)   | (4,4)   | (1,5)   | (2,5)   | (3,5)   | (4,5)   | (1,6)   | (2,6)   | (3,6)   | (4,6)   
------------------------------+----------+----------+----------+----------+----------+----------+----------+----------+----------+----------+----------+----------+----------+----------+----------+----------+----------+----------
201 (h=2; 1,1,1,0)            | 0.42857 | 0.18367 | 0.18367 | 0.07872 | 0.07872 | 0.07872 | 0.03374 | 0.03374 | 0.03374 | 0.03374 | 0.01446 | 0.01446 | 0.01446 | 0.01446 | 0.00620 | 0.00620 | 0.00620 | 0.00620 
204 (h=2; 1,1,2,0)            | 0.42857 | 0.18367 | 0.18367 | 0.07872 | 0.07872 | 0.07872 | 0.03374 | 0.03374 | 0.03374 | 0.03374 | 0.01446 | 0.01446 | 0.01446 | 0.01446 | 0.00620 | 0.00620 | 0.00620 | 0.00620 
279 (h=3; 1,1,0,0)            | 0.42857 | 0.18367 | 0.18367 | 0.07872 | 0.07872 | 0.07872 | 0.03374 | 0.03374 | 0.03374 | 0.03374 | 0.01446 | 0.01446 | 0.01446 | 0.01446 | 0.00620 | 0.00620 | 0.00620 | 0.00620 
117 (h=1; 1,1,0,0)            | 0.42857 | 0.18367 | 0.18367 | 0.07872 | 0.07872 | 0.07872 | 0.03374 | 0.03374 | 0.03374 | 0.03374 | 0.01446 | 0.01446 | 0.01446 | 0.01446 | 0.00620 | 0.00620 | 0.00620 | 0.00620 


--- Hybrid Probability Table for Node u = 199 ---
--- Metatorus Structure (n=4, k=3), Torus Probability (Denominator 2*n-1) ---

Incoming Neighbor b           | (1,1)   | (1,2)   | (2,2)   | (1,3)   | (2,3)   | (3,3)   | (1,4)   | (2,4)   | (3,4)   | (4,4)   | (1,5)   | (2,5)   | (3,5)   | (4,5)   | (1,6)   | (2,6)   | (3,6)   | (4,6)   
------------------------------+----------+----------+----------+----------+----------+----------+----------+----------+----------+----------+----------+----------+----------+----------+----------+----------+----------+----------
202 (h=2; 1,1,1,1)            | 0.42857 | 0.18367 | 0.18367 | 0.07872 | 0.07872 | 0.07872 | 0.03374 | 0.03374 | 0.03374 | 0.03374 | 0.01446 | 0.01446 | 0.01446 | 0.01446 | 0.00620 | 0.00620 | 0.00620 | 0.00620 
205 (h=2; 1,1,2,1)            | 0.42857 | 0.18367 | 0.18367 | 0.07872 | 0.07872 | 0.07872 | 0.03374 | 0.03374 | 0.03374 | 0.03374 | 0.01446 | 0.01446 | 0.01446 | 0.01446 | 0.00620 | 0.00620 | 0.00620 | 0.00620 
280 (h=3; 1,1,0,1)            | 0.42857 | 0.18367 | 0.18367 | 0.07872 | 0.07872 | 0.07872 | 0.03374 | 0.03374 | 0.03374 | 0.03374 | 0.01446 | 0.01446 | 0.01446 | 0.01446 | 0.00620 | 0.00620 | 0.00620 | 0.00620 
118 (h=1; 1,1,0,1)            | 0.42857 | 0.18367 | 0.18367 | 0.07872 | 0.07872 | 0.07872 | 0.03374 | 0.03374 | 0.03374 | 0.03374 | 0.01446 | 0.01446 | 0.01446 | 0.01446 | 0.00620 | 0.00620 | 0.00620 | 0.00620 


--- Hybrid Probability Table for Node u = 200 ---
--- Metatorus Structure (n=4, k=3), Torus Probability (Denominator 2*n-1) ---

Incoming Neighbor b           | (1,1)   | (1,2)   | (2,2)   | (1,3)   | (2,3)   | (3,3)   | (1,4)   | (2,4)   | (3,4)   | (4,4)   | (1,5)   | (2,5)   | (3,5)   | (4,5)   | (1,6)   | (2,6)   | (3,6)   | (4,6)   
------------------------------+----------+----------+----------+----------+----------+----------+----------+----------+----------+----------+----------+----------+----------+----------+----------+----------+----------+----------
203 (h=2; 1,1,1,2)            | 0.42857 | 0.18367 | 0.18367 | 0.07872 | 0.07872 | 0.07872 | 0.03374 | 0.03374 | 0.03374 | 0.03374 | 0.01446 | 0.01446 | 0.01446 | 0.01446 | 0.00620 | 0.00620 | 0.00620 | 0.00620 
206 (h=2; 1,1,2,2)            | 0.42857 | 0.18367 | 0.18367 | 0.07872 | 0.07872 | 0.07872 | 0.03374 | 0.03374 | 0.03374 | 0.03374 | 0.01446 | 0.01446 | 0.01446 | 0.01446 | 0.00620 | 0.00620 | 0.00620 | 0.00620 
281 (h=3; 1,1,0,2)            | 0.42857 | 0.18367 | 0.18367 | 0.07872 | 0.07872 | 0.07872 | 0.03374 | 0.03374 | 0.03374 | 0.03374 | 0.01446 | 0.01446 | 0.01446 | 0.01446 | 0.00620 | 0.00620 | 0.00620 | 0.00620 
119 (h=1; 1,1,0,2)            | 0.42857 | 0.18367 | 0.18367 | 0.07872 | 0.07872 | 0.07872 | 0.03374 | 0.03374 | 0.03374 | 0.03374 | 0.01446 | 0.01446 | 0.01446 | 0.01446 | 0.00620 | 0.00620 | 0.00620 | 0.00620 


--- Hybrid Probability Table for Node u = 201 ---
--- Metatorus Structure (n=4, k=3), Torus Probability (Denominator 2*n-1) ---

Incoming Neighbor b           | (1,1)   | (1,2)   | (2,2)   | (1,3)   | (2,3)   | (3,3)   | (1,4)   | (2,4)   | (3,4)   | (4,4)   | (1,5)   | (2,5)   | (3,5)   | (4,5)   | (1,6)   | (2,6)   | (3,6)   | (4,6)   
------------------------------+----------+----------+----------+----------+----------+----------+----------+----------+----------+----------+----------+----------+----------+----------+----------+----------+----------+----------
204 (h=2; 1,1,2,0)            | 0.42857 | 0.18367 | 0.18367 | 0.07872 | 0.07872 | 0.07872 | 0.03374 | 0.03374 | 0.03374 | 0.03374 | 0.01446 | 0.01446 | 0.01446 | 0.01446 | 0.00620 | 0.00620 | 0.00620 | 0.00620 
198 (h=2; 1,1,0,0)            | 0.42857 | 0.18367 | 0.18367 | 0.07872 | 0.07872 | 0.07872 | 0.03374 | 0.03374 | 0.03374 | 0.03374 | 0.01446 | 0.01446 | 0.01446 | 0.01446 | 0.00620 | 0.00620 | 0.00620 | 0.00620 
282 (h=3; 1,1,1,0)            | 0.42857 | 0.18367 | 0.18367 | 0.07872 | 0.07872 | 0.07872 | 0.03374 | 0.03374 | 0.03374 | 0.03374 | 0.01446 | 0.01446 | 0.01446 | 0.01446 | 0.00620 | 0.00620 | 0.00620 | 0.00620 
120 (h=1; 1,1,1,0)            | 0.42857 | 0.18367 | 0.18367 | 0.07872 | 0.07872 | 0.07872 | 0.03374 | 0.03374 | 0.03374 | 0.03374 | 0.01446 | 0.01446 | 0.01446 | 0.01446 | 0.00620 | 0.00620 | 0.00620 | 0.00620 


--- Hybrid Probability Table for Node u = 202 ---
--- Metatorus Structure (n=4, k=3), Torus Probability (Denominator 2*n-1) ---

Incoming Neighbor b           | (1,1)   | (1,2)   | (2,2)   | (1,3)   | (2,3)   | (3,3)   | (1,4)   | (2,4)   | (3,4)   | (4,4)   | (1,5)   | (2,5)   | (3,5)   | (4,5)   | (1,6)   | (2,6)   | (3,6)   | (4,6)   
------------------------------+----------+----------+----------+----------+----------+----------+----------+----------+----------+----------+----------+----------+----------+----------+----------+----------+----------+----------
205 (h=2; 1,1,2,1)            | 0.42857 | 0.18367 | 0.18367 | 0.07872 | 0.07872 | 0.07872 | 0.03374 | 0.03374 | 0.03374 | 0.03374 | 0.01446 | 0.01446 | 0.01446 | 0.01446 | 0.00620 | 0.00620 | 0.00620 | 0.00620 
199 (h=2; 1,1,0,1)            | 0.42857 | 0.18367 | 0.18367 | 0.07872 | 0.07872 | 0.07872 | 0.03374 | 0.03374 | 0.03374 | 0.03374 | 0.01446 | 0.01446 | 0.01446 | 0.01446 | 0.00620 | 0.00620 | 0.00620 | 0.00620 
283 (h=3; 1,1,1,1)            | 0.42857 | 0.18367 | 0.18367 | 0.07872 | 0.07872 | 0.07872 | 0.03374 | 0.03374 | 0.03374 | 0.03374 | 0.01446 | 0.01446 | 0.01446 | 0.01446 | 0.00620 | 0.00620 | 0.00620 | 0.00620 
121 (h=1; 1,1,1,1)            | 0.42857 | 0.18367 | 0.18367 | 0.07872 | 0.07872 | 0.07872 | 0.03374 | 0.03374 | 0.03374 | 0.03374 | 0.01446 | 0.01446 | 0.01446 | 0.01446 | 0.00620 | 0.00620 | 0.00620 | 0.00620 


--- Hybrid Probability Table for Node u = 203 ---
--- Metatorus Structure (n=4, k=3), Torus Probability (Denominator 2*n-1) ---

Incoming Neighbor b           | (1,1)   | (1,2)   | (2,2)   | (1,3)   | (2,3)   | (3,3)   | (1,4)   | (2,4)   | (3,4)   | (4,4)   | (1,5)   | (2,5)   | (3,5)   | (4,5)   | (1,6)   | (2,6)   | (3,6)   | (4,6)   
------------------------------+----------+----------+----------+----------+----------+----------+----------+----------+----------+----------+----------+----------+----------+----------+----------+----------+----------+----------
206 (h=2; 1,1,2,2)            | 0.42857 | 0.18367 | 0.18367 | 0.07872 | 0.07872 | 0.07872 | 0.03374 | 0.03374 | 0.03374 | 0.03374 | 0.01446 | 0.01446 | 0.01446 | 0.01446 | 0.00620 | 0.00620 | 0.00620 | 0.00620 
200 (h=2; 1,1,0,2)            | 0.42857 | 0.18367 | 0.18367 | 0.07872 | 0.07872 | 0.07872 | 0.03374 | 0.03374 | 0.03374 | 0.03374 | 0.01446 | 0.01446 | 0.01446 | 0.01446 | 0.00620 | 0.00620 | 0.00620 | 0.00620 
284 (h=3; 1,1,1,2)            | 0.42857 | 0.18367 | 0.18367 | 0.07872 | 0.07872 | 0.07872 | 0.03374 | 0.03374 | 0.03374 | 0.03374 | 0.01446 | 0.01446 | 0.01446 | 0.01446 | 0.00620 | 0.00620 | 0.00620 | 0.00620 
122 (h=1; 1,1,1,2)            | 0.42857 | 0.18367 | 0.18367 | 0.07872 | 0.07872 | 0.07872 | 0.03374 | 0.03374 | 0.03374 | 0.03374 | 0.01446 | 0.01446 | 0.01446 | 0.01446 | 0.00620 | 0.00620 | 0.00620 | 0.00620 


--- Hybrid Probability Table for Node u = 204 ---
--- Metatorus Structure (n=4, k=3), Torus Probability (Denominator 2*n-1) ---

Incoming Neighbor b           | (1,1)   | (1,2)   | (2,2)   | (1,3)   | (2,3)   | (3,3)   | (1,4)   | (2,4)   | (3,4)   | (4,4)   | (1,5)   | (2,5)   | (3,5)   | (4,5)   | (1,6)   | (2,6)   | (3,6)   | (4,6)   
------------------------------+----------+----------+----------+----------+----------+----------+----------+----------+----------+----------+----------+----------+----------+----------+----------+----------+----------+----------
198 (h=2; 1,1,0,0)            | 0.42857 | 0.18367 | 0.18367 | 0.07872 | 0.07872 | 0.07872 | 0.03374 | 0.03374 | 0.03374 | 0.03374 | 0.01446 | 0.01446 | 0.01446 | 0.01446 | 0.00620 | 0.00620 | 0.00620 | 0.00620 
201 (h=2; 1,1,1,0)            | 0.42857 | 0.18367 | 0.18367 | 0.07872 | 0.07872 | 0.07872 | 0.03374 | 0.03374 | 0.03374 | 0.03374 | 0.01446 | 0.01446 | 0.01446 | 0.01446 | 0.00620 | 0.00620 | 0.00620 | 0.00620 
285 (h=3; 1,1,2,0)            | 0.42857 | 0.18367 | 0.18367 | 0.07872 | 0.07872 | 0.07872 | 0.03374 | 0.03374 | 0.03374 | 0.03374 | 0.01446 | 0.01446 | 0.01446 | 0.01446 | 0.00620 | 0.00620 | 0.00620 | 0.00620 
123 (h=1; 1,1,2,0)            | 0.42857 | 0.18367 | 0.18367 | 0.07872 | 0.07872 | 0.07872 | 0.03374 | 0.03374 | 0.03374 | 0.03374 | 0.01446 | 0.01446 | 0.01446 | 0.01446 | 0.00620 | 0.00620 | 0.00620 | 0.00620 


--- Hybrid Probability Table for Node u = 205 ---
--- Metatorus Structure (n=4, k=3), Torus Probability (Denominator 2*n-1) ---

Incoming Neighbor b           | (1,1)   | (1,2)   | (2,2)   | (1,3)   | (2,3)   | (3,3)   | (1,4)   | (2,4)   | (3,4)   | (4,4)   | (1,5)   | (2,5)   | (3,5)   | (4,5)   | (1,6)   | (2,6)   | (3,6)   | (4,6)   
------------------------------+----------+----------+----------+----------+----------+----------+----------+----------+----------+----------+----------+----------+----------+----------+----------+----------+----------+----------
199 (h=2; 1,1,0,1)            | 0.42857 | 0.18367 | 0.18367 | 0.07872 | 0.07872 | 0.07872 | 0.03374 | 0.03374 | 0.03374 | 0.03374 | 0.01446 | 0.01446 | 0.01446 | 0.01446 | 0.00620 | 0.00620 | 0.00620 | 0.00620 
202 (h=2; 1,1,1,1)            | 0.42857 | 0.18367 | 0.18367 | 0.07872 | 0.07872 | 0.07872 | 0.03374 | 0.03374 | 0.03374 | 0.03374 | 0.01446 | 0.01446 | 0.01446 | 0.01446 | 0.00620 | 0.00620 | 0.00620 | 0.00620 
286 (h=3; 1,1,2,1)            | 0.42857 | 0.18367 | 0.18367 | 0.07872 | 0.07872 | 0.07872 | 0.03374 | 0.03374 | 0.03374 | 0.03374 | 0.01446 | 0.01446 | 0.01446 | 0.01446 | 0.00620 | 0.00620 | 0.00620 | 0.00620 
124 (h=1; 1,1,2,1)            | 0.42857 | 0.18367 | 0.18367 | 0.07872 | 0.07872 | 0.07872 | 0.03374 | 0.03374 | 0.03374 | 0.03374 | 0.01446 | 0.01446 | 0.01446 | 0.01446 | 0.00620 | 0.00620 | 0.00620 | 0.00620 


--- Hybrid Probability Table for Node u = 206 ---
--- Metatorus Structure (n=4, k=3), Torus Probability (Denominator 2*n-1) ---

Incoming Neighbor b           | (1,1)   | (1,2)   | (2,2)   | (1,3)   | (2,3)   | (3,3)   | (1,4)   | (2,4)   | (3,4)   | (4,4)   | (1,5)   | (2,5)   | (3,5)   | (4,5)   | (1,6)   | (2,6)   | (3,6)   | (4,6)   
------------------------------+----------+----------+----------+----------+----------+----------+----------+----------+----------+----------+----------+----------+----------+----------+----------+----------+----------+----------
200 (h=2; 1,1,0,2)            | 0.42857 | 0.18367 | 0.18367 | 0.07872 | 0.07872 | 0.07872 | 0.03374 | 0.03374 | 0.03374 | 0.03374 | 0.01446 | 0.01446 | 0.01446 | 0.01446 | 0.00620 | 0.00620 | 0.00620 | 0.00620 
203 (h=2; 1,1,1,2)            | 0.42857 | 0.18367 | 0.18367 | 0.07872 | 0.07872 | 0.07872 | 0.03374 | 0.03374 | 0.03374 | 0.03374 | 0.01446 | 0.01446 | 0.01446 | 0.01446 | 0.00620 | 0.00620 | 0.00620 | 0.00620 
287 (h=3; 1,1,2,2)            | 0.42857 | 0.18367 | 0.18367 | 0.07872 | 0.07872 | 0.07872 | 0.03374 | 0.03374 | 0.03374 | 0.03374 | 0.01446 | 0.01446 | 0.01446 | 0.01446 | 0.00620 | 0.00620 | 0.00620 | 0.00620 
125 (h=1; 1,1,2,2)            | 0.42857 | 0.18367 | 0.18367 | 0.07872 | 0.07872 | 0.07872 | 0.03374 | 0.03374 | 0.03374 | 0.03374 | 0.01446 | 0.01446 | 0.01446 | 0.01446 | 0.00620 | 0.00620 | 0.00620 | 0.00620 


--- Hybrid Probability Table for Node u = 207 ---
--- Metatorus Structure (n=4, k=3), Torus Probability (Denominator 2*n-1) ---

Incoming Neighbor b           | (1,1)   | (1,2)   | (2,2)   | (1,3)   | (2,3)   | (3,3)   | (1,4)   | (2,4)   | (3,4)   | (4,4)   | (1,5)   | (2,5)   | (3,5)   | (4,5)   | (1,6)   | (2,6)   | (3,6)   | (4,6)   
------------------------------+----------+----------+----------+----------+----------+----------+----------+----------+----------+----------+----------+----------+----------+----------+----------+----------+----------+----------
210 (h=2; 1,2,1,0)            | 0.42857 | 0.18367 | 0.18367 | 0.07872 | 0.07872 | 0.07872 | 0.03374 | 0.03374 | 0.03374 | 0.03374 | 0.01446 | 0.01446 | 0.01446 | 0.01446 | 0.00620 | 0.00620 | 0.00620 | 0.00620 
213 (h=2; 1,2,2,0)            | 0.42857 | 0.18367 | 0.18367 | 0.07872 | 0.07872 | 0.07872 | 0.03374 | 0.03374 | 0.03374 | 0.03374 | 0.01446 | 0.01446 | 0.01446 | 0.01446 | 0.00620 | 0.00620 | 0.00620 | 0.00620 
288 (h=3; 1,2,0,0)            | 0.42857 | 0.18367 | 0.18367 | 0.07872 | 0.07872 | 0.07872 | 0.03374 | 0.03374 | 0.03374 | 0.03374 | 0.01446 | 0.01446 | 0.01446 | 0.01446 | 0.00620 | 0.00620 | 0.00620 | 0.00620 
126 (h=1; 1,2,0,0)            | 0.42857 | 0.18367 | 0.18367 | 0.07872 | 0.07872 | 0.07872 | 0.03374 | 0.03374 | 0.03374 | 0.03374 | 0.01446 | 0.01446 | 0.01446 | 0.01446 | 0.00620 | 0.00620 | 0.00620 | 0.00620 


--- Hybrid Probability Table for Node u = 208 ---
--- Metatorus Structure (n=4, k=3), Torus Probability (Denominator 2*n-1) ---

Incoming Neighbor b           | (1,1)   | (1,2)   | (2,2)   | (1,3)   | (2,3)   | (3,3)   | (1,4)   | (2,4)   | (3,4)   | (4,4)   | (1,5)   | (2,5)   | (3,5)   | (4,5)   | (1,6)   | (2,6)   | (3,6)   | (4,6)   
------------------------------+----------+----------+----------+----------+----------+----------+----------+----------+----------+----------+----------+----------+----------+----------+----------+----------+----------+----------
211 (h=2; 1,2,1,1)            | 0.42857 | 0.18367 | 0.18367 | 0.07872 | 0.07872 | 0.07872 | 0.03374 | 0.03374 | 0.03374 | 0.03374 | 0.01446 | 0.01446 | 0.01446 | 0.01446 | 0.00620 | 0.00620 | 0.00620 | 0.00620 
214 (h=2; 1,2,2,1)            | 0.42857 | 0.18367 | 0.18367 | 0.07872 | 0.07872 | 0.07872 | 0.03374 | 0.03374 | 0.03374 | 0.03374 | 0.01446 | 0.01446 | 0.01446 | 0.01446 | 0.00620 | 0.00620 | 0.00620 | 0.00620 
289 (h=3; 1,2,0,1)            | 0.42857 | 0.18367 | 0.18367 | 0.07872 | 0.07872 | 0.07872 | 0.03374 | 0.03374 | 0.03374 | 0.03374 | 0.01446 | 0.01446 | 0.01446 | 0.01446 | 0.00620 | 0.00620 | 0.00620 | 0.00620 
127 (h=1; 1,2,0,1)            | 0.42857 | 0.18367 | 0.18367 | 0.07872 | 0.07872 | 0.07872 | 0.03374 | 0.03374 | 0.03374 | 0.03374 | 0.01446 | 0.01446 | 0.01446 | 0.01446 | 0.00620 | 0.00620 | 0.00620 | 0.00620 


--- Hybrid Probability Table for Node u = 209 ---
--- Metatorus Structure (n=4, k=3), Torus Probability (Denominator 2*n-1) ---

Incoming Neighbor b           | (1,1)   | (1,2)   | (2,2)   | (1,3)   | (2,3)   | (3,3)   | (1,4)   | (2,4)   | (3,4)   | (4,4)   | (1,5)   | (2,5)   | (3,5)   | (4,5)   | (1,6)   | (2,6)   | (3,6)   | (4,6)   
------------------------------+----------+----------+----------+----------+----------+----------+----------+----------+----------+----------+----------+----------+----------+----------+----------+----------+----------+----------
212 (h=2; 1,2,1,2)            | 0.42857 | 0.18367 | 0.18367 | 0.07872 | 0.07872 | 0.07872 | 0.03374 | 0.03374 | 0.03374 | 0.03374 | 0.01446 | 0.01446 | 0.01446 | 0.01446 | 0.00620 | 0.00620 | 0.00620 | 0.00620 
215 (h=2; 1,2,2,2)            | 0.42857 | 0.18367 | 0.18367 | 0.07872 | 0.07872 | 0.07872 | 0.03374 | 0.03374 | 0.03374 | 0.03374 | 0.01446 | 0.01446 | 0.01446 | 0.01446 | 0.00620 | 0.00620 | 0.00620 | 0.00620 
290 (h=3; 1,2,0,2)            | 0.42857 | 0.18367 | 0.18367 | 0.07872 | 0.07872 | 0.07872 | 0.03374 | 0.03374 | 0.03374 | 0.03374 | 0.01446 | 0.01446 | 0.01446 | 0.01446 | 0.00620 | 0.00620 | 0.00620 | 0.00620 
128 (h=1; 1,2,0,2)            | 0.42857 | 0.18367 | 0.18367 | 0.07872 | 0.07872 | 0.07872 | 0.03374 | 0.03374 | 0.03374 | 0.03374 | 0.01446 | 0.01446 | 0.01446 | 0.01446 | 0.00620 | 0.00620 | 0.00620 | 0.00620 


--- Hybrid Probability Table for Node u = 210 ---
--- Metatorus Structure (n=4, k=3), Torus Probability (Denominator 2*n-1) ---

Incoming Neighbor b           | (1,1)   | (1,2)   | (2,2)   | (1,3)   | (2,3)   | (3,3)   | (1,4)   | (2,4)   | (3,4)   | (4,4)   | (1,5)   | (2,5)   | (3,5)   | (4,5)   | (1,6)   | (2,6)   | (3,6)   | (4,6)   
------------------------------+----------+----------+----------+----------+----------+----------+----------+----------+----------+----------+----------+----------+----------+----------+----------+----------+----------+----------
213 (h=2; 1,2,2,0)            | 0.42857 | 0.18367 | 0.18367 | 0.07872 | 0.07872 | 0.07872 | 0.03374 | 0.03374 | 0.03374 | 0.03374 | 0.01446 | 0.01446 | 0.01446 | 0.01446 | 0.00620 | 0.00620 | 0.00620 | 0.00620 
207 (h=2; 1,2,0,0)            | 0.42857 | 0.18367 | 0.18367 | 0.07872 | 0.07872 | 0.07872 | 0.03374 | 0.03374 | 0.03374 | 0.03374 | 0.01446 | 0.01446 | 0.01446 | 0.01446 | 0.00620 | 0.00620 | 0.00620 | 0.00620 
291 (h=3; 1,2,1,0)            | 0.42857 | 0.18367 | 0.18367 | 0.07872 | 0.07872 | 0.07872 | 0.03374 | 0.03374 | 0.03374 | 0.03374 | 0.01446 | 0.01446 | 0.01446 | 0.01446 | 0.00620 | 0.00620 | 0.00620 | 0.00620 
129 (h=1; 1,2,1,0)            | 0.42857 | 0.18367 | 0.18367 | 0.07872 | 0.07872 | 0.07872 | 0.03374 | 0.03374 | 0.03374 | 0.03374 | 0.01446 | 0.01446 | 0.01446 | 0.01446 | 0.00620 | 0.00620 | 0.00620 | 0.00620 


--- Hybrid Probability Table for Node u = 211 ---
--- Metatorus Structure (n=4, k=3), Torus Probability (Denominator 2*n-1) ---

Incoming Neighbor b           | (1,1)   | (1,2)   | (2,2)   | (1,3)   | (2,3)   | (3,3)   | (1,4)   | (2,4)   | (3,4)   | (4,4)   | (1,5)   | (2,5)   | (3,5)   | (4,5)   | (1,6)   | (2,6)   | (3,6)   | (4,6)   
------------------------------+----------+----------+----------+----------+----------+----------+----------+----------+----------+----------+----------+----------+----------+----------+----------+----------+----------+----------
214 (h=2; 1,2,2,1)            | 0.42857 | 0.18367 | 0.18367 | 0.07872 | 0.07872 | 0.07872 | 0.03374 | 0.03374 | 0.03374 | 0.03374 | 0.01446 | 0.01446 | 0.01446 | 0.01446 | 0.00620 | 0.00620 | 0.00620 | 0.00620 
208 (h=2; 1,2,0,1)            | 0.42857 | 0.18367 | 0.18367 | 0.07872 | 0.07872 | 0.07872 | 0.03374 | 0.03374 | 0.03374 | 0.03374 | 0.01446 | 0.01446 | 0.01446 | 0.01446 | 0.00620 | 0.00620 | 0.00620 | 0.00620 
292 (h=3; 1,2,1,1)            | 0.42857 | 0.18367 | 0.18367 | 0.07872 | 0.07872 | 0.07872 | 0.03374 | 0.03374 | 0.03374 | 0.03374 | 0.01446 | 0.01446 | 0.01446 | 0.01446 | 0.00620 | 0.00620 | 0.00620 | 0.00620 
130 (h=1; 1,2,1,1)            | 0.42857 | 0.18367 | 0.18367 | 0.07872 | 0.07872 | 0.07872 | 0.03374 | 0.03374 | 0.03374 | 0.03374 | 0.01446 | 0.01446 | 0.01446 | 0.01446 | 0.00620 | 0.00620 | 0.00620 | 0.00620 


--- Hybrid Probability Table for Node u = 212 ---
--- Metatorus Structure (n=4, k=3), Torus Probability (Denominator 2*n-1) ---

Incoming Neighbor b           | (1,1)   | (1,2)   | (2,2)   | (1,3)   | (2,3)   | (3,3)   | (1,4)   | (2,4)   | (3,4)   | (4,4)   | (1,5)   | (2,5)   | (3,5)   | (4,5)   | (1,6)   | (2,6)   | (3,6)   | (4,6)   
------------------------------+----------+----------+----------+----------+----------+----------+----------+----------+----------+----------+----------+----------+----------+----------+----------+----------+----------+----------
215 (h=2; 1,2,2,2)            | 0.42857 | 0.18367 | 0.18367 | 0.07872 | 0.07872 | 0.07872 | 0.03374 | 0.03374 | 0.03374 | 0.03374 | 0.01446 | 0.01446 | 0.01446 | 0.01446 | 0.00620 | 0.00620 | 0.00620 | 0.00620 
209 (h=2; 1,2,0,2)            | 0.42857 | 0.18367 | 0.18367 | 0.07872 | 0.07872 | 0.07872 | 0.03374 | 0.03374 | 0.03374 | 0.03374 | 0.01446 | 0.01446 | 0.01446 | 0.01446 | 0.00620 | 0.00620 | 0.00620 | 0.00620 
293 (h=3; 1,2,1,2)            | 0.42857 | 0.18367 | 0.18367 | 0.07872 | 0.07872 | 0.07872 | 0.03374 | 0.03374 | 0.03374 | 0.03374 | 0.01446 | 0.01446 | 0.01446 | 0.01446 | 0.00620 | 0.00620 | 0.00620 | 0.00620 
131 (h=1; 1,2,1,2)            | 0.42857 | 0.18367 | 0.18367 | 0.07872 | 0.07872 | 0.07872 | 0.03374 | 0.03374 | 0.03374 | 0.03374 | 0.01446 | 0.01446 | 0.01446 | 0.01446 | 0.00620 | 0.00620 | 0.00620 | 0.00620 


--- Hybrid Probability Table for Node u = 213 ---
--- Metatorus Structure (n=4, k=3), Torus Probability (Denominator 2*n-1) ---

Incoming Neighbor b           | (1,1)   | (1,2)   | (2,2)   | (1,3)   | (2,3)   | (3,3)   | (1,4)   | (2,4)   | (3,4)   | (4,4)   | (1,5)   | (2,5)   | (3,5)   | (4,5)   | (1,6)   | (2,6)   | (3,6)   | (4,6)   
------------------------------+----------+----------+----------+----------+----------+----------+----------+----------+----------+----------+----------+----------+----------+----------+----------+----------+----------+----------
207 (h=2; 1,2,0,0)            | 0.42857 | 0.18367 | 0.18367 | 0.07872 | 0.07872 | 0.07872 | 0.03374 | 0.03374 | 0.03374 | 0.03374 | 0.01446 | 0.01446 | 0.01446 | 0.01446 | 0.00620 | 0.00620 | 0.00620 | 0.00620 
210 (h=2; 1,2,1,0)            | 0.42857 | 0.18367 | 0.18367 | 0.07872 | 0.07872 | 0.07872 | 0.03374 | 0.03374 | 0.03374 | 0.03374 | 0.01446 | 0.01446 | 0.01446 | 0.01446 | 0.00620 | 0.00620 | 0.00620 | 0.00620 
294 (h=3; 1,2,2,0)            | 0.42857 | 0.18367 | 0.18367 | 0.07872 | 0.07872 | 0.07872 | 0.03374 | 0.03374 | 0.03374 | 0.03374 | 0.01446 | 0.01446 | 0.01446 | 0.01446 | 0.00620 | 0.00620 | 0.00620 | 0.00620 
132 (h=1; 1,2,2,0)            | 0.42857 | 0.18367 | 0.18367 | 0.07872 | 0.07872 | 0.07872 | 0.03374 | 0.03374 | 0.03374 | 0.03374 | 0.01446 | 0.01446 | 0.01446 | 0.01446 | 0.00620 | 0.00620 | 0.00620 | 0.00620 


--- Hybrid Probability Table for Node u = 214 ---
--- Metatorus Structure (n=4, k=3), Torus Probability (Denominator 2*n-1) ---

Incoming Neighbor b           | (1,1)   | (1,2)   | (2,2)   | (1,3)   | (2,3)   | (3,3)   | (1,4)   | (2,4)   | (3,4)   | (4,4)   | (1,5)   | (2,5)   | (3,5)   | (4,5)   | (1,6)   | (2,6)   | (3,6)   | (4,6)   
------------------------------+----------+----------+----------+----------+----------+----------+----------+----------+----------+----------+----------+----------+----------+----------+----------+----------+----------+----------
208 (h=2; 1,2,0,1)            | 0.42857 | 0.18367 | 0.18367 | 0.07872 | 0.07872 | 0.07872 | 0.03374 | 0.03374 | 0.03374 | 0.03374 | 0.01446 | 0.01446 | 0.01446 | 0.01446 | 0.00620 | 0.00620 | 0.00620 | 0.00620 
211 (h=2; 1,2,1,1)            | 0.42857 | 0.18367 | 0.18367 | 0.07872 | 0.07872 | 0.07872 | 0.03374 | 0.03374 | 0.03374 | 0.03374 | 0.01446 | 0.01446 | 0.01446 | 0.01446 | 0.00620 | 0.00620 | 0.00620 | 0.00620 
295 (h=3; 1,2,2,1)            | 0.42857 | 0.18367 | 0.18367 | 0.07872 | 0.07872 | 0.07872 | 0.03374 | 0.03374 | 0.03374 | 0.03374 | 0.01446 | 0.01446 | 0.01446 | 0.01446 | 0.00620 | 0.00620 | 0.00620 | 0.00620 
133 (h=1; 1,2,2,1)            | 0.42857 | 0.18367 | 0.18367 | 0.07872 | 0.07872 | 0.07872 | 0.03374 | 0.03374 | 0.03374 | 0.03374 | 0.01446 | 0.01446 | 0.01446 | 0.01446 | 0.00620 | 0.00620 | 0.00620 | 0.00620 


--- Hybrid Probability Table for Node u = 215 ---
--- Metatorus Structure (n=4, k=3), Torus Probability (Denominator 2*n-1) ---

Incoming Neighbor b           | (1,1)   | (1,2)   | (2,2)   | (1,3)   | (2,3)   | (3,3)   | (1,4)   | (2,4)   | (3,4)   | (4,4)   | (1,5)   | (2,5)   | (3,5)   | (4,5)   | (1,6)   | (2,6)   | (3,6)   | (4,6)   
------------------------------+----------+----------+----------+----------+----------+----------+----------+----------+----------+----------+----------+----------+----------+----------+----------+----------+----------+----------
209 (h=2; 1,2,0,2)            | 0.42857 | 0.18367 | 0.18367 | 0.07872 | 0.07872 | 0.07872 | 0.03374 | 0.03374 | 0.03374 | 0.03374 | 0.01446 | 0.01446 | 0.01446 | 0.01446 | 0.00620 | 0.00620 | 0.00620 | 0.00620 
212 (h=2; 1,2,1,2)            | 0.42857 | 0.18367 | 0.18367 | 0.07872 | 0.07872 | 0.07872 | 0.03374 | 0.03374 | 0.03374 | 0.03374 | 0.01446 | 0.01446 | 0.01446 | 0.01446 | 0.00620 | 0.00620 | 0.00620 | 0.00620 
296 (h=3; 1,2,2,2)            | 0.42857 | 0.18367 | 0.18367 | 0.07872 | 0.07872 | 0.07872 | 0.03374 | 0.03374 | 0.03374 | 0.03374 | 0.01446 | 0.01446 | 0.01446 | 0.01446 | 0.00620 | 0.00620 | 0.00620 | 0.00620 
134 (h=1; 1,2,2,2)            | 0.42857 | 0.18367 | 0.18367 | 0.07872 | 0.07872 | 0.07872 | 0.03374 | 0.03374 | 0.03374 | 0.03374 | 0.01446 | 0.01446 | 0.01446 | 0.01446 | 0.00620 | 0.00620 | 0.00620 | 0.00620 


--- Hybrid Probability Table for Node u = 216 ---
--- Metatorus Structure (n=4, k=3), Torus Probability (Denominator 2*n-1) ---

Incoming Neighbor b           | (1,1)   | (1,2)   | (2,2)   | (1,3)   | (2,3)   | (3,3)   | (1,4)   | (2,4)   | (3,4)   | (4,4)   | (1,5)   | (2,5)   | (3,5)   | (4,5)   | (1,6)   | (2,6)   | (3,6)   | (4,6)   
------------------------------+----------+----------+----------+----------+----------+----------+----------+----------+----------+----------+----------+----------+----------+----------+----------+----------+----------+----------
219 (h=2; 2,0,1,0)            | 0.42857 | 0.18367 | 0.18367 | 0.07872 | 0.07872 | 0.07872 | 0.03374 | 0.03374 | 0.03374 | 0.03374 | 0.01446 | 0.01446 | 0.01446 | 0.01446 | 0.00620 | 0.00620 | 0.00620 | 0.00620 
222 (h=2; 2,0,2,0)            | 0.42857 | 0.18367 | 0.18367 | 0.07872 | 0.07872 | 0.07872 | 0.03374 | 0.03374 | 0.03374 | 0.03374 | 0.01446 | 0.01446 | 0.01446 | 0.01446 | 0.00620 | 0.00620 | 0.00620 | 0.00620 
297 (h=3; 2,0,0,0)            | 0.42857 | 0.18367 | 0.18367 | 0.07872 | 0.07872 | 0.07872 | 0.03374 | 0.03374 | 0.03374 | 0.03374 | 0.01446 | 0.01446 | 0.01446 | 0.01446 | 0.00620 | 0.00620 | 0.00620 | 0.00620 
135 (h=1; 2,0,0,0)            | 0.42857 | 0.18367 | 0.18367 | 0.07872 | 0.07872 | 0.07872 | 0.03374 | 0.03374 | 0.03374 | 0.03374 | 0.01446 | 0.01446 | 0.01446 | 0.01446 | 0.00620 | 0.00620 | 0.00620 | 0.00620 


--- Hybrid Probability Table for Node u = 217 ---
--- Metatorus Structure (n=4, k=3), Torus Probability (Denominator 2*n-1) ---

Incoming Neighbor b           | (1,1)   | (1,2)   | (2,2)   | (1,3)   | (2,3)   | (3,3)   | (1,4)   | (2,4)   | (3,4)   | (4,4)   | (1,5)   | (2,5)   | (3,5)   | (4,5)   | (1,6)   | (2,6)   | (3,6)   | (4,6)   
------------------------------+----------+----------+----------+----------+----------+----------+----------+----------+----------+----------+----------+----------+----------+----------+----------+----------+----------+----------
220 (h=2; 2,0,1,1)            | 0.42857 | 0.18367 | 0.18367 | 0.07872 | 0.07872 | 0.07872 | 0.03374 | 0.03374 | 0.03374 | 0.03374 | 0.01446 | 0.01446 | 0.01446 | 0.01446 | 0.00620 | 0.00620 | 0.00620 | 0.00620 
223 (h=2; 2,0,2,1)            | 0.42857 | 0.18367 | 0.18367 | 0.07872 | 0.07872 | 0.07872 | 0.03374 | 0.03374 | 0.03374 | 0.03374 | 0.01446 | 0.01446 | 0.01446 | 0.01446 | 0.00620 | 0.00620 | 0.00620 | 0.00620 
298 (h=3; 2,0,0,1)            | 0.42857 | 0.18367 | 0.18367 | 0.07872 | 0.07872 | 0.07872 | 0.03374 | 0.03374 | 0.03374 | 0.03374 | 0.01446 | 0.01446 | 0.01446 | 0.01446 | 0.00620 | 0.00620 | 0.00620 | 0.00620 
136 (h=1; 2,0,0,1)            | 0.42857 | 0.18367 | 0.18367 | 0.07872 | 0.07872 | 0.07872 | 0.03374 | 0.03374 | 0.03374 | 0.03374 | 0.01446 | 0.01446 | 0.01446 | 0.01446 | 0.00620 | 0.00620 | 0.00620 | 0.00620 


--- Hybrid Probability Table for Node u = 218 ---
--- Metatorus Structure (n=4, k=3), Torus Probability (Denominator 2*n-1) ---

Incoming Neighbor b           | (1,1)   | (1,2)   | (2,2)   | (1,3)   | (2,3)   | (3,3)   | (1,4)   | (2,4)   | (3,4)   | (4,4)   | (1,5)   | (2,5)   | (3,5)   | (4,5)   | (1,6)   | (2,6)   | (3,6)   | (4,6)   
------------------------------+----------+----------+----------+----------+----------+----------+----------+----------+----------+----------+----------+----------+----------+----------+----------+----------+----------+----------
221 (h=2; 2,0,1,2)            | 0.42857 | 0.18367 | 0.18367 | 0.07872 | 0.07872 | 0.07872 | 0.03374 | 0.03374 | 0.03374 | 0.03374 | 0.01446 | 0.01446 | 0.01446 | 0.01446 | 0.00620 | 0.00620 | 0.00620 | 0.00620 
224 (h=2; 2,0,2,2)            | 0.42857 | 0.18367 | 0.18367 | 0.07872 | 0.07872 | 0.07872 | 0.03374 | 0.03374 | 0.03374 | 0.03374 | 0.01446 | 0.01446 | 0.01446 | 0.01446 | 0.00620 | 0.00620 | 0.00620 | 0.00620 
299 (h=3; 2,0,0,2)            | 0.42857 | 0.18367 | 0.18367 | 0.07872 | 0.07872 | 0.07872 | 0.03374 | 0.03374 | 0.03374 | 0.03374 | 0.01446 | 0.01446 | 0.01446 | 0.01446 | 0.00620 | 0.00620 | 0.00620 | 0.00620 
137 (h=1; 2,0,0,2)            | 0.42857 | 0.18367 | 0.18367 | 0.07872 | 0.07872 | 0.07872 | 0.03374 | 0.03374 | 0.03374 | 0.03374 | 0.01446 | 0.01446 | 0.01446 | 0.01446 | 0.00620 | 0.00620 | 0.00620 | 0.00620 


--- Hybrid Probability Table for Node u = 219 ---
--- Metatorus Structure (n=4, k=3), Torus Probability (Denominator 2*n-1) ---

Incoming Neighbor b           | (1,1)   | (1,2)   | (2,2)   | (1,3)   | (2,3)   | (3,3)   | (1,4)   | (2,4)   | (3,4)   | (4,4)   | (1,5)   | (2,5)   | (3,5)   | (4,5)   | (1,6)   | (2,6)   | (3,6)   | (4,6)   
------------------------------+----------+----------+----------+----------+----------+----------+----------+----------+----------+----------+----------+----------+----------+----------+----------+----------+----------+----------
222 (h=2; 2,0,2,0)            | 0.42857 | 0.18367 | 0.18367 | 0.07872 | 0.07872 | 0.07872 | 0.03374 | 0.03374 | 0.03374 | 0.03374 | 0.01446 | 0.01446 | 0.01446 | 0.01446 | 0.00620 | 0.00620 | 0.00620 | 0.00620 
216 (h=2; 2,0,0,0)            | 0.42857 | 0.18367 | 0.18367 | 0.07872 | 0.07872 | 0.07872 | 0.03374 | 0.03374 | 0.03374 | 0.03374 | 0.01446 | 0.01446 | 0.01446 | 0.01446 | 0.00620 | 0.00620 | 0.00620 | 0.00620 
300 (h=3; 2,0,1,0)            | 0.42857 | 0.18367 | 0.18367 | 0.07872 | 0.07872 | 0.07872 | 0.03374 | 0.03374 | 0.03374 | 0.03374 | 0.01446 | 0.01446 | 0.01446 | 0.01446 | 0.00620 | 0.00620 | 0.00620 | 0.00620 
138 (h=1; 2,0,1,0)            | 0.42857 | 0.18367 | 0.18367 | 0.07872 | 0.07872 | 0.07872 | 0.03374 | 0.03374 | 0.03374 | 0.03374 | 0.01446 | 0.01446 | 0.01446 | 0.01446 | 0.00620 | 0.00620 | 0.00620 | 0.00620 


--- Hybrid Probability Table for Node u = 220 ---
--- Metatorus Structure (n=4, k=3), Torus Probability (Denominator 2*n-1) ---

Incoming Neighbor b           | (1,1)   | (1,2)   | (2,2)   | (1,3)   | (2,3)   | (3,3)   | (1,4)   | (2,4)   | (3,4)   | (4,4)   | (1,5)   | (2,5)   | (3,5)   | (4,5)   | (1,6)   | (2,6)   | (3,6)   | (4,6)   
------------------------------+----------+----------+----------+----------+----------+----------+----------+----------+----------+----------+----------+----------+----------+----------+----------+----------+----------+----------
223 (h=2; 2,0,2,1)            | 0.42857 | 0.18367 | 0.18367 | 0.07872 | 0.07872 | 0.07872 | 0.03374 | 0.03374 | 0.03374 | 0.03374 | 0.01446 | 0.01446 | 0.01446 | 0.01446 | 0.00620 | 0.00620 | 0.00620 | 0.00620 
217 (h=2; 2,0,0,1)            | 0.42857 | 0.18367 | 0.18367 | 0.07872 | 0.07872 | 0.07872 | 0.03374 | 0.03374 | 0.03374 | 0.03374 | 0.01446 | 0.01446 | 0.01446 | 0.01446 | 0.00620 | 0.00620 | 0.00620 | 0.00620 
301 (h=3; 2,0,1,1)            | 0.42857 | 0.18367 | 0.18367 | 0.07872 | 0.07872 | 0.07872 | 0.03374 | 0.03374 | 0.03374 | 0.03374 | 0.01446 | 0.01446 | 0.01446 | 0.01446 | 0.00620 | 0.00620 | 0.00620 | 0.00620 
139 (h=1; 2,0,1,1)            | 0.42857 | 0.18367 | 0.18367 | 0.07872 | 0.07872 | 0.07872 | 0.03374 | 0.03374 | 0.03374 | 0.03374 | 0.01446 | 0.01446 | 0.01446 | 0.01446 | 0.00620 | 0.00620 | 0.00620 | 0.00620 


--- Hybrid Probability Table for Node u = 221 ---
--- Metatorus Structure (n=4, k=3), Torus Probability (Denominator 2*n-1) ---

Incoming Neighbor b           | (1,1)   | (1,2)   | (2,2)   | (1,3)   | (2,3)   | (3,3)   | (1,4)   | (2,4)   | (3,4)   | (4,4)   | (1,5)   | (2,5)   | (3,5)   | (4,5)   | (1,6)   | (2,6)   | (3,6)   | (4,6)   
------------------------------+----------+----------+----------+----------+----------+----------+----------+----------+----------+----------+----------+----------+----------+----------+----------+----------+----------+----------
224 (h=2; 2,0,2,2)            | 0.42857 | 0.18367 | 0.18367 | 0.07872 | 0.07872 | 0.07872 | 0.03374 | 0.03374 | 0.03374 | 0.03374 | 0.01446 | 0.01446 | 0.01446 | 0.01446 | 0.00620 | 0.00620 | 0.00620 | 0.00620 
218 (h=2; 2,0,0,2)            | 0.42857 | 0.18367 | 0.18367 | 0.07872 | 0.07872 | 0.07872 | 0.03374 | 0.03374 | 0.03374 | 0.03374 | 0.01446 | 0.01446 | 0.01446 | 0.01446 | 0.00620 | 0.00620 | 0.00620 | 0.00620 
302 (h=3; 2,0,1,2)            | 0.42857 | 0.18367 | 0.18367 | 0.07872 | 0.07872 | 0.07872 | 0.03374 | 0.03374 | 0.03374 | 0.03374 | 0.01446 | 0.01446 | 0.01446 | 0.01446 | 0.00620 | 0.00620 | 0.00620 | 0.00620 
140 (h=1; 2,0,1,2)            | 0.42857 | 0.18367 | 0.18367 | 0.07872 | 0.07872 | 0.07872 | 0.03374 | 0.03374 | 0.03374 | 0.03374 | 0.01446 | 0.01446 | 0.01446 | 0.01446 | 0.00620 | 0.00620 | 0.00620 | 0.00620 


--- Hybrid Probability Table for Node u = 222 ---
--- Metatorus Structure (n=4, k=3), Torus Probability (Denominator 2*n-1) ---

Incoming Neighbor b           | (1,1)   | (1,2)   | (2,2)   | (1,3)   | (2,3)   | (3,3)   | (1,4)   | (2,4)   | (3,4)   | (4,4)   | (1,5)   | (2,5)   | (3,5)   | (4,5)   | (1,6)   | (2,6)   | (3,6)   | (4,6)   
------------------------------+----------+----------+----------+----------+----------+----------+----------+----------+----------+----------+----------+----------+----------+----------+----------+----------+----------+----------
216 (h=2; 2,0,0,0)            | 0.42857 | 0.18367 | 0.18367 | 0.07872 | 0.07872 | 0.07872 | 0.03374 | 0.03374 | 0.03374 | 0.03374 | 0.01446 | 0.01446 | 0.01446 | 0.01446 | 0.00620 | 0.00620 | 0.00620 | 0.00620 
219 (h=2; 2,0,1,0)            | 0.42857 | 0.18367 | 0.18367 | 0.07872 | 0.07872 | 0.07872 | 0.03374 | 0.03374 | 0.03374 | 0.03374 | 0.01446 | 0.01446 | 0.01446 | 0.01446 | 0.00620 | 0.00620 | 0.00620 | 0.00620 
303 (h=3; 2,0,2,0)            | 0.42857 | 0.18367 | 0.18367 | 0.07872 | 0.07872 | 0.07872 | 0.03374 | 0.03374 | 0.03374 | 0.03374 | 0.01446 | 0.01446 | 0.01446 | 0.01446 | 0.00620 | 0.00620 | 0.00620 | 0.00620 
141 (h=1; 2,0,2,0)            | 0.42857 | 0.18367 | 0.18367 | 0.07872 | 0.07872 | 0.07872 | 0.03374 | 0.03374 | 0.03374 | 0.03374 | 0.01446 | 0.01446 | 0.01446 | 0.01446 | 0.00620 | 0.00620 | 0.00620 | 0.00620 


--- Hybrid Probability Table for Node u = 223 ---
--- Metatorus Structure (n=4, k=3), Torus Probability (Denominator 2*n-1) ---

Incoming Neighbor b           | (1,1)   | (1,2)   | (2,2)   | (1,3)   | (2,3)   | (3,3)   | (1,4)   | (2,4)   | (3,4)   | (4,4)   | (1,5)   | (2,5)   | (3,5)   | (4,5)   | (1,6)   | (2,6)   | (3,6)   | (4,6)   
------------------------------+----------+----------+----------+----------+----------+----------+----------+----------+----------+----------+----------+----------+----------+----------+----------+----------+----------+----------
217 (h=2; 2,0,0,1)            | 0.42857 | 0.18367 | 0.18367 | 0.07872 | 0.07872 | 0.07872 | 0.03374 | 0.03374 | 0.03374 | 0.03374 | 0.01446 | 0.01446 | 0.01446 | 0.01446 | 0.00620 | 0.00620 | 0.00620 | 0.00620 
220 (h=2; 2,0,1,1)            | 0.42857 | 0.18367 | 0.18367 | 0.07872 | 0.07872 | 0.07872 | 0.03374 | 0.03374 | 0.03374 | 0.03374 | 0.01446 | 0.01446 | 0.01446 | 0.01446 | 0.00620 | 0.00620 | 0.00620 | 0.00620 
304 (h=3; 2,0,2,1)            | 0.42857 | 0.18367 | 0.18367 | 0.07872 | 0.07872 | 0.07872 | 0.03374 | 0.03374 | 0.03374 | 0.03374 | 0.01446 | 0.01446 | 0.01446 | 0.01446 | 0.00620 | 0.00620 | 0.00620 | 0.00620 
142 (h=1; 2,0,2,1)            | 0.42857 | 0.18367 | 0.18367 | 0.07872 | 0.07872 | 0.07872 | 0.03374 | 0.03374 | 0.03374 | 0.03374 | 0.01446 | 0.01446 | 0.01446 | 0.01446 | 0.00620 | 0.00620 | 0.00620 | 0.00620 


--- Hybrid Probability Table for Node u = 224 ---
--- Metatorus Structure (n=4, k=3), Torus Probability (Denominator 2*n-1) ---

Incoming Neighbor b           | (1,1)   | (1,2)   | (2,2)   | (1,3)   | (2,3)   | (3,3)   | (1,4)   | (2,4)   | (3,4)   | (4,4)   | (1,5)   | (2,5)   | (3,5)   | (4,5)   | (1,6)   | (2,6)   | (3,6)   | (4,6)   
------------------------------+----------+----------+----------+----------+----------+----------+----------+----------+----------+----------+----------+----------+----------+----------+----------+----------+----------+----------
218 (h=2; 2,0,0,2)            | 0.42857 | 0.18367 | 0.18367 | 0.07872 | 0.07872 | 0.07872 | 0.03374 | 0.03374 | 0.03374 | 0.03374 | 0.01446 | 0.01446 | 0.01446 | 0.01446 | 0.00620 | 0.00620 | 0.00620 | 0.00620 
221 (h=2; 2,0,1,2)            | 0.42857 | 0.18367 | 0.18367 | 0.07872 | 0.07872 | 0.07872 | 0.03374 | 0.03374 | 0.03374 | 0.03374 | 0.01446 | 0.01446 | 0.01446 | 0.01446 | 0.00620 | 0.00620 | 0.00620 | 0.00620 
305 (h=3; 2,0,2,2)            | 0.42857 | 0.18367 | 0.18367 | 0.07872 | 0.07872 | 0.07872 | 0.03374 | 0.03374 | 0.03374 | 0.03374 | 0.01446 | 0.01446 | 0.01446 | 0.01446 | 0.00620 | 0.00620 | 0.00620 | 0.00620 
143 (h=1; 2,0,2,2)            | 0.42857 | 0.18367 | 0.18367 | 0.07872 | 0.07872 | 0.07872 | 0.03374 | 0.03374 | 0.03374 | 0.03374 | 0.01446 | 0.01446 | 0.01446 | 0.01446 | 0.00620 | 0.00620 | 0.00620 | 0.00620 


--- Hybrid Probability Table for Node u = 225 ---
--- Metatorus Structure (n=4, k=3), Torus Probability (Denominator 2*n-1) ---

Incoming Neighbor b           | (1,1)   | (1,2)   | (2,2)   | (1,3)   | (2,3)   | (3,3)   | (1,4)   | (2,4)   | (3,4)   | (4,4)   | (1,5)   | (2,5)   | (3,5)   | (4,5)   | (1,6)   | (2,6)   | (3,6)   | (4,6)   
------------------------------+----------+----------+----------+----------+----------+----------+----------+----------+----------+----------+----------+----------+----------+----------+----------+----------+----------+----------
228 (h=2; 2,1,1,0)            | 0.42857 | 0.18367 | 0.18367 | 0.07872 | 0.07872 | 0.07872 | 0.03374 | 0.03374 | 0.03374 | 0.03374 | 0.01446 | 0.01446 | 0.01446 | 0.01446 | 0.00620 | 0.00620 | 0.00620 | 0.00620 
231 (h=2; 2,1,2,0)            | 0.42857 | 0.18367 | 0.18367 | 0.07872 | 0.07872 | 0.07872 | 0.03374 | 0.03374 | 0.03374 | 0.03374 | 0.01446 | 0.01446 | 0.01446 | 0.01446 | 0.00620 | 0.00620 | 0.00620 | 0.00620 
306 (h=3; 2,1,0,0)            | 0.42857 | 0.18367 | 0.18367 | 0.07872 | 0.07872 | 0.07872 | 0.03374 | 0.03374 | 0.03374 | 0.03374 | 0.01446 | 0.01446 | 0.01446 | 0.01446 | 0.00620 | 0.00620 | 0.00620 | 0.00620 
144 (h=1; 2,1,0,0)            | 0.42857 | 0.18367 | 0.18367 | 0.07872 | 0.07872 | 0.07872 | 0.03374 | 0.03374 | 0.03374 | 0.03374 | 0.01446 | 0.01446 | 0.01446 | 0.01446 | 0.00620 | 0.00620 | 0.00620 | 0.00620 


--- Hybrid Probability Table for Node u = 226 ---
--- Metatorus Structure (n=4, k=3), Torus Probability (Denominator 2*n-1) ---

Incoming Neighbor b           | (1,1)   | (1,2)   | (2,2)   | (1,3)   | (2,3)   | (3,3)   | (1,4)   | (2,4)   | (3,4)   | (4,4)   | (1,5)   | (2,5)   | (3,5)   | (4,5)   | (1,6)   | (2,6)   | (3,6)   | (4,6)   
------------------------------+----------+----------+----------+----------+----------+----------+----------+----------+----------+----------+----------+----------+----------+----------+----------+----------+----------+----------
229 (h=2; 2,1,1,1)            | 0.42857 | 0.18367 | 0.18367 | 0.07872 | 0.07872 | 0.07872 | 0.03374 | 0.03374 | 0.03374 | 0.03374 | 0.01446 | 0.01446 | 0.01446 | 0.01446 | 0.00620 | 0.00620 | 0.00620 | 0.00620 
232 (h=2; 2,1,2,1)            | 0.42857 | 0.18367 | 0.18367 | 0.07872 | 0.07872 | 0.07872 | 0.03374 | 0.03374 | 0.03374 | 0.03374 | 0.01446 | 0.01446 | 0.01446 | 0.01446 | 0.00620 | 0.00620 | 0.00620 | 0.00620 
307 (h=3; 2,1,0,1)            | 0.42857 | 0.18367 | 0.18367 | 0.07872 | 0.07872 | 0.07872 | 0.03374 | 0.03374 | 0.03374 | 0.03374 | 0.01446 | 0.01446 | 0.01446 | 0.01446 | 0.00620 | 0.00620 | 0.00620 | 0.00620 
145 (h=1; 2,1,0,1)            | 0.42857 | 0.18367 | 0.18367 | 0.07872 | 0.07872 | 0.07872 | 0.03374 | 0.03374 | 0.03374 | 0.03374 | 0.01446 | 0.01446 | 0.01446 | 0.01446 | 0.00620 | 0.00620 | 0.00620 | 0.00620 


--- Hybrid Probability Table for Node u = 227 ---
--- Metatorus Structure (n=4, k=3), Torus Probability (Denominator 2*n-1) ---

Incoming Neighbor b           | (1,1)   | (1,2)   | (2,2)   | (1,3)   | (2,3)   | (3,3)   | (1,4)   | (2,4)   | (3,4)   | (4,4)   | (1,5)   | (2,5)   | (3,5)   | (4,5)   | (1,6)   | (2,6)   | (3,6)   | (4,6)   
------------------------------+----------+----------+----------+----------+----------+----------+----------+----------+----------+----------+----------+----------+----------+----------+----------+----------+----------+----------
230 (h=2; 2,1,1,2)            | 0.42857 | 0.18367 | 0.18367 | 0.07872 | 0.07872 | 0.07872 | 0.03374 | 0.03374 | 0.03374 | 0.03374 | 0.01446 | 0.01446 | 0.01446 | 0.01446 | 0.00620 | 0.00620 | 0.00620 | 0.00620 
233 (h=2; 2,1,2,2)            | 0.42857 | 0.18367 | 0.18367 | 0.07872 | 0.07872 | 0.07872 | 0.03374 | 0.03374 | 0.03374 | 0.03374 | 0.01446 | 0.01446 | 0.01446 | 0.01446 | 0.00620 | 0.00620 | 0.00620 | 0.00620 
308 (h=3; 2,1,0,2)            | 0.42857 | 0.18367 | 0.18367 | 0.07872 | 0.07872 | 0.07872 | 0.03374 | 0.03374 | 0.03374 | 0.03374 | 0.01446 | 0.01446 | 0.01446 | 0.01446 | 0.00620 | 0.00620 | 0.00620 | 0.00620 
146 (h=1; 2,1,0,2)            | 0.42857 | 0.18367 | 0.18367 | 0.07872 | 0.07872 | 0.07872 | 0.03374 | 0.03374 | 0.03374 | 0.03374 | 0.01446 | 0.01446 | 0.01446 | 0.01446 | 0.00620 | 0.00620 | 0.00620 | 0.00620 


--- Hybrid Probability Table for Node u = 228 ---
--- Metatorus Structure (n=4, k=3), Torus Probability (Denominator 2*n-1) ---

Incoming Neighbor b           | (1,1)   | (1,2)   | (2,2)   | (1,3)   | (2,3)   | (3,3)   | (1,4)   | (2,4)   | (3,4)   | (4,4)   | (1,5)   | (2,5)   | (3,5)   | (4,5)   | (1,6)   | (2,6)   | (3,6)   | (4,6)   
------------------------------+----------+----------+----------+----------+----------+----------+----------+----------+----------+----------+----------+----------+----------+----------+----------+----------+----------+----------
231 (h=2; 2,1,2,0)            | 0.42857 | 0.18367 | 0.18367 | 0.07872 | 0.07872 | 0.07872 | 0.03374 | 0.03374 | 0.03374 | 0.03374 | 0.01446 | 0.01446 | 0.01446 | 0.01446 | 0.00620 | 0.00620 | 0.00620 | 0.00620 
225 (h=2; 2,1,0,0)            | 0.42857 | 0.18367 | 0.18367 | 0.07872 | 0.07872 | 0.07872 | 0.03374 | 0.03374 | 0.03374 | 0.03374 | 0.01446 | 0.01446 | 0.01446 | 0.01446 | 0.00620 | 0.00620 | 0.00620 | 0.00620 
309 (h=3; 2,1,1,0)            | 0.42857 | 0.18367 | 0.18367 | 0.07872 | 0.07872 | 0.07872 | 0.03374 | 0.03374 | 0.03374 | 0.03374 | 0.01446 | 0.01446 | 0.01446 | 0.01446 | 0.00620 | 0.00620 | 0.00620 | 0.00620 
147 (h=1; 2,1,1,0)            | 0.42857 | 0.18367 | 0.18367 | 0.07872 | 0.07872 | 0.07872 | 0.03374 | 0.03374 | 0.03374 | 0.03374 | 0.01446 | 0.01446 | 0.01446 | 0.01446 | 0.00620 | 0.00620 | 0.00620 | 0.00620 


--- Hybrid Probability Table for Node u = 229 ---
--- Metatorus Structure (n=4, k=3), Torus Probability (Denominator 2*n-1) ---

Incoming Neighbor b           | (1,1)   | (1,2)   | (2,2)   | (1,3)   | (2,3)   | (3,3)   | (1,4)   | (2,4)   | (3,4)   | (4,4)   | (1,5)   | (2,5)   | (3,5)   | (4,5)   | (1,6)   | (2,6)   | (3,6)   | (4,6)   
------------------------------+----------+----------+----------+----------+----------+----------+----------+----------+----------+----------+----------+----------+----------+----------+----------+----------+----------+----------
232 (h=2; 2,1,2,1)            | 0.42857 | 0.18367 | 0.18367 | 0.07872 | 0.07872 | 0.07872 | 0.03374 | 0.03374 | 0.03374 | 0.03374 | 0.01446 | 0.01446 | 0.01446 | 0.01446 | 0.00620 | 0.00620 | 0.00620 | 0.00620 
226 (h=2; 2,1,0,1)            | 0.42857 | 0.18367 | 0.18367 | 0.07872 | 0.07872 | 0.07872 | 0.03374 | 0.03374 | 0.03374 | 0.03374 | 0.01446 | 0.01446 | 0.01446 | 0.01446 | 0.00620 | 0.00620 | 0.00620 | 0.00620 
310 (h=3; 2,1,1,1)            | 0.42857 | 0.18367 | 0.18367 | 0.07872 | 0.07872 | 0.07872 | 0.03374 | 0.03374 | 0.03374 | 0.03374 | 0.01446 | 0.01446 | 0.01446 | 0.01446 | 0.00620 | 0.00620 | 0.00620 | 0.00620 
148 (h=1; 2,1,1,1)            | 0.42857 | 0.18367 | 0.18367 | 0.07872 | 0.07872 | 0.07872 | 0.03374 | 0.03374 | 0.03374 | 0.03374 | 0.01446 | 0.01446 | 0.01446 | 0.01446 | 0.00620 | 0.00620 | 0.00620 | 0.00620 


--- Hybrid Probability Table for Node u = 230 ---
--- Metatorus Structure (n=4, k=3), Torus Probability (Denominator 2*n-1) ---

Incoming Neighbor b           | (1,1)   | (1,2)   | (2,2)   | (1,3)   | (2,3)   | (3,3)   | (1,4)   | (2,4)   | (3,4)   | (4,4)   | (1,5)   | (2,5)   | (3,5)   | (4,5)   | (1,6)   | (2,6)   | (3,6)   | (4,6)   
------------------------------+----------+----------+----------+----------+----------+----------+----------+----------+----------+----------+----------+----------+----------+----------+----------+----------+----------+----------
233 (h=2; 2,1,2,2)            | 0.42857 | 0.18367 | 0.18367 | 0.07872 | 0.07872 | 0.07872 | 0.03374 | 0.03374 | 0.03374 | 0.03374 | 0.01446 | 0.01446 | 0.01446 | 0.01446 | 0.00620 | 0.00620 | 0.00620 | 0.00620 
227 (h=2; 2,1,0,2)            | 0.42857 | 0.18367 | 0.18367 | 0.07872 | 0.07872 | 0.07872 | 0.03374 | 0.03374 | 0.03374 | 0.03374 | 0.01446 | 0.01446 | 0.01446 | 0.01446 | 0.00620 | 0.00620 | 0.00620 | 0.00620 
311 (h=3; 2,1,1,2)            | 0.42857 | 0.18367 | 0.18367 | 0.07872 | 0.07872 | 0.07872 | 0.03374 | 0.03374 | 0.03374 | 0.03374 | 0.01446 | 0.01446 | 0.01446 | 0.01446 | 0.00620 | 0.00620 | 0.00620 | 0.00620 
149 (h=1; 2,1,1,2)            | 0.42857 | 0.18367 | 0.18367 | 0.07872 | 0.07872 | 0.07872 | 0.03374 | 0.03374 | 0.03374 | 0.03374 | 0.01446 | 0.01446 | 0.01446 | 0.01446 | 0.00620 | 0.00620 | 0.00620 | 0.00620 


--- Hybrid Probability Table for Node u = 231 ---
--- Metatorus Structure (n=4, k=3), Torus Probability (Denominator 2*n-1) ---

Incoming Neighbor b           | (1,1)   | (1,2)   | (2,2)   | (1,3)   | (2,3)   | (3,3)   | (1,4)   | (2,4)   | (3,4)   | (4,4)   | (1,5)   | (2,5)   | (3,5)   | (4,5)   | (1,6)   | (2,6)   | (3,6)   | (4,6)   
------------------------------+----------+----------+----------+----------+----------+----------+----------+----------+----------+----------+----------+----------+----------+----------+----------+----------+----------+----------
225 (h=2; 2,1,0,0)            | 0.42857 | 0.18367 | 0.18367 | 0.07872 | 0.07872 | 0.07872 | 0.03374 | 0.03374 | 0.03374 | 0.03374 | 0.01446 | 0.01446 | 0.01446 | 0.01446 | 0.00620 | 0.00620 | 0.00620 | 0.00620 
228 (h=2; 2,1,1,0)            | 0.42857 | 0.18367 | 0.18367 | 0.07872 | 0.07872 | 0.07872 | 0.03374 | 0.03374 | 0.03374 | 0.03374 | 0.01446 | 0.01446 | 0.01446 | 0.01446 | 0.00620 | 0.00620 | 0.00620 | 0.00620 
312 (h=3; 2,1,2,0)            | 0.42857 | 0.18367 | 0.18367 | 0.07872 | 0.07872 | 0.07872 | 0.03374 | 0.03374 | 0.03374 | 0.03374 | 0.01446 | 0.01446 | 0.01446 | 0.01446 | 0.00620 | 0.00620 | 0.00620 | 0.00620 
150 (h=1; 2,1,2,0)            | 0.42857 | 0.18367 | 0.18367 | 0.07872 | 0.07872 | 0.07872 | 0.03374 | 0.03374 | 0.03374 | 0.03374 | 0.01446 | 0.01446 | 0.01446 | 0.01446 | 0.00620 | 0.00620 | 0.00620 | 0.00620 


--- Hybrid Probability Table for Node u = 232 ---
--- Metatorus Structure (n=4, k=3), Torus Probability (Denominator 2*n-1) ---

Incoming Neighbor b           | (1,1)   | (1,2)   | (2,2)   | (1,3)   | (2,3)   | (3,3)   | (1,4)   | (2,4)   | (3,4)   | (4,4)   | (1,5)   | (2,5)   | (3,5)   | (4,5)   | (1,6)   | (2,6)   | (3,6)   | (4,6)   
------------------------------+----------+----------+----------+----------+----------+----------+----------+----------+----------+----------+----------+----------+----------+----------+----------+----------+----------+----------
226 (h=2; 2,1,0,1)            | 0.42857 | 0.18367 | 0.18367 | 0.07872 | 0.07872 | 0.07872 | 0.03374 | 0.03374 | 0.03374 | 0.03374 | 0.01446 | 0.01446 | 0.01446 | 0.01446 | 0.00620 | 0.00620 | 0.00620 | 0.00620 
229 (h=2; 2,1,1,1)            | 0.42857 | 0.18367 | 0.18367 | 0.07872 | 0.07872 | 0.07872 | 0.03374 | 0.03374 | 0.03374 | 0.03374 | 0.01446 | 0.01446 | 0.01446 | 0.01446 | 0.00620 | 0.00620 | 0.00620 | 0.00620 
313 (h=3; 2,1,2,1)            | 0.42857 | 0.18367 | 0.18367 | 0.07872 | 0.07872 | 0.07872 | 0.03374 | 0.03374 | 0.03374 | 0.03374 | 0.01446 | 0.01446 | 0.01446 | 0.01446 | 0.00620 | 0.00620 | 0.00620 | 0.00620 
151 (h=1; 2,1,2,1)            | 0.42857 | 0.18367 | 0.18367 | 0.07872 | 0.07872 | 0.07872 | 0.03374 | 0.03374 | 0.03374 | 0.03374 | 0.01446 | 0.01446 | 0.01446 | 0.01446 | 0.00620 | 0.00620 | 0.00620 | 0.00620 


--- Hybrid Probability Table for Node u = 233 ---
--- Metatorus Structure (n=4, k=3), Torus Probability (Denominator 2*n-1) ---

Incoming Neighbor b           | (1,1)   | (1,2)   | (2,2)   | (1,3)   | (2,3)   | (3,3)   | (1,4)   | (2,4)   | (3,4)   | (4,4)   | (1,5)   | (2,5)   | (3,5)   | (4,5)   | (1,6)   | (2,6)   | (3,6)   | (4,6)   
------------------------------+----------+----------+----------+----------+----------+----------+----------+----------+----------+----------+----------+----------+----------+----------+----------+----------+----------+----------
227 (h=2; 2,1,0,2)            | 0.42857 | 0.18367 | 0.18367 | 0.07872 | 0.07872 | 0.07872 | 0.03374 | 0.03374 | 0.03374 | 0.03374 | 0.01446 | 0.01446 | 0.01446 | 0.01446 | 0.00620 | 0.00620 | 0.00620 | 0.00620 
230 (h=2; 2,1,1,2)            | 0.42857 | 0.18367 | 0.18367 | 0.07872 | 0.07872 | 0.07872 | 0.03374 | 0.03374 | 0.03374 | 0.03374 | 0.01446 | 0.01446 | 0.01446 | 0.01446 | 0.00620 | 0.00620 | 0.00620 | 0.00620 
314 (h=3; 2,1,2,2)            | 0.42857 | 0.18367 | 0.18367 | 0.07872 | 0.07872 | 0.07872 | 0.03374 | 0.03374 | 0.03374 | 0.03374 | 0.01446 | 0.01446 | 0.01446 | 0.01446 | 0.00620 | 0.00620 | 0.00620 | 0.00620 
152 (h=1; 2,1,2,2)            | 0.42857 | 0.18367 | 0.18367 | 0.07872 | 0.07872 | 0.07872 | 0.03374 | 0.03374 | 0.03374 | 0.03374 | 0.01446 | 0.01446 | 0.01446 | 0.01446 | 0.00620 | 0.00620 | 0.00620 | 0.00620 


--- Hybrid Probability Table for Node u = 234 ---
--- Metatorus Structure (n=4, k=3), Torus Probability (Denominator 2*n-1) ---

Incoming Neighbor b           | (1,1)   | (1,2)   | (2,2)   | (1,3)   | (2,3)   | (3,3)   | (1,4)   | (2,4)   | (3,4)   | (4,4)   | (1,5)   | (2,5)   | (3,5)   | (4,5)   | (1,6)   | (2,6)   | (3,6)   | (4,6)   
------------------------------+----------+----------+----------+----------+----------+----------+----------+----------+----------+----------+----------+----------+----------+----------+----------+----------+----------+----------
237 (h=2; 2,2,1,0)            | 0.42857 | 0.18367 | 0.18367 | 0.07872 | 0.07872 | 0.07872 | 0.03374 | 0.03374 | 0.03374 | 0.03374 | 0.01446 | 0.01446 | 0.01446 | 0.01446 | 0.00620 | 0.00620 | 0.00620 | 0.00620 
240 (h=2; 2,2,2,0)            | 0.42857 | 0.18367 | 0.18367 | 0.07872 | 0.07872 | 0.07872 | 0.03374 | 0.03374 | 0.03374 | 0.03374 | 0.01446 | 0.01446 | 0.01446 | 0.01446 | 0.00620 | 0.00620 | 0.00620 | 0.00620 
315 (h=3; 2,2,0,0)            | 0.42857 | 0.18367 | 0.18367 | 0.07872 | 0.07872 | 0.07872 | 0.03374 | 0.03374 | 0.03374 | 0.03374 | 0.01446 | 0.01446 | 0.01446 | 0.01446 | 0.00620 | 0.00620 | 0.00620 | 0.00620 
153 (h=1; 2,2,0,0)            | 0.42857 | 0.18367 | 0.18367 | 0.07872 | 0.07872 | 0.07872 | 0.03374 | 0.03374 | 0.03374 | 0.03374 | 0.01446 | 0.01446 | 0.01446 | 0.01446 | 0.00620 | 0.00620 | 0.00620 | 0.00620 


--- Hybrid Probability Table for Node u = 235 ---
--- Metatorus Structure (n=4, k=3), Torus Probability (Denominator 2*n-1) ---

Incoming Neighbor b           | (1,1)   | (1,2)   | (2,2)   | (1,3)   | (2,3)   | (3,3)   | (1,4)   | (2,4)   | (3,4)   | (4,4)   | (1,5)   | (2,5)   | (3,5)   | (4,5)   | (1,6)   | (2,6)   | (3,6)   | (4,6)   
------------------------------+----------+----------+----------+----------+----------+----------+----------+----------+----------+----------+----------+----------+----------+----------+----------+----------+----------+----------
238 (h=2; 2,2,1,1)            | 0.42857 | 0.18367 | 0.18367 | 0.07872 | 0.07872 | 0.07872 | 0.03374 | 0.03374 | 0.03374 | 0.03374 | 0.01446 | 0.01446 | 0.01446 | 0.01446 | 0.00620 | 0.00620 | 0.00620 | 0.00620 
241 (h=2; 2,2,2,1)            | 0.42857 | 0.18367 | 0.18367 | 0.07872 | 0.07872 | 0.07872 | 0.03374 | 0.03374 | 0.03374 | 0.03374 | 0.01446 | 0.01446 | 0.01446 | 0.01446 | 0.00620 | 0.00620 | 0.00620 | 0.00620 
316 (h=3; 2,2,0,1)            | 0.42857 | 0.18367 | 0.18367 | 0.07872 | 0.07872 | 0.07872 | 0.03374 | 0.03374 | 0.03374 | 0.03374 | 0.01446 | 0.01446 | 0.01446 | 0.01446 | 0.00620 | 0.00620 | 0.00620 | 0.00620 
154 (h=1; 2,2,0,1)            | 0.42857 | 0.18367 | 0.18367 | 0.07872 | 0.07872 | 0.07872 | 0.03374 | 0.03374 | 0.03374 | 0.03374 | 0.01446 | 0.01446 | 0.01446 | 0.01446 | 0.00620 | 0.00620 | 0.00620 | 0.00620 


--- Hybrid Probability Table for Node u = 236 ---
--- Metatorus Structure (n=4, k=3), Torus Probability (Denominator 2*n-1) ---

Incoming Neighbor b           | (1,1)   | (1,2)   | (2,2)   | (1,3)   | (2,3)   | (3,3)   | (1,4)   | (2,4)   | (3,4)   | (4,4)   | (1,5)   | (2,5)   | (3,5)   | (4,5)   | (1,6)   | (2,6)   | (3,6)   | (4,6)   
------------------------------+----------+----------+----------+----------+----------+----------+----------+----------+----------+----------+----------+----------+----------+----------+----------+----------+----------+----------
239 (h=2; 2,2,1,2)            | 0.42857 | 0.18367 | 0.18367 | 0.07872 | 0.07872 | 0.07872 | 0.03374 | 0.03374 | 0.03374 | 0.03374 | 0.01446 | 0.01446 | 0.01446 | 0.01446 | 0.00620 | 0.00620 | 0.00620 | 0.00620 
242 (h=2; 2,2,2,2)            | 0.42857 | 0.18367 | 0.18367 | 0.07872 | 0.07872 | 0.07872 | 0.03374 | 0.03374 | 0.03374 | 0.03374 | 0.01446 | 0.01446 | 0.01446 | 0.01446 | 0.00620 | 0.00620 | 0.00620 | 0.00620 
317 (h=3; 2,2,0,2)            | 0.42857 | 0.18367 | 0.18367 | 0.07872 | 0.07872 | 0.07872 | 0.03374 | 0.03374 | 0.03374 | 0.03374 | 0.01446 | 0.01446 | 0.01446 | 0.01446 | 0.00620 | 0.00620 | 0.00620 | 0.00620 
155 (h=1; 2,2,0,2)            | 0.42857 | 0.18367 | 0.18367 | 0.07872 | 0.07872 | 0.07872 | 0.03374 | 0.03374 | 0.03374 | 0.03374 | 0.01446 | 0.01446 | 0.01446 | 0.01446 | 0.00620 | 0.00620 | 0.00620 | 0.00620 


--- Hybrid Probability Table for Node u = 237 ---
--- Metatorus Structure (n=4, k=3), Torus Probability (Denominator 2*n-1) ---

Incoming Neighbor b           | (1,1)   | (1,2)   | (2,2)   | (1,3)   | (2,3)   | (3,3)   | (1,4)   | (2,4)   | (3,4)   | (4,4)   | (1,5)   | (2,5)   | (3,5)   | (4,5)   | (1,6)   | (2,6)   | (3,6)   | (4,6)   
------------------------------+----------+----------+----------+----------+----------+----------+----------+----------+----------+----------+----------+----------+----------+----------+----------+----------+----------+----------
240 (h=2; 2,2,2,0)            | 0.42857 | 0.18367 | 0.18367 | 0.07872 | 0.07872 | 0.07872 | 0.03374 | 0.03374 | 0.03374 | 0.03374 | 0.01446 | 0.01446 | 0.01446 | 0.01446 | 0.00620 | 0.00620 | 0.00620 | 0.00620 
234 (h=2; 2,2,0,0)            | 0.42857 | 0.18367 | 0.18367 | 0.07872 | 0.07872 | 0.07872 | 0.03374 | 0.03374 | 0.03374 | 0.03374 | 0.01446 | 0.01446 | 0.01446 | 0.01446 | 0.00620 | 0.00620 | 0.00620 | 0.00620 
318 (h=3; 2,2,1,0)            | 0.42857 | 0.18367 | 0.18367 | 0.07872 | 0.07872 | 0.07872 | 0.03374 | 0.03374 | 0.03374 | 0.03374 | 0.01446 | 0.01446 | 0.01446 | 0.01446 | 0.00620 | 0.00620 | 0.00620 | 0.00620 
156 (h=1; 2,2,1,0)            | 0.42857 | 0.18367 | 0.18367 | 0.07872 | 0.07872 | 0.07872 | 0.03374 | 0.03374 | 0.03374 | 0.03374 | 0.01446 | 0.01446 | 0.01446 | 0.01446 | 0.00620 | 0.00620 | 0.00620 | 0.00620 


--- Hybrid Probability Table for Node u = 238 ---
--- Metatorus Structure (n=4, k=3), Torus Probability (Denominator 2*n-1) ---

Incoming Neighbor b           | (1,1)   | (1,2)   | (2,2)   | (1,3)   | (2,3)   | (3,3)   | (1,4)   | (2,4)   | (3,4)   | (4,4)   | (1,5)   | (2,5)   | (3,5)   | (4,5)   | (1,6)   | (2,6)   | (3,6)   | (4,6)   
------------------------------+----------+----------+----------+----------+----------+----------+----------+----------+----------+----------+----------+----------+----------+----------+----------+----------+----------+----------
241 (h=2; 2,2,2,1)            | 0.42857 | 0.18367 | 0.18367 | 0.07872 | 0.07872 | 0.07872 | 0.03374 | 0.03374 | 0.03374 | 0.03374 | 0.01446 | 0.01446 | 0.01446 | 0.01446 | 0.00620 | 0.00620 | 0.00620 | 0.00620 
235 (h=2; 2,2,0,1)            | 0.42857 | 0.18367 | 0.18367 | 0.07872 | 0.07872 | 0.07872 | 0.03374 | 0.03374 | 0.03374 | 0.03374 | 0.01446 | 0.01446 | 0.01446 | 0.01446 | 0.00620 | 0.00620 | 0.00620 | 0.00620 
319 (h=3; 2,2,1,1)            | 0.42857 | 0.18367 | 0.18367 | 0.07872 | 0.07872 | 0.07872 | 0.03374 | 0.03374 | 0.03374 | 0.03374 | 0.01446 | 0.01446 | 0.01446 | 0.01446 | 0.00620 | 0.00620 | 0.00620 | 0.00620 
157 (h=1; 2,2,1,1)            | 0.42857 | 0.18367 | 0.18367 | 0.07872 | 0.07872 | 0.07872 | 0.03374 | 0.03374 | 0.03374 | 0.03374 | 0.01446 | 0.01446 | 0.01446 | 0.01446 | 0.00620 | 0.00620 | 0.00620 | 0.00620 


--- Hybrid Probability Table for Node u = 239 ---
--- Metatorus Structure (n=4, k=3), Torus Probability (Denominator 2*n-1) ---

Incoming Neighbor b           | (1,1)   | (1,2)   | (2,2)   | (1,3)   | (2,3)   | (3,3)   | (1,4)   | (2,4)   | (3,4)   | (4,4)   | (1,5)   | (2,5)   | (3,5)   | (4,5)   | (1,6)   | (2,6)   | (3,6)   | (4,6)   
------------------------------+----------+----------+----------+----------+----------+----------+----------+----------+----------+----------+----------+----------+----------+----------+----------+----------+----------+----------
242 (h=2; 2,2,2,2)            | 0.42857 | 0.18367 | 0.18367 | 0.07872 | 0.07872 | 0.07872 | 0.03374 | 0.03374 | 0.03374 | 0.03374 | 0.01446 | 0.01446 | 0.01446 | 0.01446 | 0.00620 | 0.00620 | 0.00620 | 0.00620 
236 (h=2; 2,2,0,2)            | 0.42857 | 0.18367 | 0.18367 | 0.07872 | 0.07872 | 0.07872 | 0.03374 | 0.03374 | 0.03374 | 0.03374 | 0.01446 | 0.01446 | 0.01446 | 0.01446 | 0.00620 | 0.00620 | 0.00620 | 0.00620 
320 (h=3; 2,2,1,2)            | 0.42857 | 0.18367 | 0.18367 | 0.07872 | 0.07872 | 0.07872 | 0.03374 | 0.03374 | 0.03374 | 0.03374 | 0.01446 | 0.01446 | 0.01446 | 0.01446 | 0.00620 | 0.00620 | 0.00620 | 0.00620 
158 (h=1; 2,2,1,2)            | 0.42857 | 0.18367 | 0.18367 | 0.07872 | 0.07872 | 0.07872 | 0.03374 | 0.03374 | 0.03374 | 0.03374 | 0.01446 | 0.01446 | 0.01446 | 0.01446 | 0.00620 | 0.00620 | 0.00620 | 0.00620 


--- Hybrid Probability Table for Node u = 240 ---
--- Metatorus Structure (n=4, k=3), Torus Probability (Denominator 2*n-1) ---

Incoming Neighbor b           | (1,1)   | (1,2)   | (2,2)   | (1,3)   | (2,3)   | (3,3)   | (1,4)   | (2,4)   | (3,4)   | (4,4)   | (1,5)   | (2,5)   | (3,5)   | (4,5)   | (1,6)   | (2,6)   | (3,6)   | (4,6)   
------------------------------+----------+----------+----------+----------+----------+----------+----------+----------+----------+----------+----------+----------+----------+----------+----------+----------+----------+----------
234 (h=2; 2,2,0,0)            | 0.42857 | 0.18367 | 0.18367 | 0.07872 | 0.07872 | 0.07872 | 0.03374 | 0.03374 | 0.03374 | 0.03374 | 0.01446 | 0.01446 | 0.01446 | 0.01446 | 0.00620 | 0.00620 | 0.00620 | 0.00620 
237 (h=2; 2,2,1,0)            | 0.42857 | 0.18367 | 0.18367 | 0.07872 | 0.07872 | 0.07872 | 0.03374 | 0.03374 | 0.03374 | 0.03374 | 0.01446 | 0.01446 | 0.01446 | 0.01446 | 0.00620 | 0.00620 | 0.00620 | 0.00620 
321 (h=3; 2,2,2,0)            | 0.42857 | 0.18367 | 0.18367 | 0.07872 | 0.07872 | 0.07872 | 0.03374 | 0.03374 | 0.03374 | 0.03374 | 0.01446 | 0.01446 | 0.01446 | 0.01446 | 0.00620 | 0.00620 | 0.00620 | 0.00620 
159 (h=1; 2,2,2,0)            | 0.42857 | 0.18367 | 0.18367 | 0.07872 | 0.07872 | 0.07872 | 0.03374 | 0.03374 | 0.03374 | 0.03374 | 0.01446 | 0.01446 | 0.01446 | 0.01446 | 0.00620 | 0.00620 | 0.00620 | 0.00620 


--- Hybrid Probability Table for Node u = 241 ---
--- Metatorus Structure (n=4, k=3), Torus Probability (Denominator 2*n-1) ---

Incoming Neighbor b           | (1,1)   | (1,2)   | (2,2)   | (1,3)   | (2,3)   | (3,3)   | (1,4)   | (2,4)   | (3,4)   | (4,4)   | (1,5)   | (2,5)   | (3,5)   | (4,5)   | (1,6)   | (2,6)   | (3,6)   | (4,6)   
------------------------------+----------+----------+----------+----------+----------+----------+----------+----------+----------+----------+----------+----------+----------+----------+----------+----------+----------+----------
235 (h=2; 2,2,0,1)            | 0.42857 | 0.18367 | 0.18367 | 0.07872 | 0.07872 | 0.07872 | 0.03374 | 0.03374 | 0.03374 | 0.03374 | 0.01446 | 0.01446 | 0.01446 | 0.01446 | 0.00620 | 0.00620 | 0.00620 | 0.00620 
238 (h=2; 2,2,1,1)            | 0.42857 | 0.18367 | 0.18367 | 0.07872 | 0.07872 | 0.07872 | 0.03374 | 0.03374 | 0.03374 | 0.03374 | 0.01446 | 0.01446 | 0.01446 | 0.01446 | 0.00620 | 0.00620 | 0.00620 | 0.00620 
322 (h=3; 2,2,2,1)            | 0.42857 | 0.18367 | 0.18367 | 0.07872 | 0.07872 | 0.07872 | 0.03374 | 0.03374 | 0.03374 | 0.03374 | 0.01446 | 0.01446 | 0.01446 | 0.01446 | 0.00620 | 0.00620 | 0.00620 | 0.00620 
160 (h=1; 2,2,2,1)            | 0.42857 | 0.18367 | 0.18367 | 0.07872 | 0.07872 | 0.07872 | 0.03374 | 0.03374 | 0.03374 | 0.03374 | 0.01446 | 0.01446 | 0.01446 | 0.01446 | 0.00620 | 0.00620 | 0.00620 | 0.00620 


--- Hybrid Probability Table for Node u = 242 ---
--- Metatorus Structure (n=4, k=3), Torus Probability (Denominator 2*n-1) ---

Incoming Neighbor b           | (1,1)   | (1,2)   | (2,2)   | (1,3)   | (2,3)   | (3,3)   | (1,4)   | (2,4)   | (3,4)   | (4,4)   | (1,5)   | (2,5)   | (3,5)   | (4,5)   | (1,6)   | (2,6)   | (3,6)   | (4,6)   
------------------------------+----------+----------+----------+----------+----------+----------+----------+----------+----------+----------+----------+----------+----------+----------+----------+----------+----------+----------
236 (h=2; 2,2,0,2)            | 0.42857 | 0.18367 | 0.18367 | 0.07872 | 0.07872 | 0.07872 | 0.03374 | 0.03374 | 0.03374 | 0.03374 | 0.01446 | 0.01446 | 0.01446 | 0.01446 | 0.00620 | 0.00620 | 0.00620 | 0.00620 
239 (h=2; 2,2,1,2)            | 0.42857 | 0.18367 | 0.18367 | 0.07872 | 0.07872 | 0.07872 | 0.03374 | 0.03374 | 0.03374 | 0.03374 | 0.01446 | 0.01446 | 0.01446 | 0.01446 | 0.00620 | 0.00620 | 0.00620 | 0.00620 
323 (h=3; 2,2,2,2)            | 0.42857 | 0.18367 | 0.18367 | 0.07872 | 0.07872 | 0.07872 | 0.03374 | 0.03374 | 0.03374 | 0.03374 | 0.01446 | 0.01446 | 0.01446 | 0.01446 | 0.00620 | 0.00620 | 0.00620 | 0.00620 
161 (h=1; 2,2,2,2)            | 0.42857 | 0.18367 | 0.18367 | 0.07872 | 0.07872 | 0.07872 | 0.03374 | 0.03374 | 0.03374 | 0.03374 | 0.01446 | 0.01446 | 0.01446 | 0.01446 | 0.00620 | 0.00620 | 0.00620 | 0.00620 


--- Hybrid Probability Table for Node u = 243 ---
--- Metatorus Structure (n=4, k=3), Torus Probability (Denominator 2*n-1) ---

Incoming Neighbor b           | (1,1)   | (1,2)   | (2,2)   | (1,3)   | (2,3)   | (3,3)   | (1,4)   | (2,4)   | (3,4)   | (4,4)   | (1,5)   | (2,5)   | (3,5)   | (4,5)   | (1,6)   | (2,6)   | (3,6)   | (4,6)   
------------------------------+----------+----------+----------+----------+----------+----------+----------+----------+----------+----------+----------+----------+----------+----------+----------+----------+----------+----------
244 (h=3; 0,0,0,1)            | 0.42857 | 0.18367 | 0.18367 | 0.07872 | 0.07872 | 0.07872 | 0.03374 | 0.03374 | 0.03374 | 0.03374 | 0.01446 | 0.01446 | 0.01446 | 0.01446 | 0.00620 | 0.00620 | 0.00620 | 0.00620 
245 (h=3; 0,0,0,2)            | 0.42857 | 0.18367 | 0.18367 | 0.07872 | 0.07872 | 0.07872 | 0.03374 | 0.03374 | 0.03374 | 0.03374 | 0.01446 | 0.01446 | 0.01446 | 0.01446 | 0.00620 | 0.00620 | 0.00620 | 0.00620 
0 (h=0; 0,0,0,0)              | 0.42857 | 0.18367 | 0.18367 | 0.07872 | 0.07872 | 0.07872 | 0.03374 | 0.03374 | 0.03374 | 0.03374 | 0.01446 | 0.01446 | 0.01446 | 0.01446 | 0.00620 | 0.00620 | 0.00620 | 0.00620 
162 (h=2; 0,0,0,0)            | 0.42857 | 0.18367 | 0.18367 | 0.07872 | 0.07872 | 0.07872 | 0.03374 | 0.03374 | 0.03374 | 0.03374 | 0.01446 | 0.01446 | 0.01446 | 0.01446 | 0.00620 | 0.00620 | 0.00620 | 0.00620 


--- Hybrid Probability Table for Node u = 244 ---
--- Metatorus Structure (n=4, k=3), Torus Probability (Denominator 2*n-1) ---

Incoming Neighbor b           | (1,1)   | (1,2)   | (2,2)   | (1,3)   | (2,3)   | (3,3)   | (1,4)   | (2,4)   | (3,4)   | (4,4)   | (1,5)   | (2,5)   | (3,5)   | (4,5)   | (1,6)   | (2,6)   | (3,6)   | (4,6)   
------------------------------+----------+----------+----------+----------+----------+----------+----------+----------+----------+----------+----------+----------+----------+----------+----------+----------+----------+----------
245 (h=3; 0,0,0,2)            | 0.42857 | 0.18367 | 0.18367 | 0.07872 | 0.07872 | 0.07872 | 0.03374 | 0.03374 | 0.03374 | 0.03374 | 0.01446 | 0.01446 | 0.01446 | 0.01446 | 0.00620 | 0.00620 | 0.00620 | 0.00620 
243 (h=3; 0,0,0,0)            | 0.42857 | 0.18367 | 0.18367 | 0.07872 | 0.07872 | 0.07872 | 0.03374 | 0.03374 | 0.03374 | 0.03374 | 0.01446 | 0.01446 | 0.01446 | 0.01446 | 0.00620 | 0.00620 | 0.00620 | 0.00620 
1 (h=0; 0,0,0,1)              | 0.42857 | 0.18367 | 0.18367 | 0.07872 | 0.07872 | 0.07872 | 0.03374 | 0.03374 | 0.03374 | 0.03374 | 0.01446 | 0.01446 | 0.01446 | 0.01446 | 0.00620 | 0.00620 | 0.00620 | 0.00620 
163 (h=2; 0,0,0,1)            | 0.42857 | 0.18367 | 0.18367 | 0.07872 | 0.07872 | 0.07872 | 0.03374 | 0.03374 | 0.03374 | 0.03374 | 0.01446 | 0.01446 | 0.01446 | 0.01446 | 0.00620 | 0.00620 | 0.00620 | 0.00620 


--- Hybrid Probability Table for Node u = 245 ---
--- Metatorus Structure (n=4, k=3), Torus Probability (Denominator 2*n-1) ---

Incoming Neighbor b           | (1,1)   | (1,2)   | (2,2)   | (1,3)   | (2,3)   | (3,3)   | (1,4)   | (2,4)   | (3,4)   | (4,4)   | (1,5)   | (2,5)   | (3,5)   | (4,5)   | (1,6)   | (2,6)   | (3,6)   | (4,6)   
------------------------------+----------+----------+----------+----------+----------+----------+----------+----------+----------+----------+----------+----------+----------+----------+----------+----------+----------+----------
243 (h=3; 0,0,0,0)            | 0.42857 | 0.18367 | 0.18367 | 0.07872 | 0.07872 | 0.07872 | 0.03374 | 0.03374 | 0.03374 | 0.03374 | 0.01446 | 0.01446 | 0.01446 | 0.01446 | 0.00620 | 0.00620 | 0.00620 | 0.00620 
244 (h=3; 0,0,0,1)            | 0.42857 | 0.18367 | 0.18367 | 0.07872 | 0.07872 | 0.07872 | 0.03374 | 0.03374 | 0.03374 | 0.03374 | 0.01446 | 0.01446 | 0.01446 | 0.01446 | 0.00620 | 0.00620 | 0.00620 | 0.00620 
2 (h=0; 0,0,0,2)              | 0.42857 | 0.18367 | 0.18367 | 0.07872 | 0.07872 | 0.07872 | 0.03374 | 0.03374 | 0.03374 | 0.03374 | 0.01446 | 0.01446 | 0.01446 | 0.01446 | 0.00620 | 0.00620 | 0.00620 | 0.00620 
164 (h=2; 0,0,0,2)            | 0.42857 | 0.18367 | 0.18367 | 0.07872 | 0.07872 | 0.07872 | 0.03374 | 0.03374 | 0.03374 | 0.03374 | 0.01446 | 0.01446 | 0.01446 | 0.01446 | 0.00620 | 0.00620 | 0.00620 | 0.00620 


--- Hybrid Probability Table for Node u = 246 ---
--- Metatorus Structure (n=4, k=3), Torus Probability (Denominator 2*n-1) ---

Incoming Neighbor b           | (1,1)   | (1,2)   | (2,2)   | (1,3)   | (2,3)   | (3,3)   | (1,4)   | (2,4)   | (3,4)   | (4,4)   | (1,5)   | (2,5)   | (3,5)   | (4,5)   | (1,6)   | (2,6)   | (3,6)   | (4,6)   
------------------------------+----------+----------+----------+----------+----------+----------+----------+----------+----------+----------+----------+----------+----------+----------+----------+----------+----------+----------
247 (h=3; 0,0,1,1)            | 0.42857 | 0.18367 | 0.18367 | 0.07872 | 0.07872 | 0.07872 | 0.03374 | 0.03374 | 0.03374 | 0.03374 | 0.01446 | 0.01446 | 0.01446 | 0.01446 | 0.00620 | 0.00620 | 0.00620 | 0.00620 
248 (h=3; 0,0,1,2)            | 0.42857 | 0.18367 | 0.18367 | 0.07872 | 0.07872 | 0.07872 | 0.03374 | 0.03374 | 0.03374 | 0.03374 | 0.01446 | 0.01446 | 0.01446 | 0.01446 | 0.00620 | 0.00620 | 0.00620 | 0.00620 
3 (h=0; 0,0,1,0)              | 0.42857 | 0.18367 | 0.18367 | 0.07872 | 0.07872 | 0.07872 | 0.03374 | 0.03374 | 0.03374 | 0.03374 | 0.01446 | 0.01446 | 0.01446 | 0.01446 | 0.00620 | 0.00620 | 0.00620 | 0.00620 
165 (h=2; 0,0,1,0)            | 0.42857 | 0.18367 | 0.18367 | 0.07872 | 0.07872 | 0.07872 | 0.03374 | 0.03374 | 0.03374 | 0.03374 | 0.01446 | 0.01446 | 0.01446 | 0.01446 | 0.00620 | 0.00620 | 0.00620 | 0.00620 


--- Hybrid Probability Table for Node u = 247 ---
--- Metatorus Structure (n=4, k=3), Torus Probability (Denominator 2*n-1) ---

Incoming Neighbor b           | (1,1)   | (1,2)   | (2,2)   | (1,3)   | (2,3)   | (3,3)   | (1,4)   | (2,4)   | (3,4)   | (4,4)   | (1,5)   | (2,5)   | (3,5)   | (4,5)   | (1,6)   | (2,6)   | (3,6)   | (4,6)   
------------------------------+----------+----------+----------+----------+----------+----------+----------+----------+----------+----------+----------+----------+----------+----------+----------+----------+----------+----------
248 (h=3; 0,0,1,2)            | 0.42857 | 0.18367 | 0.18367 | 0.07872 | 0.07872 | 0.07872 | 0.03374 | 0.03374 | 0.03374 | 0.03374 | 0.01446 | 0.01446 | 0.01446 | 0.01446 | 0.00620 | 0.00620 | 0.00620 | 0.00620 
246 (h=3; 0,0,1,0)            | 0.42857 | 0.18367 | 0.18367 | 0.07872 | 0.07872 | 0.07872 | 0.03374 | 0.03374 | 0.03374 | 0.03374 | 0.01446 | 0.01446 | 0.01446 | 0.01446 | 0.00620 | 0.00620 | 0.00620 | 0.00620 
4 (h=0; 0,0,1,1)              | 0.42857 | 0.18367 | 0.18367 | 0.07872 | 0.07872 | 0.07872 | 0.03374 | 0.03374 | 0.03374 | 0.03374 | 0.01446 | 0.01446 | 0.01446 | 0.01446 | 0.00620 | 0.00620 | 0.00620 | 0.00620 
166 (h=2; 0,0,1,1)            | 0.42857 | 0.18367 | 0.18367 | 0.07872 | 0.07872 | 0.07872 | 0.03374 | 0.03374 | 0.03374 | 0.03374 | 0.01446 | 0.01446 | 0.01446 | 0.01446 | 0.00620 | 0.00620 | 0.00620 | 0.00620 


--- Hybrid Probability Table for Node u = 248 ---
--- Metatorus Structure (n=4, k=3), Torus Probability (Denominator 2*n-1) ---

Incoming Neighbor b           | (1,1)   | (1,2)   | (2,2)   | (1,3)   | (2,3)   | (3,3)   | (1,4)   | (2,4)   | (3,4)   | (4,4)   | (1,5)   | (2,5)   | (3,5)   | (4,5)   | (1,6)   | (2,6)   | (3,6)   | (4,6)   
------------------------------+----------+----------+----------+----------+----------+----------+----------+----------+----------+----------+----------+----------+----------+----------+----------+----------+----------+----------
246 (h=3; 0,0,1,0)            | 0.42857 | 0.18367 | 0.18367 | 0.07872 | 0.07872 | 0.07872 | 0.03374 | 0.03374 | 0.03374 | 0.03374 | 0.01446 | 0.01446 | 0.01446 | 0.01446 | 0.00620 | 0.00620 | 0.00620 | 0.00620 
247 (h=3; 0,0,1,1)            | 0.42857 | 0.18367 | 0.18367 | 0.07872 | 0.07872 | 0.07872 | 0.03374 | 0.03374 | 0.03374 | 0.03374 | 0.01446 | 0.01446 | 0.01446 | 0.01446 | 0.00620 | 0.00620 | 0.00620 | 0.00620 
5 (h=0; 0,0,1,2)              | 0.42857 | 0.18367 | 0.18367 | 0.07872 | 0.07872 | 0.07872 | 0.03374 | 0.03374 | 0.03374 | 0.03374 | 0.01446 | 0.01446 | 0.01446 | 0.01446 | 0.00620 | 0.00620 | 0.00620 | 0.00620 
167 (h=2; 0,0,1,2)            | 0.42857 | 0.18367 | 0.18367 | 0.07872 | 0.07872 | 0.07872 | 0.03374 | 0.03374 | 0.03374 | 0.03374 | 0.01446 | 0.01446 | 0.01446 | 0.01446 | 0.00620 | 0.00620 | 0.00620 | 0.00620 


--- Hybrid Probability Table for Node u = 249 ---
--- Metatorus Structure (n=4, k=3), Torus Probability (Denominator 2*n-1) ---

Incoming Neighbor b           | (1,1)   | (1,2)   | (2,2)   | (1,3)   | (2,3)   | (3,3)   | (1,4)   | (2,4)   | (3,4)   | (4,4)   | (1,5)   | (2,5)   | (3,5)   | (4,5)   | (1,6)   | (2,6)   | (3,6)   | (4,6)   
------------------------------+----------+----------+----------+----------+----------+----------+----------+----------+----------+----------+----------+----------+----------+----------+----------+----------+----------+----------
250 (h=3; 0,0,2,1)            | 0.42857 | 0.18367 | 0.18367 | 0.07872 | 0.07872 | 0.07872 | 0.03374 | 0.03374 | 0.03374 | 0.03374 | 0.01446 | 0.01446 | 0.01446 | 0.01446 | 0.00620 | 0.00620 | 0.00620 | 0.00620 
251 (h=3; 0,0,2,2)            | 0.42857 | 0.18367 | 0.18367 | 0.07872 | 0.07872 | 0.07872 | 0.03374 | 0.03374 | 0.03374 | 0.03374 | 0.01446 | 0.01446 | 0.01446 | 0.01446 | 0.00620 | 0.00620 | 0.00620 | 0.00620 
6 (h=0; 0,0,2,0)              | 0.42857 | 0.18367 | 0.18367 | 0.07872 | 0.07872 | 0.07872 | 0.03374 | 0.03374 | 0.03374 | 0.03374 | 0.01446 | 0.01446 | 0.01446 | 0.01446 | 0.00620 | 0.00620 | 0.00620 | 0.00620 
168 (h=2; 0,0,2,0)            | 0.42857 | 0.18367 | 0.18367 | 0.07872 | 0.07872 | 0.07872 | 0.03374 | 0.03374 | 0.03374 | 0.03374 | 0.01446 | 0.01446 | 0.01446 | 0.01446 | 0.00620 | 0.00620 | 0.00620 | 0.00620 


--- Hybrid Probability Table for Node u = 250 ---
--- Metatorus Structure (n=4, k=3), Torus Probability (Denominator 2*n-1) ---

Incoming Neighbor b           | (1,1)   | (1,2)   | (2,2)   | (1,3)   | (2,3)   | (3,3)   | (1,4)   | (2,4)   | (3,4)   | (4,4)   | (1,5)   | (2,5)   | (3,5)   | (4,5)   | (1,6)   | (2,6)   | (3,6)   | (4,6)   
------------------------------+----------+----------+----------+----------+----------+----------+----------+----------+----------+----------+----------+----------+----------+----------+----------+----------+----------+----------
251 (h=3; 0,0,2,2)            | 0.42857 | 0.18367 | 0.18367 | 0.07872 | 0.07872 | 0.07872 | 0.03374 | 0.03374 | 0.03374 | 0.03374 | 0.01446 | 0.01446 | 0.01446 | 0.01446 | 0.00620 | 0.00620 | 0.00620 | 0.00620 
249 (h=3; 0,0,2,0)            | 0.42857 | 0.18367 | 0.18367 | 0.07872 | 0.07872 | 0.07872 | 0.03374 | 0.03374 | 0.03374 | 0.03374 | 0.01446 | 0.01446 | 0.01446 | 0.01446 | 0.00620 | 0.00620 | 0.00620 | 0.00620 
7 (h=0; 0,0,2,1)              | 0.42857 | 0.18367 | 0.18367 | 0.07872 | 0.07872 | 0.07872 | 0.03374 | 0.03374 | 0.03374 | 0.03374 | 0.01446 | 0.01446 | 0.01446 | 0.01446 | 0.00620 | 0.00620 | 0.00620 | 0.00620 
169 (h=2; 0,0,2,1)            | 0.42857 | 0.18367 | 0.18367 | 0.07872 | 0.07872 | 0.07872 | 0.03374 | 0.03374 | 0.03374 | 0.03374 | 0.01446 | 0.01446 | 0.01446 | 0.01446 | 0.00620 | 0.00620 | 0.00620 | 0.00620 


--- Hybrid Probability Table for Node u = 251 ---
--- Metatorus Structure (n=4, k=3), Torus Probability (Denominator 2*n-1) ---

Incoming Neighbor b           | (1,1)   | (1,2)   | (2,2)   | (1,3)   | (2,3)   | (3,3)   | (1,4)   | (2,4)   | (3,4)   | (4,4)   | (1,5)   | (2,5)   | (3,5)   | (4,5)   | (1,6)   | (2,6)   | (3,6)   | (4,6)   
------------------------------+----------+----------+----------+----------+----------+----------+----------+----------+----------+----------+----------+----------+----------+----------+----------+----------+----------+----------
249 (h=3; 0,0,2,0)            | 0.42857 | 0.18367 | 0.18367 | 0.07872 | 0.07872 | 0.07872 | 0.03374 | 0.03374 | 0.03374 | 0.03374 | 0.01446 | 0.01446 | 0.01446 | 0.01446 | 0.00620 | 0.00620 | 0.00620 | 0.00620 
250 (h=3; 0,0,2,1)            | 0.42857 | 0.18367 | 0.18367 | 0.07872 | 0.07872 | 0.07872 | 0.03374 | 0.03374 | 0.03374 | 0.03374 | 0.01446 | 0.01446 | 0.01446 | 0.01446 | 0.00620 | 0.00620 | 0.00620 | 0.00620 
8 (h=0; 0,0,2,2)              | 0.42857 | 0.18367 | 0.18367 | 0.07872 | 0.07872 | 0.07872 | 0.03374 | 0.03374 | 0.03374 | 0.03374 | 0.01446 | 0.01446 | 0.01446 | 0.01446 | 0.00620 | 0.00620 | 0.00620 | 0.00620 
170 (h=2; 0,0,2,2)            | 0.42857 | 0.18367 | 0.18367 | 0.07872 | 0.07872 | 0.07872 | 0.03374 | 0.03374 | 0.03374 | 0.03374 | 0.01446 | 0.01446 | 0.01446 | 0.01446 | 0.00620 | 0.00620 | 0.00620 | 0.00620 


--- Hybrid Probability Table for Node u = 252 ---
--- Metatorus Structure (n=4, k=3), Torus Probability (Denominator 2*n-1) ---

Incoming Neighbor b           | (1,1)   | (1,2)   | (2,2)   | (1,3)   | (2,3)   | (3,3)   | (1,4)   | (2,4)   | (3,4)   | (4,4)   | (1,5)   | (2,5)   | (3,5)   | (4,5)   | (1,6)   | (2,6)   | (3,6)   | (4,6)   
------------------------------+----------+----------+----------+----------+----------+----------+----------+----------+----------+----------+----------+----------+----------+----------+----------+----------+----------+----------
253 (h=3; 0,1,0,1)            | 0.42857 | 0.18367 | 0.18367 | 0.07872 | 0.07872 | 0.07872 | 0.03374 | 0.03374 | 0.03374 | 0.03374 | 0.01446 | 0.01446 | 0.01446 | 0.01446 | 0.00620 | 0.00620 | 0.00620 | 0.00620 
254 (h=3; 0,1,0,2)            | 0.42857 | 0.18367 | 0.18367 | 0.07872 | 0.07872 | 0.07872 | 0.03374 | 0.03374 | 0.03374 | 0.03374 | 0.01446 | 0.01446 | 0.01446 | 0.01446 | 0.00620 | 0.00620 | 0.00620 | 0.00620 
9 (h=0; 0,1,0,0)              | 0.42857 | 0.18367 | 0.18367 | 0.07872 | 0.07872 | 0.07872 | 0.03374 | 0.03374 | 0.03374 | 0.03374 | 0.01446 | 0.01446 | 0.01446 | 0.01446 | 0.00620 | 0.00620 | 0.00620 | 0.00620 
171 (h=2; 0,1,0,0)            | 0.42857 | 0.18367 | 0.18367 | 0.07872 | 0.07872 | 0.07872 | 0.03374 | 0.03374 | 0.03374 | 0.03374 | 0.01446 | 0.01446 | 0.01446 | 0.01446 | 0.00620 | 0.00620 | 0.00620 | 0.00620 


--- Hybrid Probability Table for Node u = 253 ---
--- Metatorus Structure (n=4, k=3), Torus Probability (Denominator 2*n-1) ---

Incoming Neighbor b           | (1,1)   | (1,2)   | (2,2)   | (1,3)   | (2,3)   | (3,3)   | (1,4)   | (2,4)   | (3,4)   | (4,4)   | (1,5)   | (2,5)   | (3,5)   | (4,5)   | (1,6)   | (2,6)   | (3,6)   | (4,6)   
------------------------------+----------+----------+----------+----------+----------+----------+----------+----------+----------+----------+----------+----------+----------+----------+----------+----------+----------+----------
254 (h=3; 0,1,0,2)            | 0.42857 | 0.18367 | 0.18367 | 0.07872 | 0.07872 | 0.07872 | 0.03374 | 0.03374 | 0.03374 | 0.03374 | 0.01446 | 0.01446 | 0.01446 | 0.01446 | 0.00620 | 0.00620 | 0.00620 | 0.00620 
252 (h=3; 0,1,0,0)            | 0.42857 | 0.18367 | 0.18367 | 0.07872 | 0.07872 | 0.07872 | 0.03374 | 0.03374 | 0.03374 | 0.03374 | 0.01446 | 0.01446 | 0.01446 | 0.01446 | 0.00620 | 0.00620 | 0.00620 | 0.00620 
10 (h=0; 0,1,0,1)             | 0.42857 | 0.18367 | 0.18367 | 0.07872 | 0.07872 | 0.07872 | 0.03374 | 0.03374 | 0.03374 | 0.03374 | 0.01446 | 0.01446 | 0.01446 | 0.01446 | 0.00620 | 0.00620 | 0.00620 | 0.00620 
172 (h=2; 0,1,0,1)            | 0.42857 | 0.18367 | 0.18367 | 0.07872 | 0.07872 | 0.07872 | 0.03374 | 0.03374 | 0.03374 | 0.03374 | 0.01446 | 0.01446 | 0.01446 | 0.01446 | 0.00620 | 0.00620 | 0.00620 | 0.00620 


--- Hybrid Probability Table for Node u = 254 ---
--- Metatorus Structure (n=4, k=3), Torus Probability (Denominator 2*n-1) ---

Incoming Neighbor b           | (1,1)   | (1,2)   | (2,2)   | (1,3)   | (2,3)   | (3,3)   | (1,4)   | (2,4)   | (3,4)   | (4,4)   | (1,5)   | (2,5)   | (3,5)   | (4,5)   | (1,6)   | (2,6)   | (3,6)   | (4,6)   
------------------------------+----------+----------+----------+----------+----------+----------+----------+----------+----------+----------+----------+----------+----------+----------+----------+----------+----------+----------
252 (h=3; 0,1,0,0)            | 0.42857 | 0.18367 | 0.18367 | 0.07872 | 0.07872 | 0.07872 | 0.03374 | 0.03374 | 0.03374 | 0.03374 | 0.01446 | 0.01446 | 0.01446 | 0.01446 | 0.00620 | 0.00620 | 0.00620 | 0.00620 
253 (h=3; 0,1,0,1)            | 0.42857 | 0.18367 | 0.18367 | 0.07872 | 0.07872 | 0.07872 | 0.03374 | 0.03374 | 0.03374 | 0.03374 | 0.01446 | 0.01446 | 0.01446 | 0.01446 | 0.00620 | 0.00620 | 0.00620 | 0.00620 
11 (h=0; 0,1,0,2)             | 0.42857 | 0.18367 | 0.18367 | 0.07872 | 0.07872 | 0.07872 | 0.03374 | 0.03374 | 0.03374 | 0.03374 | 0.01446 | 0.01446 | 0.01446 | 0.01446 | 0.00620 | 0.00620 | 0.00620 | 0.00620 
173 (h=2; 0,1,0,2)            | 0.42857 | 0.18367 | 0.18367 | 0.07872 | 0.07872 | 0.07872 | 0.03374 | 0.03374 | 0.03374 | 0.03374 | 0.01446 | 0.01446 | 0.01446 | 0.01446 | 0.00620 | 0.00620 | 0.00620 | 0.00620 


--- Hybrid Probability Table for Node u = 255 ---
--- Metatorus Structure (n=4, k=3), Torus Probability (Denominator 2*n-1) ---

Incoming Neighbor b           | (1,1)   | (1,2)   | (2,2)   | (1,3)   | (2,3)   | (3,3)   | (1,4)   | (2,4)   | (3,4)   | (4,4)   | (1,5)   | (2,5)   | (3,5)   | (4,5)   | (1,6)   | (2,6)   | (3,6)   | (4,6)   
------------------------------+----------+----------+----------+----------+----------+----------+----------+----------+----------+----------+----------+----------+----------+----------+----------+----------+----------+----------
256 (h=3; 0,1,1,1)            | 0.42857 | 0.18367 | 0.18367 | 0.07872 | 0.07872 | 0.07872 | 0.03374 | 0.03374 | 0.03374 | 0.03374 | 0.01446 | 0.01446 | 0.01446 | 0.01446 | 0.00620 | 0.00620 | 0.00620 | 0.00620 
257 (h=3; 0,1,1,2)            | 0.42857 | 0.18367 | 0.18367 | 0.07872 | 0.07872 | 0.07872 | 0.03374 | 0.03374 | 0.03374 | 0.03374 | 0.01446 | 0.01446 | 0.01446 | 0.01446 | 0.00620 | 0.00620 | 0.00620 | 0.00620 
12 (h=0; 0,1,1,0)             | 0.42857 | 0.18367 | 0.18367 | 0.07872 | 0.07872 | 0.07872 | 0.03374 | 0.03374 | 0.03374 | 0.03374 | 0.01446 | 0.01446 | 0.01446 | 0.01446 | 0.00620 | 0.00620 | 0.00620 | 0.00620 
174 (h=2; 0,1,1,0)            | 0.42857 | 0.18367 | 0.18367 | 0.07872 | 0.07872 | 0.07872 | 0.03374 | 0.03374 | 0.03374 | 0.03374 | 0.01446 | 0.01446 | 0.01446 | 0.01446 | 0.00620 | 0.00620 | 0.00620 | 0.00620 


--- Hybrid Probability Table for Node u = 256 ---
--- Metatorus Structure (n=4, k=3), Torus Probability (Denominator 2*n-1) ---

Incoming Neighbor b           | (1,1)   | (1,2)   | (2,2)   | (1,3)   | (2,3)   | (3,3)   | (1,4)   | (2,4)   | (3,4)   | (4,4)   | (1,5)   | (2,5)   | (3,5)   | (4,5)   | (1,6)   | (2,6)   | (3,6)   | (4,6)   
------------------------------+----------+----------+----------+----------+----------+----------+----------+----------+----------+----------+----------+----------+----------+----------+----------+----------+----------+----------
257 (h=3; 0,1,1,2)            | 0.42857 | 0.18367 | 0.18367 | 0.07872 | 0.07872 | 0.07872 | 0.03374 | 0.03374 | 0.03374 | 0.03374 | 0.01446 | 0.01446 | 0.01446 | 0.01446 | 0.00620 | 0.00620 | 0.00620 | 0.00620 
255 (h=3; 0,1,1,0)            | 0.42857 | 0.18367 | 0.18367 | 0.07872 | 0.07872 | 0.07872 | 0.03374 | 0.03374 | 0.03374 | 0.03374 | 0.01446 | 0.01446 | 0.01446 | 0.01446 | 0.00620 | 0.00620 | 0.00620 | 0.00620 
13 (h=0; 0,1,1,1)             | 0.42857 | 0.18367 | 0.18367 | 0.07872 | 0.07872 | 0.07872 | 0.03374 | 0.03374 | 0.03374 | 0.03374 | 0.01446 | 0.01446 | 0.01446 | 0.01446 | 0.00620 | 0.00620 | 0.00620 | 0.00620 
175 (h=2; 0,1,1,1)            | 0.42857 | 0.18367 | 0.18367 | 0.07872 | 0.07872 | 0.07872 | 0.03374 | 0.03374 | 0.03374 | 0.03374 | 0.01446 | 0.01446 | 0.01446 | 0.01446 | 0.00620 | 0.00620 | 0.00620 | 0.00620 


--- Hybrid Probability Table for Node u = 257 ---
--- Metatorus Structure (n=4, k=3), Torus Probability (Denominator 2*n-1) ---

Incoming Neighbor b           | (1,1)   | (1,2)   | (2,2)   | (1,3)   | (2,3)   | (3,3)   | (1,4)   | (2,4)   | (3,4)   | (4,4)   | (1,5)   | (2,5)   | (3,5)   | (4,5)   | (1,6)   | (2,6)   | (3,6)   | (4,6)   
------------------------------+----------+----------+----------+----------+----------+----------+----------+----------+----------+----------+----------+----------+----------+----------+----------+----------+----------+----------
255 (h=3; 0,1,1,0)            | 0.42857 | 0.18367 | 0.18367 | 0.07872 | 0.07872 | 0.07872 | 0.03374 | 0.03374 | 0.03374 | 0.03374 | 0.01446 | 0.01446 | 0.01446 | 0.01446 | 0.00620 | 0.00620 | 0.00620 | 0.00620 
256 (h=3; 0,1,1,1)            | 0.42857 | 0.18367 | 0.18367 | 0.07872 | 0.07872 | 0.07872 | 0.03374 | 0.03374 | 0.03374 | 0.03374 | 0.01446 | 0.01446 | 0.01446 | 0.01446 | 0.00620 | 0.00620 | 0.00620 | 0.00620 
14 (h=0; 0,1,1,2)             | 0.42857 | 0.18367 | 0.18367 | 0.07872 | 0.07872 | 0.07872 | 0.03374 | 0.03374 | 0.03374 | 0.03374 | 0.01446 | 0.01446 | 0.01446 | 0.01446 | 0.00620 | 0.00620 | 0.00620 | 0.00620 
176 (h=2; 0,1,1,2)            | 0.42857 | 0.18367 | 0.18367 | 0.07872 | 0.07872 | 0.07872 | 0.03374 | 0.03374 | 0.03374 | 0.03374 | 0.01446 | 0.01446 | 0.01446 | 0.01446 | 0.00620 | 0.00620 | 0.00620 | 0.00620 


--- Hybrid Probability Table for Node u = 258 ---
--- Metatorus Structure (n=4, k=3), Torus Probability (Denominator 2*n-1) ---

Incoming Neighbor b           | (1,1)   | (1,2)   | (2,2)   | (1,3)   | (2,3)   | (3,3)   | (1,4)   | (2,4)   | (3,4)   | (4,4)   | (1,5)   | (2,5)   | (3,5)   | (4,5)   | (1,6)   | (2,6)   | (3,6)   | (4,6)   
------------------------------+----------+----------+----------+----------+----------+----------+----------+----------+----------+----------+----------+----------+----------+----------+----------+----------+----------+----------
259 (h=3; 0,1,2,1)            | 0.42857 | 0.18367 | 0.18367 | 0.07872 | 0.07872 | 0.07872 | 0.03374 | 0.03374 | 0.03374 | 0.03374 | 0.01446 | 0.01446 | 0.01446 | 0.01446 | 0.00620 | 0.00620 | 0.00620 | 0.00620 
260 (h=3; 0,1,2,2)            | 0.42857 | 0.18367 | 0.18367 | 0.07872 | 0.07872 | 0.07872 | 0.03374 | 0.03374 | 0.03374 | 0.03374 | 0.01446 | 0.01446 | 0.01446 | 0.01446 | 0.00620 | 0.00620 | 0.00620 | 0.00620 
15 (h=0; 0,1,2,0)             | 0.42857 | 0.18367 | 0.18367 | 0.07872 | 0.07872 | 0.07872 | 0.03374 | 0.03374 | 0.03374 | 0.03374 | 0.01446 | 0.01446 | 0.01446 | 0.01446 | 0.00620 | 0.00620 | 0.00620 | 0.00620 
177 (h=2; 0,1,2,0)            | 0.42857 | 0.18367 | 0.18367 | 0.07872 | 0.07872 | 0.07872 | 0.03374 | 0.03374 | 0.03374 | 0.03374 | 0.01446 | 0.01446 | 0.01446 | 0.01446 | 0.00620 | 0.00620 | 0.00620 | 0.00620 


--- Hybrid Probability Table for Node u = 259 ---
--- Metatorus Structure (n=4, k=3), Torus Probability (Denominator 2*n-1) ---

Incoming Neighbor b           | (1,1)   | (1,2)   | (2,2)   | (1,3)   | (2,3)   | (3,3)   | (1,4)   | (2,4)   | (3,4)   | (4,4)   | (1,5)   | (2,5)   | (3,5)   | (4,5)   | (1,6)   | (2,6)   | (3,6)   | (4,6)   
------------------------------+----------+----------+----------+----------+----------+----------+----------+----------+----------+----------+----------+----------+----------+----------+----------+----------+----------+----------
260 (h=3; 0,1,2,2)            | 0.42857 | 0.18367 | 0.18367 | 0.07872 | 0.07872 | 0.07872 | 0.03374 | 0.03374 | 0.03374 | 0.03374 | 0.01446 | 0.01446 | 0.01446 | 0.01446 | 0.00620 | 0.00620 | 0.00620 | 0.00620 
258 (h=3; 0,1,2,0)            | 0.42857 | 0.18367 | 0.18367 | 0.07872 | 0.07872 | 0.07872 | 0.03374 | 0.03374 | 0.03374 | 0.03374 | 0.01446 | 0.01446 | 0.01446 | 0.01446 | 0.00620 | 0.00620 | 0.00620 | 0.00620 
16 (h=0; 0,1,2,1)             | 0.42857 | 0.18367 | 0.18367 | 0.07872 | 0.07872 | 0.07872 | 0.03374 | 0.03374 | 0.03374 | 0.03374 | 0.01446 | 0.01446 | 0.01446 | 0.01446 | 0.00620 | 0.00620 | 0.00620 | 0.00620 
178 (h=2; 0,1,2,1)            | 0.42857 | 0.18367 | 0.18367 | 0.07872 | 0.07872 | 0.07872 | 0.03374 | 0.03374 | 0.03374 | 0.03374 | 0.01446 | 0.01446 | 0.01446 | 0.01446 | 0.00620 | 0.00620 | 0.00620 | 0.00620 


--- Hybrid Probability Table for Node u = 260 ---
--- Metatorus Structure (n=4, k=3), Torus Probability (Denominator 2*n-1) ---

Incoming Neighbor b           | (1,1)   | (1,2)   | (2,2)   | (1,3)   | (2,3)   | (3,3)   | (1,4)   | (2,4)   | (3,4)   | (4,4)   | (1,5)   | (2,5)   | (3,5)   | (4,5)   | (1,6)   | (2,6)   | (3,6)   | (4,6)   
------------------------------+----------+----------+----------+----------+----------+----------+----------+----------+----------+----------+----------+----------+----------+----------+----------+----------+----------+----------
258 (h=3; 0,1,2,0)            | 0.42857 | 0.18367 | 0.18367 | 0.07872 | 0.07872 | 0.07872 | 0.03374 | 0.03374 | 0.03374 | 0.03374 | 0.01446 | 0.01446 | 0.01446 | 0.01446 | 0.00620 | 0.00620 | 0.00620 | 0.00620 
259 (h=3; 0,1,2,1)            | 0.42857 | 0.18367 | 0.18367 | 0.07872 | 0.07872 | 0.07872 | 0.03374 | 0.03374 | 0.03374 | 0.03374 | 0.01446 | 0.01446 | 0.01446 | 0.01446 | 0.00620 | 0.00620 | 0.00620 | 0.00620 
17 (h=0; 0,1,2,2)             | 0.42857 | 0.18367 | 0.18367 | 0.07872 | 0.07872 | 0.07872 | 0.03374 | 0.03374 | 0.03374 | 0.03374 | 0.01446 | 0.01446 | 0.01446 | 0.01446 | 0.00620 | 0.00620 | 0.00620 | 0.00620 
179 (h=2; 0,1,2,2)            | 0.42857 | 0.18367 | 0.18367 | 0.07872 | 0.07872 | 0.07872 | 0.03374 | 0.03374 | 0.03374 | 0.03374 | 0.01446 | 0.01446 | 0.01446 | 0.01446 | 0.00620 | 0.00620 | 0.00620 | 0.00620 


--- Hybrid Probability Table for Node u = 261 ---
--- Metatorus Structure (n=4, k=3), Torus Probability (Denominator 2*n-1) ---

Incoming Neighbor b           | (1,1)   | (1,2)   | (2,2)   | (1,3)   | (2,3)   | (3,3)   | (1,4)   | (2,4)   | (3,4)   | (4,4)   | (1,5)   | (2,5)   | (3,5)   | (4,5)   | (1,6)   | (2,6)   | (3,6)   | (4,6)   
------------------------------+----------+----------+----------+----------+----------+----------+----------+----------+----------+----------+----------+----------+----------+----------+----------+----------+----------+----------
262 (h=3; 0,2,0,1)            | 0.42857 | 0.18367 | 0.18367 | 0.07872 | 0.07872 | 0.07872 | 0.03374 | 0.03374 | 0.03374 | 0.03374 | 0.01446 | 0.01446 | 0.01446 | 0.01446 | 0.00620 | 0.00620 | 0.00620 | 0.00620 
263 (h=3; 0,2,0,2)            | 0.42857 | 0.18367 | 0.18367 | 0.07872 | 0.07872 | 0.07872 | 0.03374 | 0.03374 | 0.03374 | 0.03374 | 0.01446 | 0.01446 | 0.01446 | 0.01446 | 0.00620 | 0.00620 | 0.00620 | 0.00620 
18 (h=0; 0,2,0,0)             | 0.42857 | 0.18367 | 0.18367 | 0.07872 | 0.07872 | 0.07872 | 0.03374 | 0.03374 | 0.03374 | 0.03374 | 0.01446 | 0.01446 | 0.01446 | 0.01446 | 0.00620 | 0.00620 | 0.00620 | 0.00620 
180 (h=2; 0,2,0,0)            | 0.42857 | 0.18367 | 0.18367 | 0.07872 | 0.07872 | 0.07872 | 0.03374 | 0.03374 | 0.03374 | 0.03374 | 0.01446 | 0.01446 | 0.01446 | 0.01446 | 0.00620 | 0.00620 | 0.00620 | 0.00620 


--- Hybrid Probability Table for Node u = 262 ---
--- Metatorus Structure (n=4, k=3), Torus Probability (Denominator 2*n-1) ---

Incoming Neighbor b           | (1,1)   | (1,2)   | (2,2)   | (1,3)   | (2,3)   | (3,3)   | (1,4)   | (2,4)   | (3,4)   | (4,4)   | (1,5)   | (2,5)   | (3,5)   | (4,5)   | (1,6)   | (2,6)   | (3,6)   | (4,6)   
------------------------------+----------+----------+----------+----------+----------+----------+----------+----------+----------+----------+----------+----------+----------+----------+----------+----------+----------+----------
263 (h=3; 0,2,0,2)            | 0.42857 | 0.18367 | 0.18367 | 0.07872 | 0.07872 | 0.07872 | 0.03374 | 0.03374 | 0.03374 | 0.03374 | 0.01446 | 0.01446 | 0.01446 | 0.01446 | 0.00620 | 0.00620 | 0.00620 | 0.00620 
261 (h=3; 0,2,0,0)            | 0.42857 | 0.18367 | 0.18367 | 0.07872 | 0.07872 | 0.07872 | 0.03374 | 0.03374 | 0.03374 | 0.03374 | 0.01446 | 0.01446 | 0.01446 | 0.01446 | 0.00620 | 0.00620 | 0.00620 | 0.00620 
19 (h=0; 0,2,0,1)             | 0.42857 | 0.18367 | 0.18367 | 0.07872 | 0.07872 | 0.07872 | 0.03374 | 0.03374 | 0.03374 | 0.03374 | 0.01446 | 0.01446 | 0.01446 | 0.01446 | 0.00620 | 0.00620 | 0.00620 | 0.00620 
181 (h=2; 0,2,0,1)            | 0.42857 | 0.18367 | 0.18367 | 0.07872 | 0.07872 | 0.07872 | 0.03374 | 0.03374 | 0.03374 | 0.03374 | 0.01446 | 0.01446 | 0.01446 | 0.01446 | 0.00620 | 0.00620 | 0.00620 | 0.00620 


--- Hybrid Probability Table for Node u = 263 ---
--- Metatorus Structure (n=4, k=3), Torus Probability (Denominator 2*n-1) ---

Incoming Neighbor b           | (1,1)   | (1,2)   | (2,2)   | (1,3)   | (2,3)   | (3,3)   | (1,4)   | (2,4)   | (3,4)   | (4,4)   | (1,5)   | (2,5)   | (3,5)   | (4,5)   | (1,6)   | (2,6)   | (3,6)   | (4,6)   
------------------------------+----------+----------+----------+----------+----------+----------+----------+----------+----------+----------+----------+----------+----------+----------+----------+----------+----------+----------
261 (h=3; 0,2,0,0)            | 0.42857 | 0.18367 | 0.18367 | 0.07872 | 0.07872 | 0.07872 | 0.03374 | 0.03374 | 0.03374 | 0.03374 | 0.01446 | 0.01446 | 0.01446 | 0.01446 | 0.00620 | 0.00620 | 0.00620 | 0.00620 
262 (h=3; 0,2,0,1)            | 0.42857 | 0.18367 | 0.18367 | 0.07872 | 0.07872 | 0.07872 | 0.03374 | 0.03374 | 0.03374 | 0.03374 | 0.01446 | 0.01446 | 0.01446 | 0.01446 | 0.00620 | 0.00620 | 0.00620 | 0.00620 
20 (h=0; 0,2,0,2)             | 0.42857 | 0.18367 | 0.18367 | 0.07872 | 0.07872 | 0.07872 | 0.03374 | 0.03374 | 0.03374 | 0.03374 | 0.01446 | 0.01446 | 0.01446 | 0.01446 | 0.00620 | 0.00620 | 0.00620 | 0.00620 
182 (h=2; 0,2,0,2)            | 0.42857 | 0.18367 | 0.18367 | 0.07872 | 0.07872 | 0.07872 | 0.03374 | 0.03374 | 0.03374 | 0.03374 | 0.01446 | 0.01446 | 0.01446 | 0.01446 | 0.00620 | 0.00620 | 0.00620 | 0.00620 


--- Hybrid Probability Table for Node u = 264 ---
--- Metatorus Structure (n=4, k=3), Torus Probability (Denominator 2*n-1) ---

Incoming Neighbor b           | (1,1)   | (1,2)   | (2,2)   | (1,3)   | (2,3)   | (3,3)   | (1,4)   | (2,4)   | (3,4)   | (4,4)   | (1,5)   | (2,5)   | (3,5)   | (4,5)   | (1,6)   | (2,6)   | (3,6)   | (4,6)   
------------------------------+----------+----------+----------+----------+----------+----------+----------+----------+----------+----------+----------+----------+----------+----------+----------+----------+----------+----------
265 (h=3; 0,2,1,1)            | 0.42857 | 0.18367 | 0.18367 | 0.07872 | 0.07872 | 0.07872 | 0.03374 | 0.03374 | 0.03374 | 0.03374 | 0.01446 | 0.01446 | 0.01446 | 0.01446 | 0.00620 | 0.00620 | 0.00620 | 0.00620 
266 (h=3; 0,2,1,2)            | 0.42857 | 0.18367 | 0.18367 | 0.07872 | 0.07872 | 0.07872 | 0.03374 | 0.03374 | 0.03374 | 0.03374 | 0.01446 | 0.01446 | 0.01446 | 0.01446 | 0.00620 | 0.00620 | 0.00620 | 0.00620 
21 (h=0; 0,2,1,0)             | 0.42857 | 0.18367 | 0.18367 | 0.07872 | 0.07872 | 0.07872 | 0.03374 | 0.03374 | 0.03374 | 0.03374 | 0.01446 | 0.01446 | 0.01446 | 0.01446 | 0.00620 | 0.00620 | 0.00620 | 0.00620 
183 (h=2; 0,2,1,0)            | 0.42857 | 0.18367 | 0.18367 | 0.07872 | 0.07872 | 0.07872 | 0.03374 | 0.03374 | 0.03374 | 0.03374 | 0.01446 | 0.01446 | 0.01446 | 0.01446 | 0.00620 | 0.00620 | 0.00620 | 0.00620 


--- Hybrid Probability Table for Node u = 265 ---
--- Metatorus Structure (n=4, k=3), Torus Probability (Denominator 2*n-1) ---

Incoming Neighbor b           | (1,1)   | (1,2)   | (2,2)   | (1,3)   | (2,3)   | (3,3)   | (1,4)   | (2,4)   | (3,4)   | (4,4)   | (1,5)   | (2,5)   | (3,5)   | (4,5)   | (1,6)   | (2,6)   | (3,6)   | (4,6)   
------------------------------+----------+----------+----------+----------+----------+----------+----------+----------+----------+----------+----------+----------+----------+----------+----------+----------+----------+----------
266 (h=3; 0,2,1,2)            | 0.42857 | 0.18367 | 0.18367 | 0.07872 | 0.07872 | 0.07872 | 0.03374 | 0.03374 | 0.03374 | 0.03374 | 0.01446 | 0.01446 | 0.01446 | 0.01446 | 0.00620 | 0.00620 | 0.00620 | 0.00620 
264 (h=3; 0,2,1,0)            | 0.42857 | 0.18367 | 0.18367 | 0.07872 | 0.07872 | 0.07872 | 0.03374 | 0.03374 | 0.03374 | 0.03374 | 0.01446 | 0.01446 | 0.01446 | 0.01446 | 0.00620 | 0.00620 | 0.00620 | 0.00620 
22 (h=0; 0,2,1,1)             | 0.42857 | 0.18367 | 0.18367 | 0.07872 | 0.07872 | 0.07872 | 0.03374 | 0.03374 | 0.03374 | 0.03374 | 0.01446 | 0.01446 | 0.01446 | 0.01446 | 0.00620 | 0.00620 | 0.00620 | 0.00620 
184 (h=2; 0,2,1,1)            | 0.42857 | 0.18367 | 0.18367 | 0.07872 | 0.07872 | 0.07872 | 0.03374 | 0.03374 | 0.03374 | 0.03374 | 0.01446 | 0.01446 | 0.01446 | 0.01446 | 0.00620 | 0.00620 | 0.00620 | 0.00620 


--- Hybrid Probability Table for Node u = 266 ---
--- Metatorus Structure (n=4, k=3), Torus Probability (Denominator 2*n-1) ---

Incoming Neighbor b           | (1,1)   | (1,2)   | (2,2)   | (1,3)   | (2,3)   | (3,3)   | (1,4)   | (2,4)   | (3,4)   | (4,4)   | (1,5)   | (2,5)   | (3,5)   | (4,5)   | (1,6)   | (2,6)   | (3,6)   | (4,6)   
------------------------------+----------+----------+----------+----------+----------+----------+----------+----------+----------+----------+----------+----------+----------+----------+----------+----------+----------+----------
264 (h=3; 0,2,1,0)            | 0.42857 | 0.18367 | 0.18367 | 0.07872 | 0.07872 | 0.07872 | 0.03374 | 0.03374 | 0.03374 | 0.03374 | 0.01446 | 0.01446 | 0.01446 | 0.01446 | 0.00620 | 0.00620 | 0.00620 | 0.00620 
265 (h=3; 0,2,1,1)            | 0.42857 | 0.18367 | 0.18367 | 0.07872 | 0.07872 | 0.07872 | 0.03374 | 0.03374 | 0.03374 | 0.03374 | 0.01446 | 0.01446 | 0.01446 | 0.01446 | 0.00620 | 0.00620 | 0.00620 | 0.00620 
23 (h=0; 0,2,1,2)             | 0.42857 | 0.18367 | 0.18367 | 0.07872 | 0.07872 | 0.07872 | 0.03374 | 0.03374 | 0.03374 | 0.03374 | 0.01446 | 0.01446 | 0.01446 | 0.01446 | 0.00620 | 0.00620 | 0.00620 | 0.00620 
185 (h=2; 0,2,1,2)            | 0.42857 | 0.18367 | 0.18367 | 0.07872 | 0.07872 | 0.07872 | 0.03374 | 0.03374 | 0.03374 | 0.03374 | 0.01446 | 0.01446 | 0.01446 | 0.01446 | 0.00620 | 0.00620 | 0.00620 | 0.00620 


--- Hybrid Probability Table for Node u = 267 ---
--- Metatorus Structure (n=4, k=3), Torus Probability (Denominator 2*n-1) ---

Incoming Neighbor b           | (1,1)   | (1,2)   | (2,2)   | (1,3)   | (2,3)   | (3,3)   | (1,4)   | (2,4)   | (3,4)   | (4,4)   | (1,5)   | (2,5)   | (3,5)   | (4,5)   | (1,6)   | (2,6)   | (3,6)   | (4,6)   
------------------------------+----------+----------+----------+----------+----------+----------+----------+----------+----------+----------+----------+----------+----------+----------+----------+----------+----------+----------
268 (h=3; 0,2,2,1)            | 0.42857 | 0.18367 | 0.18367 | 0.07872 | 0.07872 | 0.07872 | 0.03374 | 0.03374 | 0.03374 | 0.03374 | 0.01446 | 0.01446 | 0.01446 | 0.01446 | 0.00620 | 0.00620 | 0.00620 | 0.00620 
269 (h=3; 0,2,2,2)            | 0.42857 | 0.18367 | 0.18367 | 0.07872 | 0.07872 | 0.07872 | 0.03374 | 0.03374 | 0.03374 | 0.03374 | 0.01446 | 0.01446 | 0.01446 | 0.01446 | 0.00620 | 0.00620 | 0.00620 | 0.00620 
24 (h=0; 0,2,2,0)             | 0.42857 | 0.18367 | 0.18367 | 0.07872 | 0.07872 | 0.07872 | 0.03374 | 0.03374 | 0.03374 | 0.03374 | 0.01446 | 0.01446 | 0.01446 | 0.01446 | 0.00620 | 0.00620 | 0.00620 | 0.00620 
186 (h=2; 0,2,2,0)            | 0.42857 | 0.18367 | 0.18367 | 0.07872 | 0.07872 | 0.07872 | 0.03374 | 0.03374 | 0.03374 | 0.03374 | 0.01446 | 0.01446 | 0.01446 | 0.01446 | 0.00620 | 0.00620 | 0.00620 | 0.00620 


--- Hybrid Probability Table for Node u = 268 ---
--- Metatorus Structure (n=4, k=3), Torus Probability (Denominator 2*n-1) ---

Incoming Neighbor b           | (1,1)   | (1,2)   | (2,2)   | (1,3)   | (2,3)   | (3,3)   | (1,4)   | (2,4)   | (3,4)   | (4,4)   | (1,5)   | (2,5)   | (3,5)   | (4,5)   | (1,6)   | (2,6)   | (3,6)   | (4,6)   
------------------------------+----------+----------+----------+----------+----------+----------+----------+----------+----------+----------+----------+----------+----------+----------+----------+----------+----------+----------
269 (h=3; 0,2,2,2)            | 0.42857 | 0.18367 | 0.18367 | 0.07872 | 0.07872 | 0.07872 | 0.03374 | 0.03374 | 0.03374 | 0.03374 | 0.01446 | 0.01446 | 0.01446 | 0.01446 | 0.00620 | 0.00620 | 0.00620 | 0.00620 
267 (h=3; 0,2,2,0)            | 0.42857 | 0.18367 | 0.18367 | 0.07872 | 0.07872 | 0.07872 | 0.03374 | 0.03374 | 0.03374 | 0.03374 | 0.01446 | 0.01446 | 0.01446 | 0.01446 | 0.00620 | 0.00620 | 0.00620 | 0.00620 
25 (h=0; 0,2,2,1)             | 0.42857 | 0.18367 | 0.18367 | 0.07872 | 0.07872 | 0.07872 | 0.03374 | 0.03374 | 0.03374 | 0.03374 | 0.01446 | 0.01446 | 0.01446 | 0.01446 | 0.00620 | 0.00620 | 0.00620 | 0.00620 
187 (h=2; 0,2,2,1)            | 0.42857 | 0.18367 | 0.18367 | 0.07872 | 0.07872 | 0.07872 | 0.03374 | 0.03374 | 0.03374 | 0.03374 | 0.01446 | 0.01446 | 0.01446 | 0.01446 | 0.00620 | 0.00620 | 0.00620 | 0.00620 


--- Hybrid Probability Table for Node u = 269 ---
--- Metatorus Structure (n=4, k=3), Torus Probability (Denominator 2*n-1) ---

Incoming Neighbor b           | (1,1)   | (1,2)   | (2,2)   | (1,3)   | (2,3)   | (3,3)   | (1,4)   | (2,4)   | (3,4)   | (4,4)   | (1,5)   | (2,5)   | (3,5)   | (4,5)   | (1,6)   | (2,6)   | (3,6)   | (4,6)   
------------------------------+----------+----------+----------+----------+----------+----------+----------+----------+----------+----------+----------+----------+----------+----------+----------+----------+----------+----------
267 (h=3; 0,2,2,0)            | 0.42857 | 0.18367 | 0.18367 | 0.07872 | 0.07872 | 0.07872 | 0.03374 | 0.03374 | 0.03374 | 0.03374 | 0.01446 | 0.01446 | 0.01446 | 0.01446 | 0.00620 | 0.00620 | 0.00620 | 0.00620 
268 (h=3; 0,2,2,1)            | 0.42857 | 0.18367 | 0.18367 | 0.07872 | 0.07872 | 0.07872 | 0.03374 | 0.03374 | 0.03374 | 0.03374 | 0.01446 | 0.01446 | 0.01446 | 0.01446 | 0.00620 | 0.00620 | 0.00620 | 0.00620 
26 (h=0; 0,2,2,2)             | 0.42857 | 0.18367 | 0.18367 | 0.07872 | 0.07872 | 0.07872 | 0.03374 | 0.03374 | 0.03374 | 0.03374 | 0.01446 | 0.01446 | 0.01446 | 0.01446 | 0.00620 | 0.00620 | 0.00620 | 0.00620 
188 (h=2; 0,2,2,2)            | 0.42857 | 0.18367 | 0.18367 | 0.07872 | 0.07872 | 0.07872 | 0.03374 | 0.03374 | 0.03374 | 0.03374 | 0.01446 | 0.01446 | 0.01446 | 0.01446 | 0.00620 | 0.00620 | 0.00620 | 0.00620 


--- Hybrid Probability Table for Node u = 270 ---
--- Metatorus Structure (n=4, k=3), Torus Probability (Denominator 2*n-1) ---

Incoming Neighbor b           | (1,1)   | (1,2)   | (2,2)   | (1,3)   | (2,3)   | (3,3)   | (1,4)   | (2,4)   | (3,4)   | (4,4)   | (1,5)   | (2,5)   | (3,5)   | (4,5)   | (1,6)   | (2,6)   | (3,6)   | (4,6)   
------------------------------+----------+----------+----------+----------+----------+----------+----------+----------+----------+----------+----------+----------+----------+----------+----------+----------+----------+----------
271 (h=3; 1,0,0,1)            | 0.42857 | 0.18367 | 0.18367 | 0.07872 | 0.07872 | 0.07872 | 0.03374 | 0.03374 | 0.03374 | 0.03374 | 0.01446 | 0.01446 | 0.01446 | 0.01446 | 0.00620 | 0.00620 | 0.00620 | 0.00620 
272 (h=3; 1,0,0,2)            | 0.42857 | 0.18367 | 0.18367 | 0.07872 | 0.07872 | 0.07872 | 0.03374 | 0.03374 | 0.03374 | 0.03374 | 0.01446 | 0.01446 | 0.01446 | 0.01446 | 0.00620 | 0.00620 | 0.00620 | 0.00620 
27 (h=0; 1,0,0,0)             | 0.42857 | 0.18367 | 0.18367 | 0.07872 | 0.07872 | 0.07872 | 0.03374 | 0.03374 | 0.03374 | 0.03374 | 0.01446 | 0.01446 | 0.01446 | 0.01446 | 0.00620 | 0.00620 | 0.00620 | 0.00620 
189 (h=2; 1,0,0,0)            | 0.42857 | 0.18367 | 0.18367 | 0.07872 | 0.07872 | 0.07872 | 0.03374 | 0.03374 | 0.03374 | 0.03374 | 0.01446 | 0.01446 | 0.01446 | 0.01446 | 0.00620 | 0.00620 | 0.00620 | 0.00620 


--- Hybrid Probability Table for Node u = 271 ---
--- Metatorus Structure (n=4, k=3), Torus Probability (Denominator 2*n-1) ---

Incoming Neighbor b           | (1,1)   | (1,2)   | (2,2)   | (1,3)   | (2,3)   | (3,3)   | (1,4)   | (2,4)   | (3,4)   | (4,4)   | (1,5)   | (2,5)   | (3,5)   | (4,5)   | (1,6)   | (2,6)   | (3,6)   | (4,6)   
------------------------------+----------+----------+----------+----------+----------+----------+----------+----------+----------+----------+----------+----------+----------+----------+----------+----------+----------+----------
272 (h=3; 1,0,0,2)            | 0.42857 | 0.18367 | 0.18367 | 0.07872 | 0.07872 | 0.07872 | 0.03374 | 0.03374 | 0.03374 | 0.03374 | 0.01446 | 0.01446 | 0.01446 | 0.01446 | 0.00620 | 0.00620 | 0.00620 | 0.00620 
270 (h=3; 1,0,0,0)            | 0.42857 | 0.18367 | 0.18367 | 0.07872 | 0.07872 | 0.07872 | 0.03374 | 0.03374 | 0.03374 | 0.03374 | 0.01446 | 0.01446 | 0.01446 | 0.01446 | 0.00620 | 0.00620 | 0.00620 | 0.00620 
28 (h=0; 1,0,0,1)             | 0.42857 | 0.18367 | 0.18367 | 0.07872 | 0.07872 | 0.07872 | 0.03374 | 0.03374 | 0.03374 | 0.03374 | 0.01446 | 0.01446 | 0.01446 | 0.01446 | 0.00620 | 0.00620 | 0.00620 | 0.00620 
190 (h=2; 1,0,0,1)            | 0.42857 | 0.18367 | 0.18367 | 0.07872 | 0.07872 | 0.07872 | 0.03374 | 0.03374 | 0.03374 | 0.03374 | 0.01446 | 0.01446 | 0.01446 | 0.01446 | 0.00620 | 0.00620 | 0.00620 | 0.00620 


--- Hybrid Probability Table for Node u = 272 ---
--- Metatorus Structure (n=4, k=3), Torus Probability (Denominator 2*n-1) ---

Incoming Neighbor b           | (1,1)   | (1,2)   | (2,2)   | (1,3)   | (2,3)   | (3,3)   | (1,4)   | (2,4)   | (3,4)   | (4,4)   | (1,5)   | (2,5)   | (3,5)   | (4,5)   | (1,6)   | (2,6)   | (3,6)   | (4,6)   
------------------------------+----------+----------+----------+----------+----------+----------+----------+----------+----------+----------+----------+----------+----------+----------+----------+----------+----------+----------
270 (h=3; 1,0,0,0)            | 0.42857 | 0.18367 | 0.18367 | 0.07872 | 0.07872 | 0.07872 | 0.03374 | 0.03374 | 0.03374 | 0.03374 | 0.01446 | 0.01446 | 0.01446 | 0.01446 | 0.00620 | 0.00620 | 0.00620 | 0.00620 
271 (h=3; 1,0,0,1)            | 0.42857 | 0.18367 | 0.18367 | 0.07872 | 0.07872 | 0.07872 | 0.03374 | 0.03374 | 0.03374 | 0.03374 | 0.01446 | 0.01446 | 0.01446 | 0.01446 | 0.00620 | 0.00620 | 0.00620 | 0.00620 
29 (h=0; 1,0,0,2)             | 0.42857 | 0.18367 | 0.18367 | 0.07872 | 0.07872 | 0.07872 | 0.03374 | 0.03374 | 0.03374 | 0.03374 | 0.01446 | 0.01446 | 0.01446 | 0.01446 | 0.00620 | 0.00620 | 0.00620 | 0.00620 
191 (h=2; 1,0,0,2)            | 0.42857 | 0.18367 | 0.18367 | 0.07872 | 0.07872 | 0.07872 | 0.03374 | 0.03374 | 0.03374 | 0.03374 | 0.01446 | 0.01446 | 0.01446 | 0.01446 | 0.00620 | 0.00620 | 0.00620 | 0.00620 


--- Hybrid Probability Table for Node u = 273 ---
--- Metatorus Structure (n=4, k=3), Torus Probability (Denominator 2*n-1) ---

Incoming Neighbor b           | (1,1)   | (1,2)   | (2,2)   | (1,3)   | (2,3)   | (3,3)   | (1,4)   | (2,4)   | (3,4)   | (4,4)   | (1,5)   | (2,5)   | (3,5)   | (4,5)   | (1,6)   | (2,6)   | (3,6)   | (4,6)   
------------------------------+----------+----------+----------+----------+----------+----------+----------+----------+----------+----------+----------+----------+----------+----------+----------+----------+----------+----------
274 (h=3; 1,0,1,1)            | 0.42857 | 0.18367 | 0.18367 | 0.07872 | 0.07872 | 0.07872 | 0.03374 | 0.03374 | 0.03374 | 0.03374 | 0.01446 | 0.01446 | 0.01446 | 0.01446 | 0.00620 | 0.00620 | 0.00620 | 0.00620 
275 (h=3; 1,0,1,2)            | 0.42857 | 0.18367 | 0.18367 | 0.07872 | 0.07872 | 0.07872 | 0.03374 | 0.03374 | 0.03374 | 0.03374 | 0.01446 | 0.01446 | 0.01446 | 0.01446 | 0.00620 | 0.00620 | 0.00620 | 0.00620 
30 (h=0; 1,0,1,0)             | 0.42857 | 0.18367 | 0.18367 | 0.07872 | 0.07872 | 0.07872 | 0.03374 | 0.03374 | 0.03374 | 0.03374 | 0.01446 | 0.01446 | 0.01446 | 0.01446 | 0.00620 | 0.00620 | 0.00620 | 0.00620 
192 (h=2; 1,0,1,0)            | 0.42857 | 0.18367 | 0.18367 | 0.07872 | 0.07872 | 0.07872 | 0.03374 | 0.03374 | 0.03374 | 0.03374 | 0.01446 | 0.01446 | 0.01446 | 0.01446 | 0.00620 | 0.00620 | 0.00620 | 0.00620 


--- Hybrid Probability Table for Node u = 274 ---
--- Metatorus Structure (n=4, k=3), Torus Probability (Denominator 2*n-1) ---

Incoming Neighbor b           | (1,1)   | (1,2)   | (2,2)   | (1,3)   | (2,3)   | (3,3)   | (1,4)   | (2,4)   | (3,4)   | (4,4)   | (1,5)   | (2,5)   | (3,5)   | (4,5)   | (1,6)   | (2,6)   | (3,6)   | (4,6)   
------------------------------+----------+----------+----------+----------+----------+----------+----------+----------+----------+----------+----------+----------+----------+----------+----------+----------+----------+----------
275 (h=3; 1,0,1,2)            | 0.42857 | 0.18367 | 0.18367 | 0.07872 | 0.07872 | 0.07872 | 0.03374 | 0.03374 | 0.03374 | 0.03374 | 0.01446 | 0.01446 | 0.01446 | 0.01446 | 0.00620 | 0.00620 | 0.00620 | 0.00620 
273 (h=3; 1,0,1,0)            | 0.42857 | 0.18367 | 0.18367 | 0.07872 | 0.07872 | 0.07872 | 0.03374 | 0.03374 | 0.03374 | 0.03374 | 0.01446 | 0.01446 | 0.01446 | 0.01446 | 0.00620 | 0.00620 | 0.00620 | 0.00620 
31 (h=0; 1,0,1,1)             | 0.42857 | 0.18367 | 0.18367 | 0.07872 | 0.07872 | 0.07872 | 0.03374 | 0.03374 | 0.03374 | 0.03374 | 0.01446 | 0.01446 | 0.01446 | 0.01446 | 0.00620 | 0.00620 | 0.00620 | 0.00620 
193 (h=2; 1,0,1,1)            | 0.42857 | 0.18367 | 0.18367 | 0.07872 | 0.07872 | 0.07872 | 0.03374 | 0.03374 | 0.03374 | 0.03374 | 0.01446 | 0.01446 | 0.01446 | 0.01446 | 0.00620 | 0.00620 | 0.00620 | 0.00620 


--- Hybrid Probability Table for Node u = 275 ---
--- Metatorus Structure (n=4, k=3), Torus Probability (Denominator 2*n-1) ---

Incoming Neighbor b           | (1,1)   | (1,2)   | (2,2)   | (1,3)   | (2,3)   | (3,3)   | (1,4)   | (2,4)   | (3,4)   | (4,4)   | (1,5)   | (2,5)   | (3,5)   | (4,5)   | (1,6)   | (2,6)   | (3,6)   | (4,6)   
------------------------------+----------+----------+----------+----------+----------+----------+----------+----------+----------+----------+----------+----------+----------+----------+----------+----------+----------+----------
273 (h=3; 1,0,1,0)            | 0.42857 | 0.18367 | 0.18367 | 0.07872 | 0.07872 | 0.07872 | 0.03374 | 0.03374 | 0.03374 | 0.03374 | 0.01446 | 0.01446 | 0.01446 | 0.01446 | 0.00620 | 0.00620 | 0.00620 | 0.00620 
274 (h=3; 1,0,1,1)            | 0.42857 | 0.18367 | 0.18367 | 0.07872 | 0.07872 | 0.07872 | 0.03374 | 0.03374 | 0.03374 | 0.03374 | 0.01446 | 0.01446 | 0.01446 | 0.01446 | 0.00620 | 0.00620 | 0.00620 | 0.00620 
32 (h=0; 1,0,1,2)             | 0.42857 | 0.18367 | 0.18367 | 0.07872 | 0.07872 | 0.07872 | 0.03374 | 0.03374 | 0.03374 | 0.03374 | 0.01446 | 0.01446 | 0.01446 | 0.01446 | 0.00620 | 0.00620 | 0.00620 | 0.00620 
194 (h=2; 1,0,1,2)            | 0.42857 | 0.18367 | 0.18367 | 0.07872 | 0.07872 | 0.07872 | 0.03374 | 0.03374 | 0.03374 | 0.03374 | 0.01446 | 0.01446 | 0.01446 | 0.01446 | 0.00620 | 0.00620 | 0.00620 | 0.00620 


--- Hybrid Probability Table for Node u = 276 ---
--- Metatorus Structure (n=4, k=3), Torus Probability (Denominator 2*n-1) ---

Incoming Neighbor b           | (1,1)   | (1,2)   | (2,2)   | (1,3)   | (2,3)   | (3,3)   | (1,4)   | (2,4)   | (3,4)   | (4,4)   | (1,5)   | (2,5)   | (3,5)   | (4,5)   | (1,6)   | (2,6)   | (3,6)   | (4,6)   
------------------------------+----------+----------+----------+----------+----------+----------+----------+----------+----------+----------+----------+----------+----------+----------+----------+----------+----------+----------
277 (h=3; 1,0,2,1)            | 0.42857 | 0.18367 | 0.18367 | 0.07872 | 0.07872 | 0.07872 | 0.03374 | 0.03374 | 0.03374 | 0.03374 | 0.01446 | 0.01446 | 0.01446 | 0.01446 | 0.00620 | 0.00620 | 0.00620 | 0.00620 
278 (h=3; 1,0,2,2)            | 0.42857 | 0.18367 | 0.18367 | 0.07872 | 0.07872 | 0.07872 | 0.03374 | 0.03374 | 0.03374 | 0.03374 | 0.01446 | 0.01446 | 0.01446 | 0.01446 | 0.00620 | 0.00620 | 0.00620 | 0.00620 
33 (h=0; 1,0,2,0)             | 0.42857 | 0.18367 | 0.18367 | 0.07872 | 0.07872 | 0.07872 | 0.03374 | 0.03374 | 0.03374 | 0.03374 | 0.01446 | 0.01446 | 0.01446 | 0.01446 | 0.00620 | 0.00620 | 0.00620 | 0.00620 
195 (h=2; 1,0,2,0)            | 0.42857 | 0.18367 | 0.18367 | 0.07872 | 0.07872 | 0.07872 | 0.03374 | 0.03374 | 0.03374 | 0.03374 | 0.01446 | 0.01446 | 0.01446 | 0.01446 | 0.00620 | 0.00620 | 0.00620 | 0.00620 


--- Hybrid Probability Table for Node u = 277 ---
--- Metatorus Structure (n=4, k=3), Torus Probability (Denominator 2*n-1) ---

Incoming Neighbor b           | (1,1)   | (1,2)   | (2,2)   | (1,3)   | (2,3)   | (3,3)   | (1,4)   | (2,4)   | (3,4)   | (4,4)   | (1,5)   | (2,5)   | (3,5)   | (4,5)   | (1,6)   | (2,6)   | (3,6)   | (4,6)   
------------------------------+----------+----------+----------+----------+----------+----------+----------+----------+----------+----------+----------+----------+----------+----------+----------+----------+----------+----------
278 (h=3; 1,0,2,2)            | 0.42857 | 0.18367 | 0.18367 | 0.07872 | 0.07872 | 0.07872 | 0.03374 | 0.03374 | 0.03374 | 0.03374 | 0.01446 | 0.01446 | 0.01446 | 0.01446 | 0.00620 | 0.00620 | 0.00620 | 0.00620 
276 (h=3; 1,0,2,0)            | 0.42857 | 0.18367 | 0.18367 | 0.07872 | 0.07872 | 0.07872 | 0.03374 | 0.03374 | 0.03374 | 0.03374 | 0.01446 | 0.01446 | 0.01446 | 0.01446 | 0.00620 | 0.00620 | 0.00620 | 0.00620 
34 (h=0; 1,0,2,1)             | 0.42857 | 0.18367 | 0.18367 | 0.07872 | 0.07872 | 0.07872 | 0.03374 | 0.03374 | 0.03374 | 0.03374 | 0.01446 | 0.01446 | 0.01446 | 0.01446 | 0.00620 | 0.00620 | 0.00620 | 0.00620 
196 (h=2; 1,0,2,1)            | 0.42857 | 0.18367 | 0.18367 | 0.07872 | 0.07872 | 0.07872 | 0.03374 | 0.03374 | 0.03374 | 0.03374 | 0.01446 | 0.01446 | 0.01446 | 0.01446 | 0.00620 | 0.00620 | 0.00620 | 0.00620 


--- Hybrid Probability Table for Node u = 278 ---
--- Metatorus Structure (n=4, k=3), Torus Probability (Denominator 2*n-1) ---

Incoming Neighbor b           | (1,1)   | (1,2)   | (2,2)   | (1,3)   | (2,3)   | (3,3)   | (1,4)   | (2,4)   | (3,4)   | (4,4)   | (1,5)   | (2,5)   | (3,5)   | (4,5)   | (1,6)   | (2,6)   | (3,6)   | (4,6)   
------------------------------+----------+----------+----------+----------+----------+----------+----------+----------+----------+----------+----------+----------+----------+----------+----------+----------+----------+----------
276 (h=3; 1,0,2,0)            | 0.42857 | 0.18367 | 0.18367 | 0.07872 | 0.07872 | 0.07872 | 0.03374 | 0.03374 | 0.03374 | 0.03374 | 0.01446 | 0.01446 | 0.01446 | 0.01446 | 0.00620 | 0.00620 | 0.00620 | 0.00620 
277 (h=3; 1,0,2,1)            | 0.42857 | 0.18367 | 0.18367 | 0.07872 | 0.07872 | 0.07872 | 0.03374 | 0.03374 | 0.03374 | 0.03374 | 0.01446 | 0.01446 | 0.01446 | 0.01446 | 0.00620 | 0.00620 | 0.00620 | 0.00620 
35 (h=0; 1,0,2,2)             | 0.42857 | 0.18367 | 0.18367 | 0.07872 | 0.07872 | 0.07872 | 0.03374 | 0.03374 | 0.03374 | 0.03374 | 0.01446 | 0.01446 | 0.01446 | 0.01446 | 0.00620 | 0.00620 | 0.00620 | 0.00620 
197 (h=2; 1,0,2,2)            | 0.42857 | 0.18367 | 0.18367 | 0.07872 | 0.07872 | 0.07872 | 0.03374 | 0.03374 | 0.03374 | 0.03374 | 0.01446 | 0.01446 | 0.01446 | 0.01446 | 0.00620 | 0.00620 | 0.00620 | 0.00620 


--- Hybrid Probability Table for Node u = 279 ---
--- Metatorus Structure (n=4, k=3), Torus Probability (Denominator 2*n-1) ---

Incoming Neighbor b           | (1,1)   | (1,2)   | (2,2)   | (1,3)   | (2,3)   | (3,3)   | (1,4)   | (2,4)   | (3,4)   | (4,4)   | (1,5)   | (2,5)   | (3,5)   | (4,5)   | (1,6)   | (2,6)   | (3,6)   | (4,6)   
------------------------------+----------+----------+----------+----------+----------+----------+----------+----------+----------+----------+----------+----------+----------+----------+----------+----------+----------+----------
280 (h=3; 1,1,0,1)            | 0.42857 | 0.18367 | 0.18367 | 0.07872 | 0.07872 | 0.07872 | 0.03374 | 0.03374 | 0.03374 | 0.03374 | 0.01446 | 0.01446 | 0.01446 | 0.01446 | 0.00620 | 0.00620 | 0.00620 | 0.00620 
281 (h=3; 1,1,0,2)            | 0.42857 | 0.18367 | 0.18367 | 0.07872 | 0.07872 | 0.07872 | 0.03374 | 0.03374 | 0.03374 | 0.03374 | 0.01446 | 0.01446 | 0.01446 | 0.01446 | 0.00620 | 0.00620 | 0.00620 | 0.00620 
36 (h=0; 1,1,0,0)             | 0.42857 | 0.18367 | 0.18367 | 0.07872 | 0.07872 | 0.07872 | 0.03374 | 0.03374 | 0.03374 | 0.03374 | 0.01446 | 0.01446 | 0.01446 | 0.01446 | 0.00620 | 0.00620 | 0.00620 | 0.00620 
198 (h=2; 1,1,0,0)            | 0.42857 | 0.18367 | 0.18367 | 0.07872 | 0.07872 | 0.07872 | 0.03374 | 0.03374 | 0.03374 | 0.03374 | 0.01446 | 0.01446 | 0.01446 | 0.01446 | 0.00620 | 0.00620 | 0.00620 | 0.00620 


--- Hybrid Probability Table for Node u = 280 ---
--- Metatorus Structure (n=4, k=3), Torus Probability (Denominator 2*n-1) ---

Incoming Neighbor b           | (1,1)   | (1,2)   | (2,2)   | (1,3)   | (2,3)   | (3,3)   | (1,4)   | (2,4)   | (3,4)   | (4,4)   | (1,5)   | (2,5)   | (3,5)   | (4,5)   | (1,6)   | (2,6)   | (3,6)   | (4,6)   
------------------------------+----------+----------+----------+----------+----------+----------+----------+----------+----------+----------+----------+----------+----------+----------+----------+----------+----------+----------
281 (h=3; 1,1,0,2)            | 0.42857 | 0.18367 | 0.18367 | 0.07872 | 0.07872 | 0.07872 | 0.03374 | 0.03374 | 0.03374 | 0.03374 | 0.01446 | 0.01446 | 0.01446 | 0.01446 | 0.00620 | 0.00620 | 0.00620 | 0.00620 
279 (h=3; 1,1,0,0)            | 0.42857 | 0.18367 | 0.18367 | 0.07872 | 0.07872 | 0.07872 | 0.03374 | 0.03374 | 0.03374 | 0.03374 | 0.01446 | 0.01446 | 0.01446 | 0.01446 | 0.00620 | 0.00620 | 0.00620 | 0.00620 
37 (h=0; 1,1,0,1)             | 0.42857 | 0.18367 | 0.18367 | 0.07872 | 0.07872 | 0.07872 | 0.03374 | 0.03374 | 0.03374 | 0.03374 | 0.01446 | 0.01446 | 0.01446 | 0.01446 | 0.00620 | 0.00620 | 0.00620 | 0.00620 
199 (h=2; 1,1,0,1)            | 0.42857 | 0.18367 | 0.18367 | 0.07872 | 0.07872 | 0.07872 | 0.03374 | 0.03374 | 0.03374 | 0.03374 | 0.01446 | 0.01446 | 0.01446 | 0.01446 | 0.00620 | 0.00620 | 0.00620 | 0.00620 


--- Hybrid Probability Table for Node u = 281 ---
--- Metatorus Structure (n=4, k=3), Torus Probability (Denominator 2*n-1) ---

Incoming Neighbor b           | (1,1)   | (1,2)   | (2,2)   | (1,3)   | (2,3)   | (3,3)   | (1,4)   | (2,4)   | (3,4)   | (4,4)   | (1,5)   | (2,5)   | (3,5)   | (4,5)   | (1,6)   | (2,6)   | (3,6)   | (4,6)   
------------------------------+----------+----------+----------+----------+----------+----------+----------+----------+----------+----------+----------+----------+----------+----------+----------+----------+----------+----------
279 (h=3; 1,1,0,0)            | 0.42857 | 0.18367 | 0.18367 | 0.07872 | 0.07872 | 0.07872 | 0.03374 | 0.03374 | 0.03374 | 0.03374 | 0.01446 | 0.01446 | 0.01446 | 0.01446 | 0.00620 | 0.00620 | 0.00620 | 0.00620 
280 (h=3; 1,1,0,1)            | 0.42857 | 0.18367 | 0.18367 | 0.07872 | 0.07872 | 0.07872 | 0.03374 | 0.03374 | 0.03374 | 0.03374 | 0.01446 | 0.01446 | 0.01446 | 0.01446 | 0.00620 | 0.00620 | 0.00620 | 0.00620 
38 (h=0; 1,1,0,2)             | 0.42857 | 0.18367 | 0.18367 | 0.07872 | 0.07872 | 0.07872 | 0.03374 | 0.03374 | 0.03374 | 0.03374 | 0.01446 | 0.01446 | 0.01446 | 0.01446 | 0.00620 | 0.00620 | 0.00620 | 0.00620 
200 (h=2; 1,1,0,2)            | 0.42857 | 0.18367 | 0.18367 | 0.07872 | 0.07872 | 0.07872 | 0.03374 | 0.03374 | 0.03374 | 0.03374 | 0.01446 | 0.01446 | 0.01446 | 0.01446 | 0.00620 | 0.00620 | 0.00620 | 0.00620 


--- Hybrid Probability Table for Node u = 282 ---
--- Metatorus Structure (n=4, k=3), Torus Probability (Denominator 2*n-1) ---

Incoming Neighbor b           | (1,1)   | (1,2)   | (2,2)   | (1,3)   | (2,3)   | (3,3)   | (1,4)   | (2,4)   | (3,4)   | (4,4)   | (1,5)   | (2,5)   | (3,5)   | (4,5)   | (1,6)   | (2,6)   | (3,6)   | (4,6)   
------------------------------+----------+----------+----------+----------+----------+----------+----------+----------+----------+----------+----------+----------+----------+----------+----------+----------+----------+----------
283 (h=3; 1,1,1,1)            | 0.42857 | 0.18367 | 0.18367 | 0.07872 | 0.07872 | 0.07872 | 0.03374 | 0.03374 | 0.03374 | 0.03374 | 0.01446 | 0.01446 | 0.01446 | 0.01446 | 0.00620 | 0.00620 | 0.00620 | 0.00620 
284 (h=3; 1,1,1,2)            | 0.42857 | 0.18367 | 0.18367 | 0.07872 | 0.07872 | 0.07872 | 0.03374 | 0.03374 | 0.03374 | 0.03374 | 0.01446 | 0.01446 | 0.01446 | 0.01446 | 0.00620 | 0.00620 | 0.00620 | 0.00620 
39 (h=0; 1,1,1,0)             | 0.42857 | 0.18367 | 0.18367 | 0.07872 | 0.07872 | 0.07872 | 0.03374 | 0.03374 | 0.03374 | 0.03374 | 0.01446 | 0.01446 | 0.01446 | 0.01446 | 0.00620 | 0.00620 | 0.00620 | 0.00620 
201 (h=2; 1,1,1,0)            | 0.42857 | 0.18367 | 0.18367 | 0.07872 | 0.07872 | 0.07872 | 0.03374 | 0.03374 | 0.03374 | 0.03374 | 0.01446 | 0.01446 | 0.01446 | 0.01446 | 0.00620 | 0.00620 | 0.00620 | 0.00620 


--- Hybrid Probability Table for Node u = 283 ---
--- Metatorus Structure (n=4, k=3), Torus Probability (Denominator 2*n-1) ---

Incoming Neighbor b           | (1,1)   | (1,2)   | (2,2)   | (1,3)   | (2,3)   | (3,3)   | (1,4)   | (2,4)   | (3,4)   | (4,4)   | (1,5)   | (2,5)   | (3,5)   | (4,5)   | (1,6)   | (2,6)   | (3,6)   | (4,6)   
------------------------------+----------+----------+----------+----------+----------+----------+----------+----------+----------+----------+----------+----------+----------+----------+----------+----------+----------+----------
284 (h=3; 1,1,1,2)            | 0.42857 | 0.18367 | 0.18367 | 0.07872 | 0.07872 | 0.07872 | 0.03374 | 0.03374 | 0.03374 | 0.03374 | 0.01446 | 0.01446 | 0.01446 | 0.01446 | 0.00620 | 0.00620 | 0.00620 | 0.00620 
282 (h=3; 1,1,1,0)            | 0.42857 | 0.18367 | 0.18367 | 0.07872 | 0.07872 | 0.07872 | 0.03374 | 0.03374 | 0.03374 | 0.03374 | 0.01446 | 0.01446 | 0.01446 | 0.01446 | 0.00620 | 0.00620 | 0.00620 | 0.00620 
40 (h=0; 1,1,1,1)             | 0.42857 | 0.18367 | 0.18367 | 0.07872 | 0.07872 | 0.07872 | 0.03374 | 0.03374 | 0.03374 | 0.03374 | 0.01446 | 0.01446 | 0.01446 | 0.01446 | 0.00620 | 0.00620 | 0.00620 | 0.00620 
202 (h=2; 1,1,1,1)            | 0.42857 | 0.18367 | 0.18367 | 0.07872 | 0.07872 | 0.07872 | 0.03374 | 0.03374 | 0.03374 | 0.03374 | 0.01446 | 0.01446 | 0.01446 | 0.01446 | 0.00620 | 0.00620 | 0.00620 | 0.00620 


--- Hybrid Probability Table for Node u = 284 ---
--- Metatorus Structure (n=4, k=3), Torus Probability (Denominator 2*n-1) ---

Incoming Neighbor b           | (1,1)   | (1,2)   | (2,2)   | (1,3)   | (2,3)   | (3,3)   | (1,4)   | (2,4)   | (3,4)   | (4,4)   | (1,5)   | (2,5)   | (3,5)   | (4,5)   | (1,6)   | (2,6)   | (3,6)   | (4,6)   
------------------------------+----------+----------+----------+----------+----------+----------+----------+----------+----------+----------+----------+----------+----------+----------+----------+----------+----------+----------
282 (h=3; 1,1,1,0)            | 0.42857 | 0.18367 | 0.18367 | 0.07872 | 0.07872 | 0.07872 | 0.03374 | 0.03374 | 0.03374 | 0.03374 | 0.01446 | 0.01446 | 0.01446 | 0.01446 | 0.00620 | 0.00620 | 0.00620 | 0.00620 
283 (h=3; 1,1,1,1)            | 0.42857 | 0.18367 | 0.18367 | 0.07872 | 0.07872 | 0.07872 | 0.03374 | 0.03374 | 0.03374 | 0.03374 | 0.01446 | 0.01446 | 0.01446 | 0.01446 | 0.00620 | 0.00620 | 0.00620 | 0.00620 
41 (h=0; 1,1,1,2)             | 0.42857 | 0.18367 | 0.18367 | 0.07872 | 0.07872 | 0.07872 | 0.03374 | 0.03374 | 0.03374 | 0.03374 | 0.01446 | 0.01446 | 0.01446 | 0.01446 | 0.00620 | 0.00620 | 0.00620 | 0.00620 
203 (h=2; 1,1,1,2)            | 0.42857 | 0.18367 | 0.18367 | 0.07872 | 0.07872 | 0.07872 | 0.03374 | 0.03374 | 0.03374 | 0.03374 | 0.01446 | 0.01446 | 0.01446 | 0.01446 | 0.00620 | 0.00620 | 0.00620 | 0.00620 


--- Hybrid Probability Table for Node u = 285 ---
--- Metatorus Structure (n=4, k=3), Torus Probability (Denominator 2*n-1) ---

Incoming Neighbor b           | (1,1)   | (1,2)   | (2,2)   | (1,3)   | (2,3)   | (3,3)   | (1,4)   | (2,4)   | (3,4)   | (4,4)   | (1,5)   | (2,5)   | (3,5)   | (4,5)   | (1,6)   | (2,6)   | (3,6)   | (4,6)   
------------------------------+----------+----------+----------+----------+----------+----------+----------+----------+----------+----------+----------+----------+----------+----------+----------+----------+----------+----------
286 (h=3; 1,1,2,1)            | 0.42857 | 0.18367 | 0.18367 | 0.07872 | 0.07872 | 0.07872 | 0.03374 | 0.03374 | 0.03374 | 0.03374 | 0.01446 | 0.01446 | 0.01446 | 0.01446 | 0.00620 | 0.00620 | 0.00620 | 0.00620 
287 (h=3; 1,1,2,2)            | 0.42857 | 0.18367 | 0.18367 | 0.07872 | 0.07872 | 0.07872 | 0.03374 | 0.03374 | 0.03374 | 0.03374 | 0.01446 | 0.01446 | 0.01446 | 0.01446 | 0.00620 | 0.00620 | 0.00620 | 0.00620 
42 (h=0; 1,1,2,0)             | 0.42857 | 0.18367 | 0.18367 | 0.07872 | 0.07872 | 0.07872 | 0.03374 | 0.03374 | 0.03374 | 0.03374 | 0.01446 | 0.01446 | 0.01446 | 0.01446 | 0.00620 | 0.00620 | 0.00620 | 0.00620 
204 (h=2; 1,1,2,0)            | 0.42857 | 0.18367 | 0.18367 | 0.07872 | 0.07872 | 0.07872 | 0.03374 | 0.03374 | 0.03374 | 0.03374 | 0.01446 | 0.01446 | 0.01446 | 0.01446 | 0.00620 | 0.00620 | 0.00620 | 0.00620 


--- Hybrid Probability Table for Node u = 286 ---
--- Metatorus Structure (n=4, k=3), Torus Probability (Denominator 2*n-1) ---

Incoming Neighbor b           | (1,1)   | (1,2)   | (2,2)   | (1,3)   | (2,3)   | (3,3)   | (1,4)   | (2,4)   | (3,4)   | (4,4)   | (1,5)   | (2,5)   | (3,5)   | (4,5)   | (1,6)   | (2,6)   | (3,6)   | (4,6)   
------------------------------+----------+----------+----------+----------+----------+----------+----------+----------+----------+----------+----------+----------+----------+----------+----------+----------+----------+----------
287 (h=3; 1,1,2,2)            | 0.42857 | 0.18367 | 0.18367 | 0.07872 | 0.07872 | 0.07872 | 0.03374 | 0.03374 | 0.03374 | 0.03374 | 0.01446 | 0.01446 | 0.01446 | 0.01446 | 0.00620 | 0.00620 | 0.00620 | 0.00620 
285 (h=3; 1,1,2,0)            | 0.42857 | 0.18367 | 0.18367 | 0.07872 | 0.07872 | 0.07872 | 0.03374 | 0.03374 | 0.03374 | 0.03374 | 0.01446 | 0.01446 | 0.01446 | 0.01446 | 0.00620 | 0.00620 | 0.00620 | 0.00620 
43 (h=0; 1,1,2,1)             | 0.42857 | 0.18367 | 0.18367 | 0.07872 | 0.07872 | 0.07872 | 0.03374 | 0.03374 | 0.03374 | 0.03374 | 0.01446 | 0.01446 | 0.01446 | 0.01446 | 0.00620 | 0.00620 | 0.00620 | 0.00620 
205 (h=2; 1,1,2,1)            | 0.42857 | 0.18367 | 0.18367 | 0.07872 | 0.07872 | 0.07872 | 0.03374 | 0.03374 | 0.03374 | 0.03374 | 0.01446 | 0.01446 | 0.01446 | 0.01446 | 0.00620 | 0.00620 | 0.00620 | 0.00620 


--- Hybrid Probability Table for Node u = 287 ---
--- Metatorus Structure (n=4, k=3), Torus Probability (Denominator 2*n-1) ---

Incoming Neighbor b           | (1,1)   | (1,2)   | (2,2)   | (1,3)   | (2,3)   | (3,3)   | (1,4)   | (2,4)   | (3,4)   | (4,4)   | (1,5)   | (2,5)   | (3,5)   | (4,5)   | (1,6)   | (2,6)   | (3,6)   | (4,6)   
------------------------------+----------+----------+----------+----------+----------+----------+----------+----------+----------+----------+----------+----------+----------+----------+----------+----------+----------+----------
285 (h=3; 1,1,2,0)            | 0.42857 | 0.18367 | 0.18367 | 0.07872 | 0.07872 | 0.07872 | 0.03374 | 0.03374 | 0.03374 | 0.03374 | 0.01446 | 0.01446 | 0.01446 | 0.01446 | 0.00620 | 0.00620 | 0.00620 | 0.00620 
286 (h=3; 1,1,2,1)            | 0.42857 | 0.18367 | 0.18367 | 0.07872 | 0.07872 | 0.07872 | 0.03374 | 0.03374 | 0.03374 | 0.03374 | 0.01446 | 0.01446 | 0.01446 | 0.01446 | 0.00620 | 0.00620 | 0.00620 | 0.00620 
44 (h=0; 1,1,2,2)             | 0.42857 | 0.18367 | 0.18367 | 0.07872 | 0.07872 | 0.07872 | 0.03374 | 0.03374 | 0.03374 | 0.03374 | 0.01446 | 0.01446 | 0.01446 | 0.01446 | 0.00620 | 0.00620 | 0.00620 | 0.00620 
206 (h=2; 1,1,2,2)            | 0.42857 | 0.18367 | 0.18367 | 0.07872 | 0.07872 | 0.07872 | 0.03374 | 0.03374 | 0.03374 | 0.03374 | 0.01446 | 0.01446 | 0.01446 | 0.01446 | 0.00620 | 0.00620 | 0.00620 | 0.00620 


--- Hybrid Probability Table for Node u = 288 ---
--- Metatorus Structure (n=4, k=3), Torus Probability (Denominator 2*n-1) ---

Incoming Neighbor b           | (1,1)   | (1,2)   | (2,2)   | (1,3)   | (2,3)   | (3,3)   | (1,4)   | (2,4)   | (3,4)   | (4,4)   | (1,5)   | (2,5)   | (3,5)   | (4,5)   | (1,6)   | (2,6)   | (3,6)   | (4,6)   
------------------------------+----------+----------+----------+----------+----------+----------+----------+----------+----------+----------+----------+----------+----------+----------+----------+----------+----------+----------
289 (h=3; 1,2,0,1)            | 0.42857 | 0.18367 | 0.18367 | 0.07872 | 0.07872 | 0.07872 | 0.03374 | 0.03374 | 0.03374 | 0.03374 | 0.01446 | 0.01446 | 0.01446 | 0.01446 | 0.00620 | 0.00620 | 0.00620 | 0.00620 
290 (h=3; 1,2,0,2)            | 0.42857 | 0.18367 | 0.18367 | 0.07872 | 0.07872 | 0.07872 | 0.03374 | 0.03374 | 0.03374 | 0.03374 | 0.01446 | 0.01446 | 0.01446 | 0.01446 | 0.00620 | 0.00620 | 0.00620 | 0.00620 
45 (h=0; 1,2,0,0)             | 0.42857 | 0.18367 | 0.18367 | 0.07872 | 0.07872 | 0.07872 | 0.03374 | 0.03374 | 0.03374 | 0.03374 | 0.01446 | 0.01446 | 0.01446 | 0.01446 | 0.00620 | 0.00620 | 0.00620 | 0.00620 
207 (h=2; 1,2,0,0)            | 0.42857 | 0.18367 | 0.18367 | 0.07872 | 0.07872 | 0.07872 | 0.03374 | 0.03374 | 0.03374 | 0.03374 | 0.01446 | 0.01446 | 0.01446 | 0.01446 | 0.00620 | 0.00620 | 0.00620 | 0.00620 


--- Hybrid Probability Table for Node u = 289 ---
--- Metatorus Structure (n=4, k=3), Torus Probability (Denominator 2*n-1) ---

Incoming Neighbor b           | (1,1)   | (1,2)   | (2,2)   | (1,3)   | (2,3)   | (3,3)   | (1,4)   | (2,4)   | (3,4)   | (4,4)   | (1,5)   | (2,5)   | (3,5)   | (4,5)   | (1,6)   | (2,6)   | (3,6)   | (4,6)   
------------------------------+----------+----------+----------+----------+----------+----------+----------+----------+----------+----------+----------+----------+----------+----------+----------+----------+----------+----------
290 (h=3; 1,2,0,2)            | 0.42857 | 0.18367 | 0.18367 | 0.07872 | 0.07872 | 0.07872 | 0.03374 | 0.03374 | 0.03374 | 0.03374 | 0.01446 | 0.01446 | 0.01446 | 0.01446 | 0.00620 | 0.00620 | 0.00620 | 0.00620 
288 (h=3; 1,2,0,0)            | 0.42857 | 0.18367 | 0.18367 | 0.07872 | 0.07872 | 0.07872 | 0.03374 | 0.03374 | 0.03374 | 0.03374 | 0.01446 | 0.01446 | 0.01446 | 0.01446 | 0.00620 | 0.00620 | 0.00620 | 0.00620 
46 (h=0; 1,2,0,1)             | 0.42857 | 0.18367 | 0.18367 | 0.07872 | 0.07872 | 0.07872 | 0.03374 | 0.03374 | 0.03374 | 0.03374 | 0.01446 | 0.01446 | 0.01446 | 0.01446 | 0.00620 | 0.00620 | 0.00620 | 0.00620 
208 (h=2; 1,2,0,1)            | 0.42857 | 0.18367 | 0.18367 | 0.07872 | 0.07872 | 0.07872 | 0.03374 | 0.03374 | 0.03374 | 0.03374 | 0.01446 | 0.01446 | 0.01446 | 0.01446 | 0.00620 | 0.00620 | 0.00620 | 0.00620 


--- Hybrid Probability Table for Node u = 290 ---
--- Metatorus Structure (n=4, k=3), Torus Probability (Denominator 2*n-1) ---

Incoming Neighbor b           | (1,1)   | (1,2)   | (2,2)   | (1,3)   | (2,3)   | (3,3)   | (1,4)   | (2,4)   | (3,4)   | (4,4)   | (1,5)   | (2,5)   | (3,5)   | (4,5)   | (1,6)   | (2,6)   | (3,6)   | (4,6)   
------------------------------+----------+----------+----------+----------+----------+----------+----------+----------+----------+----------+----------+----------+----------+----------+----------+----------+----------+----------
288 (h=3; 1,2,0,0)            | 0.42857 | 0.18367 | 0.18367 | 0.07872 | 0.07872 | 0.07872 | 0.03374 | 0.03374 | 0.03374 | 0.03374 | 0.01446 | 0.01446 | 0.01446 | 0.01446 | 0.00620 | 0.00620 | 0.00620 | 0.00620 
289 (h=3; 1,2,0,1)            | 0.42857 | 0.18367 | 0.18367 | 0.07872 | 0.07872 | 0.07872 | 0.03374 | 0.03374 | 0.03374 | 0.03374 | 0.01446 | 0.01446 | 0.01446 | 0.01446 | 0.00620 | 0.00620 | 0.00620 | 0.00620 
47 (h=0; 1,2,0,2)             | 0.42857 | 0.18367 | 0.18367 | 0.07872 | 0.07872 | 0.07872 | 0.03374 | 0.03374 | 0.03374 | 0.03374 | 0.01446 | 0.01446 | 0.01446 | 0.01446 | 0.00620 | 0.00620 | 0.00620 | 0.00620 
209 (h=2; 1,2,0,2)            | 0.42857 | 0.18367 | 0.18367 | 0.07872 | 0.07872 | 0.07872 | 0.03374 | 0.03374 | 0.03374 | 0.03374 | 0.01446 | 0.01446 | 0.01446 | 0.01446 | 0.00620 | 0.00620 | 0.00620 | 0.00620 


--- Hybrid Probability Table for Node u = 291 ---
--- Metatorus Structure (n=4, k=3), Torus Probability (Denominator 2*n-1) ---

Incoming Neighbor b           | (1,1)   | (1,2)   | (2,2)   | (1,3)   | (2,3)   | (3,3)   | (1,4)   | (2,4)   | (3,4)   | (4,4)   | (1,5)   | (2,5)   | (3,5)   | (4,5)   | (1,6)   | (2,6)   | (3,6)   | (4,6)   
------------------------------+----------+----------+----------+----------+----------+----------+----------+----------+----------+----------+----------+----------+----------+----------+----------+----------+----------+----------
292 (h=3; 1,2,1,1)            | 0.42857 | 0.18367 | 0.18367 | 0.07872 | 0.07872 | 0.07872 | 0.03374 | 0.03374 | 0.03374 | 0.03374 | 0.01446 | 0.01446 | 0.01446 | 0.01446 | 0.00620 | 0.00620 | 0.00620 | 0.00620 
293 (h=3; 1,2,1,2)            | 0.42857 | 0.18367 | 0.18367 | 0.07872 | 0.07872 | 0.07872 | 0.03374 | 0.03374 | 0.03374 | 0.03374 | 0.01446 | 0.01446 | 0.01446 | 0.01446 | 0.00620 | 0.00620 | 0.00620 | 0.00620 
48 (h=0; 1,2,1,0)             | 0.42857 | 0.18367 | 0.18367 | 0.07872 | 0.07872 | 0.07872 | 0.03374 | 0.03374 | 0.03374 | 0.03374 | 0.01446 | 0.01446 | 0.01446 | 0.01446 | 0.00620 | 0.00620 | 0.00620 | 0.00620 
210 (h=2; 1,2,1,0)            | 0.42857 | 0.18367 | 0.18367 | 0.07872 | 0.07872 | 0.07872 | 0.03374 | 0.03374 | 0.03374 | 0.03374 | 0.01446 | 0.01446 | 0.01446 | 0.01446 | 0.00620 | 0.00620 | 0.00620 | 0.00620 


--- Hybrid Probability Table for Node u = 292 ---
--- Metatorus Structure (n=4, k=3), Torus Probability (Denominator 2*n-1) ---

Incoming Neighbor b           | (1,1)   | (1,2)   | (2,2)   | (1,3)   | (2,3)   | (3,3)   | (1,4)   | (2,4)   | (3,4)   | (4,4)   | (1,5)   | (2,5)   | (3,5)   | (4,5)   | (1,6)   | (2,6)   | (3,6)   | (4,6)   
------------------------------+----------+----------+----------+----------+----------+----------+----------+----------+----------+----------+----------+----------+----------+----------+----------+----------+----------+----------
293 (h=3; 1,2,1,2)            | 0.42857 | 0.18367 | 0.18367 | 0.07872 | 0.07872 | 0.07872 | 0.03374 | 0.03374 | 0.03374 | 0.03374 | 0.01446 | 0.01446 | 0.01446 | 0.01446 | 0.00620 | 0.00620 | 0.00620 | 0.00620 
291 (h=3; 1,2,1,0)            | 0.42857 | 0.18367 | 0.18367 | 0.07872 | 0.07872 | 0.07872 | 0.03374 | 0.03374 | 0.03374 | 0.03374 | 0.01446 | 0.01446 | 0.01446 | 0.01446 | 0.00620 | 0.00620 | 0.00620 | 0.00620 
49 (h=0; 1,2,1,1)             | 0.42857 | 0.18367 | 0.18367 | 0.07872 | 0.07872 | 0.07872 | 0.03374 | 0.03374 | 0.03374 | 0.03374 | 0.01446 | 0.01446 | 0.01446 | 0.01446 | 0.00620 | 0.00620 | 0.00620 | 0.00620 
211 (h=2; 1,2,1,1)            | 0.42857 | 0.18367 | 0.18367 | 0.07872 | 0.07872 | 0.07872 | 0.03374 | 0.03374 | 0.03374 | 0.03374 | 0.01446 | 0.01446 | 0.01446 | 0.01446 | 0.00620 | 0.00620 | 0.00620 | 0.00620 


--- Hybrid Probability Table for Node u = 293 ---
--- Metatorus Structure (n=4, k=3), Torus Probability (Denominator 2*n-1) ---

Incoming Neighbor b           | (1,1)   | (1,2)   | (2,2)   | (1,3)   | (2,3)   | (3,3)   | (1,4)   | (2,4)   | (3,4)   | (4,4)   | (1,5)   | (2,5)   | (3,5)   | (4,5)   | (1,6)   | (2,6)   | (3,6)   | (4,6)   
------------------------------+----------+----------+----------+----------+----------+----------+----------+----------+----------+----------+----------+----------+----------+----------+----------+----------+----------+----------
291 (h=3; 1,2,1,0)            | 0.42857 | 0.18367 | 0.18367 | 0.07872 | 0.07872 | 0.07872 | 0.03374 | 0.03374 | 0.03374 | 0.03374 | 0.01446 | 0.01446 | 0.01446 | 0.01446 | 0.00620 | 0.00620 | 0.00620 | 0.00620 
292 (h=3; 1,2,1,1)            | 0.42857 | 0.18367 | 0.18367 | 0.07872 | 0.07872 | 0.07872 | 0.03374 | 0.03374 | 0.03374 | 0.03374 | 0.01446 | 0.01446 | 0.01446 | 0.01446 | 0.00620 | 0.00620 | 0.00620 | 0.00620 
50 (h=0; 1,2,1,2)             | 0.42857 | 0.18367 | 0.18367 | 0.07872 | 0.07872 | 0.07872 | 0.03374 | 0.03374 | 0.03374 | 0.03374 | 0.01446 | 0.01446 | 0.01446 | 0.01446 | 0.00620 | 0.00620 | 0.00620 | 0.00620 
212 (h=2; 1,2,1,2)            | 0.42857 | 0.18367 | 0.18367 | 0.07872 | 0.07872 | 0.07872 | 0.03374 | 0.03374 | 0.03374 | 0.03374 | 0.01446 | 0.01446 | 0.01446 | 0.01446 | 0.00620 | 0.00620 | 0.00620 | 0.00620 


--- Hybrid Probability Table for Node u = 294 ---
--- Metatorus Structure (n=4, k=3), Torus Probability (Denominator 2*n-1) ---

Incoming Neighbor b           | (1,1)   | (1,2)   | (2,2)   | (1,3)   | (2,3)   | (3,3)   | (1,4)   | (2,4)   | (3,4)   | (4,4)   | (1,5)   | (2,5)   | (3,5)   | (4,5)   | (1,6)   | (2,6)   | (3,6)   | (4,6)   
------------------------------+----------+----------+----------+----------+----------+----------+----------+----------+----------+----------+----------+----------+----------+----------+----------+----------+----------+----------
295 (h=3; 1,2,2,1)            | 0.42857 | 0.18367 | 0.18367 | 0.07872 | 0.07872 | 0.07872 | 0.03374 | 0.03374 | 0.03374 | 0.03374 | 0.01446 | 0.01446 | 0.01446 | 0.01446 | 0.00620 | 0.00620 | 0.00620 | 0.00620 
296 (h=3; 1,2,2,2)            | 0.42857 | 0.18367 | 0.18367 | 0.07872 | 0.07872 | 0.07872 | 0.03374 | 0.03374 | 0.03374 | 0.03374 | 0.01446 | 0.01446 | 0.01446 | 0.01446 | 0.00620 | 0.00620 | 0.00620 | 0.00620 
51 (h=0; 1,2,2,0)             | 0.42857 | 0.18367 | 0.18367 | 0.07872 | 0.07872 | 0.07872 | 0.03374 | 0.03374 | 0.03374 | 0.03374 | 0.01446 | 0.01446 | 0.01446 | 0.01446 | 0.00620 | 0.00620 | 0.00620 | 0.00620 
213 (h=2; 1,2,2,0)            | 0.42857 | 0.18367 | 0.18367 | 0.07872 | 0.07872 | 0.07872 | 0.03374 | 0.03374 | 0.03374 | 0.03374 | 0.01446 | 0.01446 | 0.01446 | 0.01446 | 0.00620 | 0.00620 | 0.00620 | 0.00620 


--- Hybrid Probability Table for Node u = 295 ---
--- Metatorus Structure (n=4, k=3), Torus Probability (Denominator 2*n-1) ---

Incoming Neighbor b           | (1,1)   | (1,2)   | (2,2)   | (1,3)   | (2,3)   | (3,3)   | (1,4)   | (2,4)   | (3,4)   | (4,4)   | (1,5)   | (2,5)   | (3,5)   | (4,5)   | (1,6)   | (2,6)   | (3,6)   | (4,6)   
------------------------------+----------+----------+----------+----------+----------+----------+----------+----------+----------+----------+----------+----------+----------+----------+----------+----------+----------+----------
296 (h=3; 1,2,2,2)            | 0.42857 | 0.18367 | 0.18367 | 0.07872 | 0.07872 | 0.07872 | 0.03374 | 0.03374 | 0.03374 | 0.03374 | 0.01446 | 0.01446 | 0.01446 | 0.01446 | 0.00620 | 0.00620 | 0.00620 | 0.00620 
294 (h=3; 1,2,2,0)            | 0.42857 | 0.18367 | 0.18367 | 0.07872 | 0.07872 | 0.07872 | 0.03374 | 0.03374 | 0.03374 | 0.03374 | 0.01446 | 0.01446 | 0.01446 | 0.01446 | 0.00620 | 0.00620 | 0.00620 | 0.00620 
52 (h=0; 1,2,2,1)             | 0.42857 | 0.18367 | 0.18367 | 0.07872 | 0.07872 | 0.07872 | 0.03374 | 0.03374 | 0.03374 | 0.03374 | 0.01446 | 0.01446 | 0.01446 | 0.01446 | 0.00620 | 0.00620 | 0.00620 | 0.00620 
214 (h=2; 1,2,2,1)            | 0.42857 | 0.18367 | 0.18367 | 0.07872 | 0.07872 | 0.07872 | 0.03374 | 0.03374 | 0.03374 | 0.03374 | 0.01446 | 0.01446 | 0.01446 | 0.01446 | 0.00620 | 0.00620 | 0.00620 | 0.00620 


--- Hybrid Probability Table for Node u = 296 ---
--- Metatorus Structure (n=4, k=3), Torus Probability (Denominator 2*n-1) ---

Incoming Neighbor b           | (1,1)   | (1,2)   | (2,2)   | (1,3)   | (2,3)   | (3,3)   | (1,4)   | (2,4)   | (3,4)   | (4,4)   | (1,5)   | (2,5)   | (3,5)   | (4,5)   | (1,6)   | (2,6)   | (3,6)   | (4,6)   
------------------------------+----------+----------+----------+----------+----------+----------+----------+----------+----------+----------+----------+----------+----------+----------+----------+----------+----------+----------
294 (h=3; 1,2,2,0)            | 0.42857 | 0.18367 | 0.18367 | 0.07872 | 0.07872 | 0.07872 | 0.03374 | 0.03374 | 0.03374 | 0.03374 | 0.01446 | 0.01446 | 0.01446 | 0.01446 | 0.00620 | 0.00620 | 0.00620 | 0.00620 
295 (h=3; 1,2,2,1)            | 0.42857 | 0.18367 | 0.18367 | 0.07872 | 0.07872 | 0.07872 | 0.03374 | 0.03374 | 0.03374 | 0.03374 | 0.01446 | 0.01446 | 0.01446 | 0.01446 | 0.00620 | 0.00620 | 0.00620 | 0.00620 
53 (h=0; 1,2,2,2)             | 0.42857 | 0.18367 | 0.18367 | 0.07872 | 0.07872 | 0.07872 | 0.03374 | 0.03374 | 0.03374 | 0.03374 | 0.01446 | 0.01446 | 0.01446 | 0.01446 | 0.00620 | 0.00620 | 0.00620 | 0.00620 
215 (h=2; 1,2,2,2)            | 0.42857 | 0.18367 | 0.18367 | 0.07872 | 0.07872 | 0.07872 | 0.03374 | 0.03374 | 0.03374 | 0.03374 | 0.01446 | 0.01446 | 0.01446 | 0.01446 | 0.00620 | 0.00620 | 0.00620 | 0.00620 


--- Hybrid Probability Table for Node u = 297 ---
--- Metatorus Structure (n=4, k=3), Torus Probability (Denominator 2*n-1) ---

Incoming Neighbor b           | (1,1)   | (1,2)   | (2,2)   | (1,3)   | (2,3)   | (3,3)   | (1,4)   | (2,4)   | (3,4)   | (4,4)   | (1,5)   | (2,5)   | (3,5)   | (4,5)   | (1,6)   | (2,6)   | (3,6)   | (4,6)   
------------------------------+----------+----------+----------+----------+----------+----------+----------+----------+----------+----------+----------+----------+----------+----------+----------+----------+----------+----------
298 (h=3; 2,0,0,1)            | 0.42857 | 0.18367 | 0.18367 | 0.07872 | 0.07872 | 0.07872 | 0.03374 | 0.03374 | 0.03374 | 0.03374 | 0.01446 | 0.01446 | 0.01446 | 0.01446 | 0.00620 | 0.00620 | 0.00620 | 0.00620 
299 (h=3; 2,0,0,2)            | 0.42857 | 0.18367 | 0.18367 | 0.07872 | 0.07872 | 0.07872 | 0.03374 | 0.03374 | 0.03374 | 0.03374 | 0.01446 | 0.01446 | 0.01446 | 0.01446 | 0.00620 | 0.00620 | 0.00620 | 0.00620 
54 (h=0; 2,0,0,0)             | 0.42857 | 0.18367 | 0.18367 | 0.07872 | 0.07872 | 0.07872 | 0.03374 | 0.03374 | 0.03374 | 0.03374 | 0.01446 | 0.01446 | 0.01446 | 0.01446 | 0.00620 | 0.00620 | 0.00620 | 0.00620 
216 (h=2; 2,0,0,0)            | 0.42857 | 0.18367 | 0.18367 | 0.07872 | 0.07872 | 0.07872 | 0.03374 | 0.03374 | 0.03374 | 0.03374 | 0.01446 | 0.01446 | 0.01446 | 0.01446 | 0.00620 | 0.00620 | 0.00620 | 0.00620 


--- Hybrid Probability Table for Node u = 298 ---
--- Metatorus Structure (n=4, k=3), Torus Probability (Denominator 2*n-1) ---

Incoming Neighbor b           | (1,1)   | (1,2)   | (2,2)   | (1,3)   | (2,3)   | (3,3)   | (1,4)   | (2,4)   | (3,4)   | (4,4)   | (1,5)   | (2,5)   | (3,5)   | (4,5)   | (1,6)   | (2,6)   | (3,6)   | (4,6)   
------------------------------+----------+----------+----------+----------+----------+----------+----------+----------+----------+----------+----------+----------+----------+----------+----------+----------+----------+----------
299 (h=3; 2,0,0,2)            | 0.42857 | 0.18367 | 0.18367 | 0.07872 | 0.07872 | 0.07872 | 0.03374 | 0.03374 | 0.03374 | 0.03374 | 0.01446 | 0.01446 | 0.01446 | 0.01446 | 0.00620 | 0.00620 | 0.00620 | 0.00620 
297 (h=3; 2,0,0,0)            | 0.42857 | 0.18367 | 0.18367 | 0.07872 | 0.07872 | 0.07872 | 0.03374 | 0.03374 | 0.03374 | 0.03374 | 0.01446 | 0.01446 | 0.01446 | 0.01446 | 0.00620 | 0.00620 | 0.00620 | 0.00620 
55 (h=0; 2,0,0,1)             | 0.42857 | 0.18367 | 0.18367 | 0.07872 | 0.07872 | 0.07872 | 0.03374 | 0.03374 | 0.03374 | 0.03374 | 0.01446 | 0.01446 | 0.01446 | 0.01446 | 0.00620 | 0.00620 | 0.00620 | 0.00620 
217 (h=2; 2,0,0,1)            | 0.42857 | 0.18367 | 0.18367 | 0.07872 | 0.07872 | 0.07872 | 0.03374 | 0.03374 | 0.03374 | 0.03374 | 0.01446 | 0.01446 | 0.01446 | 0.01446 | 0.00620 | 0.00620 | 0.00620 | 0.00620 


--- Hybrid Probability Table for Node u = 299 ---
--- Metatorus Structure (n=4, k=3), Torus Probability (Denominator 2*n-1) ---

Incoming Neighbor b           | (1,1)   | (1,2)   | (2,2)   | (1,3)   | (2,3)   | (3,3)   | (1,4)   | (2,4)   | (3,4)   | (4,4)   | (1,5)   | (2,5)   | (3,5)   | (4,5)   | (1,6)   | (2,6)   | (3,6)   | (4,6)   
------------------------------+----------+----------+----------+----------+----------+----------+----------+----------+----------+----------+----------+----------+----------+----------+----------+----------+----------+----------
297 (h=3; 2,0,0,0)            | 0.42857 | 0.18367 | 0.18367 | 0.07872 | 0.07872 | 0.07872 | 0.03374 | 0.03374 | 0.03374 | 0.03374 | 0.01446 | 0.01446 | 0.01446 | 0.01446 | 0.00620 | 0.00620 | 0.00620 | 0.00620 
298 (h=3; 2,0,0,1)            | 0.42857 | 0.18367 | 0.18367 | 0.07872 | 0.07872 | 0.07872 | 0.03374 | 0.03374 | 0.03374 | 0.03374 | 0.01446 | 0.01446 | 0.01446 | 0.01446 | 0.00620 | 0.00620 | 0.00620 | 0.00620 
56 (h=0; 2,0,0,2)             | 0.42857 | 0.18367 | 0.18367 | 0.07872 | 0.07872 | 0.07872 | 0.03374 | 0.03374 | 0.03374 | 0.03374 | 0.01446 | 0.01446 | 0.01446 | 0.01446 | 0.00620 | 0.00620 | 0.00620 | 0.00620 
218 (h=2; 2,0,0,2)            | 0.42857 | 0.18367 | 0.18367 | 0.07872 | 0.07872 | 0.07872 | 0.03374 | 0.03374 | 0.03374 | 0.03374 | 0.01446 | 0.01446 | 0.01446 | 0.01446 | 0.00620 | 0.00620 | 0.00620 | 0.00620 


--- Hybrid Probability Table for Node u = 300 ---
--- Metatorus Structure (n=4, k=3), Torus Probability (Denominator 2*n-1) ---

Incoming Neighbor b           | (1,1)   | (1,2)   | (2,2)   | (1,3)   | (2,3)   | (3,3)   | (1,4)   | (2,4)   | (3,4)   | (4,4)   | (1,5)   | (2,5)   | (3,5)   | (4,5)   | (1,6)   | (2,6)   | (3,6)   | (4,6)   
------------------------------+----------+----------+----------+----------+----------+----------+----------+----------+----------+----------+----------+----------+----------+----------+----------+----------+----------+----------
301 (h=3; 2,0,1,1)            | 0.42857 | 0.18367 | 0.18367 | 0.07872 | 0.07872 | 0.07872 | 0.03374 | 0.03374 | 0.03374 | 0.03374 | 0.01446 | 0.01446 | 0.01446 | 0.01446 | 0.00620 | 0.00620 | 0.00620 | 0.00620 
302 (h=3; 2,0,1,2)            | 0.42857 | 0.18367 | 0.18367 | 0.07872 | 0.07872 | 0.07872 | 0.03374 | 0.03374 | 0.03374 | 0.03374 | 0.01446 | 0.01446 | 0.01446 | 0.01446 | 0.00620 | 0.00620 | 0.00620 | 0.00620 
57 (h=0; 2,0,1,0)             | 0.42857 | 0.18367 | 0.18367 | 0.07872 | 0.07872 | 0.07872 | 0.03374 | 0.03374 | 0.03374 | 0.03374 | 0.01446 | 0.01446 | 0.01446 | 0.01446 | 0.00620 | 0.00620 | 0.00620 | 0.00620 
219 (h=2; 2,0,1,0)            | 0.42857 | 0.18367 | 0.18367 | 0.07872 | 0.07872 | 0.07872 | 0.03374 | 0.03374 | 0.03374 | 0.03374 | 0.01446 | 0.01446 | 0.01446 | 0.01446 | 0.00620 | 0.00620 | 0.00620 | 0.00620 


--- Hybrid Probability Table for Node u = 301 ---
--- Metatorus Structure (n=4, k=3), Torus Probability (Denominator 2*n-1) ---

Incoming Neighbor b           | (1,1)   | (1,2)   | (2,2)   | (1,3)   | (2,3)   | (3,3)   | (1,4)   | (2,4)   | (3,4)   | (4,4)   | (1,5)   | (2,5)   | (3,5)   | (4,5)   | (1,6)   | (2,6)   | (3,6)   | (4,6)   
------------------------------+----------+----------+----------+----------+----------+----------+----------+----------+----------+----------+----------+----------+----------+----------+----------+----------+----------+----------
302 (h=3; 2,0,1,2)            | 0.42857 | 0.18367 | 0.18367 | 0.07872 | 0.07872 | 0.07872 | 0.03374 | 0.03374 | 0.03374 | 0.03374 | 0.01446 | 0.01446 | 0.01446 | 0.01446 | 0.00620 | 0.00620 | 0.00620 | 0.00620 
300 (h=3; 2,0,1,0)            | 0.42857 | 0.18367 | 0.18367 | 0.07872 | 0.07872 | 0.07872 | 0.03374 | 0.03374 | 0.03374 | 0.03374 | 0.01446 | 0.01446 | 0.01446 | 0.01446 | 0.00620 | 0.00620 | 0.00620 | 0.00620 
58 (h=0; 2,0,1,1)             | 0.42857 | 0.18367 | 0.18367 | 0.07872 | 0.07872 | 0.07872 | 0.03374 | 0.03374 | 0.03374 | 0.03374 | 0.01446 | 0.01446 | 0.01446 | 0.01446 | 0.00620 | 0.00620 | 0.00620 | 0.00620 
220 (h=2; 2,0,1,1)            | 0.42857 | 0.18367 | 0.18367 | 0.07872 | 0.07872 | 0.07872 | 0.03374 | 0.03374 | 0.03374 | 0.03374 | 0.01446 | 0.01446 | 0.01446 | 0.01446 | 0.00620 | 0.00620 | 0.00620 | 0.00620 


--- Hybrid Probability Table for Node u = 302 ---
--- Metatorus Structure (n=4, k=3), Torus Probability (Denominator 2*n-1) ---

Incoming Neighbor b           | (1,1)   | (1,2)   | (2,2)   | (1,3)   | (2,3)   | (3,3)   | (1,4)   | (2,4)   | (3,4)   | (4,4)   | (1,5)   | (2,5)   | (3,5)   | (4,5)   | (1,6)   | (2,6)   | (3,6)   | (4,6)   
------------------------------+----------+----------+----------+----------+----------+----------+----------+----------+----------+----------+----------+----------+----------+----------+----------+----------+----------+----------
300 (h=3; 2,0,1,0)            | 0.42857 | 0.18367 | 0.18367 | 0.07872 | 0.07872 | 0.07872 | 0.03374 | 0.03374 | 0.03374 | 0.03374 | 0.01446 | 0.01446 | 0.01446 | 0.01446 | 0.00620 | 0.00620 | 0.00620 | 0.00620 
301 (h=3; 2,0,1,1)            | 0.42857 | 0.18367 | 0.18367 | 0.07872 | 0.07872 | 0.07872 | 0.03374 | 0.03374 | 0.03374 | 0.03374 | 0.01446 | 0.01446 | 0.01446 | 0.01446 | 0.00620 | 0.00620 | 0.00620 | 0.00620 
59 (h=0; 2,0,1,2)             | 0.42857 | 0.18367 | 0.18367 | 0.07872 | 0.07872 | 0.07872 | 0.03374 | 0.03374 | 0.03374 | 0.03374 | 0.01446 | 0.01446 | 0.01446 | 0.01446 | 0.00620 | 0.00620 | 0.00620 | 0.00620 
221 (h=2; 2,0,1,2)            | 0.42857 | 0.18367 | 0.18367 | 0.07872 | 0.07872 | 0.07872 | 0.03374 | 0.03374 | 0.03374 | 0.03374 | 0.01446 | 0.01446 | 0.01446 | 0.01446 | 0.00620 | 0.00620 | 0.00620 | 0.00620 


--- Hybrid Probability Table for Node u = 303 ---
--- Metatorus Structure (n=4, k=3), Torus Probability (Denominator 2*n-1) ---

Incoming Neighbor b           | (1,1)   | (1,2)   | (2,2)   | (1,3)   | (2,3)   | (3,3)   | (1,4)   | (2,4)   | (3,4)   | (4,4)   | (1,5)   | (2,5)   | (3,5)   | (4,5)   | (1,6)   | (2,6)   | (3,6)   | (4,6)   
------------------------------+----------+----------+----------+----------+----------+----------+----------+----------+----------+----------+----------+----------+----------+----------+----------+----------+----------+----------
304 (h=3; 2,0,2,1)            | 0.42857 | 0.18367 | 0.18367 | 0.07872 | 0.07872 | 0.07872 | 0.03374 | 0.03374 | 0.03374 | 0.03374 | 0.01446 | 0.01446 | 0.01446 | 0.01446 | 0.00620 | 0.00620 | 0.00620 | 0.00620 
305 (h=3; 2,0,2,2)            | 0.42857 | 0.18367 | 0.18367 | 0.07872 | 0.07872 | 0.07872 | 0.03374 | 0.03374 | 0.03374 | 0.03374 | 0.01446 | 0.01446 | 0.01446 | 0.01446 | 0.00620 | 0.00620 | 0.00620 | 0.00620 
60 (h=0; 2,0,2,0)             | 0.42857 | 0.18367 | 0.18367 | 0.07872 | 0.07872 | 0.07872 | 0.03374 | 0.03374 | 0.03374 | 0.03374 | 0.01446 | 0.01446 | 0.01446 | 0.01446 | 0.00620 | 0.00620 | 0.00620 | 0.00620 
222 (h=2; 2,0,2,0)            | 0.42857 | 0.18367 | 0.18367 | 0.07872 | 0.07872 | 0.07872 | 0.03374 | 0.03374 | 0.03374 | 0.03374 | 0.01446 | 0.01446 | 0.01446 | 0.01446 | 0.00620 | 0.00620 | 0.00620 | 0.00620 


--- Hybrid Probability Table for Node u = 304 ---
--- Metatorus Structure (n=4, k=3), Torus Probability (Denominator 2*n-1) ---

Incoming Neighbor b           | (1,1)   | (1,2)   | (2,2)   | (1,3)   | (2,3)   | (3,3)   | (1,4)   | (2,4)   | (3,4)   | (4,4)   | (1,5)   | (2,5)   | (3,5)   | (4,5)   | (1,6)   | (2,6)   | (3,6)   | (4,6)   
------------------------------+----------+----------+----------+----------+----------+----------+----------+----------+----------+----------+----------+----------+----------+----------+----------+----------+----------+----------
305 (h=3; 2,0,2,2)            | 0.42857 | 0.18367 | 0.18367 | 0.07872 | 0.07872 | 0.07872 | 0.03374 | 0.03374 | 0.03374 | 0.03374 | 0.01446 | 0.01446 | 0.01446 | 0.01446 | 0.00620 | 0.00620 | 0.00620 | 0.00620 
303 (h=3; 2,0,2,0)            | 0.42857 | 0.18367 | 0.18367 | 0.07872 | 0.07872 | 0.07872 | 0.03374 | 0.03374 | 0.03374 | 0.03374 | 0.01446 | 0.01446 | 0.01446 | 0.01446 | 0.00620 | 0.00620 | 0.00620 | 0.00620 
61 (h=0; 2,0,2,1)             | 0.42857 | 0.18367 | 0.18367 | 0.07872 | 0.07872 | 0.07872 | 0.03374 | 0.03374 | 0.03374 | 0.03374 | 0.01446 | 0.01446 | 0.01446 | 0.01446 | 0.00620 | 0.00620 | 0.00620 | 0.00620 
223 (h=2; 2,0,2,1)            | 0.42857 | 0.18367 | 0.18367 | 0.07872 | 0.07872 | 0.07872 | 0.03374 | 0.03374 | 0.03374 | 0.03374 | 0.01446 | 0.01446 | 0.01446 | 0.01446 | 0.00620 | 0.00620 | 0.00620 | 0.00620 


--- Hybrid Probability Table for Node u = 305 ---
--- Metatorus Structure (n=4, k=3), Torus Probability (Denominator 2*n-1) ---

Incoming Neighbor b           | (1,1)   | (1,2)   | (2,2)   | (1,3)   | (2,3)   | (3,3)   | (1,4)   | (2,4)   | (3,4)   | (4,4)   | (1,5)   | (2,5)   | (3,5)   | (4,5)   | (1,6)   | (2,6)   | (3,6)   | (4,6)   
------------------------------+----------+----------+----------+----------+----------+----------+----------+----------+----------+----------+----------+----------+----------+----------+----------+----------+----------+----------
303 (h=3; 2,0,2,0)            | 0.42857 | 0.18367 | 0.18367 | 0.07872 | 0.07872 | 0.07872 | 0.03374 | 0.03374 | 0.03374 | 0.03374 | 0.01446 | 0.01446 | 0.01446 | 0.01446 | 0.00620 | 0.00620 | 0.00620 | 0.00620 
304 (h=3; 2,0,2,1)            | 0.42857 | 0.18367 | 0.18367 | 0.07872 | 0.07872 | 0.07872 | 0.03374 | 0.03374 | 0.03374 | 0.03374 | 0.01446 | 0.01446 | 0.01446 | 0.01446 | 0.00620 | 0.00620 | 0.00620 | 0.00620 
62 (h=0; 2,0,2,2)             | 0.42857 | 0.18367 | 0.18367 | 0.07872 | 0.07872 | 0.07872 | 0.03374 | 0.03374 | 0.03374 | 0.03374 | 0.01446 | 0.01446 | 0.01446 | 0.01446 | 0.00620 | 0.00620 | 0.00620 | 0.00620 
224 (h=2; 2,0,2,2)            | 0.42857 | 0.18367 | 0.18367 | 0.07872 | 0.07872 | 0.07872 | 0.03374 | 0.03374 | 0.03374 | 0.03374 | 0.01446 | 0.01446 | 0.01446 | 0.01446 | 0.00620 | 0.00620 | 0.00620 | 0.00620 


--- Hybrid Probability Table for Node u = 306 ---
--- Metatorus Structure (n=4, k=3), Torus Probability (Denominator 2*n-1) ---

Incoming Neighbor b           | (1,1)   | (1,2)   | (2,2)   | (1,3)   | (2,3)   | (3,3)   | (1,4)   | (2,4)   | (3,4)   | (4,4)   | (1,5)   | (2,5)   | (3,5)   | (4,5)   | (1,6)   | (2,6)   | (3,6)   | (4,6)   
------------------------------+----------+----------+----------+----------+----------+----------+----------+----------+----------+----------+----------+----------+----------+----------+----------+----------+----------+----------
307 (h=3; 2,1,0,1)            | 0.42857 | 0.18367 | 0.18367 | 0.07872 | 0.07872 | 0.07872 | 0.03374 | 0.03374 | 0.03374 | 0.03374 | 0.01446 | 0.01446 | 0.01446 | 0.01446 | 0.00620 | 0.00620 | 0.00620 | 0.00620 
308 (h=3; 2,1,0,2)            | 0.42857 | 0.18367 | 0.18367 | 0.07872 | 0.07872 | 0.07872 | 0.03374 | 0.03374 | 0.03374 | 0.03374 | 0.01446 | 0.01446 | 0.01446 | 0.01446 | 0.00620 | 0.00620 | 0.00620 | 0.00620 
63 (h=0; 2,1,0,0)             | 0.42857 | 0.18367 | 0.18367 | 0.07872 | 0.07872 | 0.07872 | 0.03374 | 0.03374 | 0.03374 | 0.03374 | 0.01446 | 0.01446 | 0.01446 | 0.01446 | 0.00620 | 0.00620 | 0.00620 | 0.00620 
225 (h=2; 2,1,0,0)            | 0.42857 | 0.18367 | 0.18367 | 0.07872 | 0.07872 | 0.07872 | 0.03374 | 0.03374 | 0.03374 | 0.03374 | 0.01446 | 0.01446 | 0.01446 | 0.01446 | 0.00620 | 0.00620 | 0.00620 | 0.00620 


--- Hybrid Probability Table for Node u = 307 ---
--- Metatorus Structure (n=4, k=3), Torus Probability (Denominator 2*n-1) ---

Incoming Neighbor b           | (1,1)   | (1,2)   | (2,2)   | (1,3)   | (2,3)   | (3,3)   | (1,4)   | (2,4)   | (3,4)   | (4,4)   | (1,5)   | (2,5)   | (3,5)   | (4,5)   | (1,6)   | (2,6)   | (3,6)   | (4,6)   
------------------------------+----------+----------+----------+----------+----------+----------+----------+----------+----------+----------+----------+----------+----------+----------+----------+----------+----------+----------
308 (h=3; 2,1,0,2)            | 0.42857 | 0.18367 | 0.18367 | 0.07872 | 0.07872 | 0.07872 | 0.03374 | 0.03374 | 0.03374 | 0.03374 | 0.01446 | 0.01446 | 0.01446 | 0.01446 | 0.00620 | 0.00620 | 0.00620 | 0.00620 
306 (h=3; 2,1,0,0)            | 0.42857 | 0.18367 | 0.18367 | 0.07872 | 0.07872 | 0.07872 | 0.03374 | 0.03374 | 0.03374 | 0.03374 | 0.01446 | 0.01446 | 0.01446 | 0.01446 | 0.00620 | 0.00620 | 0.00620 | 0.00620 
64 (h=0; 2,1,0,1)             | 0.42857 | 0.18367 | 0.18367 | 0.07872 | 0.07872 | 0.07872 | 0.03374 | 0.03374 | 0.03374 | 0.03374 | 0.01446 | 0.01446 | 0.01446 | 0.01446 | 0.00620 | 0.00620 | 0.00620 | 0.00620 
226 (h=2; 2,1,0,1)            | 0.42857 | 0.18367 | 0.18367 | 0.07872 | 0.07872 | 0.07872 | 0.03374 | 0.03374 | 0.03374 | 0.03374 | 0.01446 | 0.01446 | 0.01446 | 0.01446 | 0.00620 | 0.00620 | 0.00620 | 0.00620 


--- Hybrid Probability Table for Node u = 308 ---
--- Metatorus Structure (n=4, k=3), Torus Probability (Denominator 2*n-1) ---

Incoming Neighbor b           | (1,1)   | (1,2)   | (2,2)   | (1,3)   | (2,3)   | (3,3)   | (1,4)   | (2,4)   | (3,4)   | (4,4)   | (1,5)   | (2,5)   | (3,5)   | (4,5)   | (1,6)   | (2,6)   | (3,6)   | (4,6)   
------------------------------+----------+----------+----------+----------+----------+----------+----------+----------+----------+----------+----------+----------+----------+----------+----------+----------+----------+----------
306 (h=3; 2,1,0,0)            | 0.42857 | 0.18367 | 0.18367 | 0.07872 | 0.07872 | 0.07872 | 0.03374 | 0.03374 | 0.03374 | 0.03374 | 0.01446 | 0.01446 | 0.01446 | 0.01446 | 0.00620 | 0.00620 | 0.00620 | 0.00620 
307 (h=3; 2,1,0,1)            | 0.42857 | 0.18367 | 0.18367 | 0.07872 | 0.07872 | 0.07872 | 0.03374 | 0.03374 | 0.03374 | 0.03374 | 0.01446 | 0.01446 | 0.01446 | 0.01446 | 0.00620 | 0.00620 | 0.00620 | 0.00620 
65 (h=0; 2,1,0,2)             | 0.42857 | 0.18367 | 0.18367 | 0.07872 | 0.07872 | 0.07872 | 0.03374 | 0.03374 | 0.03374 | 0.03374 | 0.01446 | 0.01446 | 0.01446 | 0.01446 | 0.00620 | 0.00620 | 0.00620 | 0.00620 
227 (h=2; 2,1,0,2)            | 0.42857 | 0.18367 | 0.18367 | 0.07872 | 0.07872 | 0.07872 | 0.03374 | 0.03374 | 0.03374 | 0.03374 | 0.01446 | 0.01446 | 0.01446 | 0.01446 | 0.00620 | 0.00620 | 0.00620 | 0.00620 


--- Hybrid Probability Table for Node u = 309 ---
--- Metatorus Structure (n=4, k=3), Torus Probability (Denominator 2*n-1) ---

Incoming Neighbor b           | (1,1)   | (1,2)   | (2,2)   | (1,3)   | (2,3)   | (3,3)   | (1,4)   | (2,4)   | (3,4)   | (4,4)   | (1,5)   | (2,5)   | (3,5)   | (4,5)   | (1,6)   | (2,6)   | (3,6)   | (4,6)   
------------------------------+----------+----------+----------+----------+----------+----------+----------+----------+----------+----------+----------+----------+----------+----------+----------+----------+----------+----------
310 (h=3; 2,1,1,1)            | 0.42857 | 0.18367 | 0.18367 | 0.07872 | 0.07872 | 0.07872 | 0.03374 | 0.03374 | 0.03374 | 0.03374 | 0.01446 | 0.01446 | 0.01446 | 0.01446 | 0.00620 | 0.00620 | 0.00620 | 0.00620 
311 (h=3; 2,1,1,2)            | 0.42857 | 0.18367 | 0.18367 | 0.07872 | 0.07872 | 0.07872 | 0.03374 | 0.03374 | 0.03374 | 0.03374 | 0.01446 | 0.01446 | 0.01446 | 0.01446 | 0.00620 | 0.00620 | 0.00620 | 0.00620 
66 (h=0; 2,1,1,0)             | 0.42857 | 0.18367 | 0.18367 | 0.07872 | 0.07872 | 0.07872 | 0.03374 | 0.03374 | 0.03374 | 0.03374 | 0.01446 | 0.01446 | 0.01446 | 0.01446 | 0.00620 | 0.00620 | 0.00620 | 0.00620 
228 (h=2; 2,1,1,0)            | 0.42857 | 0.18367 | 0.18367 | 0.07872 | 0.07872 | 0.07872 | 0.03374 | 0.03374 | 0.03374 | 0.03374 | 0.01446 | 0.01446 | 0.01446 | 0.01446 | 0.00620 | 0.00620 | 0.00620 | 0.00620 


--- Hybrid Probability Table for Node u = 310 ---
--- Metatorus Structure (n=4, k=3), Torus Probability (Denominator 2*n-1) ---

Incoming Neighbor b           | (1,1)   | (1,2)   | (2,2)   | (1,3)   | (2,3)   | (3,3)   | (1,4)   | (2,4)   | (3,4)   | (4,4)   | (1,5)   | (2,5)   | (3,5)   | (4,5)   | (1,6)   | (2,6)   | (3,6)   | (4,6)   
------------------------------+----------+----------+----------+----------+----------+----------+----------+----------+----------+----------+----------+----------+----------+----------+----------+----------+----------+----------
311 (h=3; 2,1,1,2)            | 0.42857 | 0.18367 | 0.18367 | 0.07872 | 0.07872 | 0.07872 | 0.03374 | 0.03374 | 0.03374 | 0.03374 | 0.01446 | 0.01446 | 0.01446 | 0.01446 | 0.00620 | 0.00620 | 0.00620 | 0.00620 
309 (h=3; 2,1,1,0)            | 0.42857 | 0.18367 | 0.18367 | 0.07872 | 0.07872 | 0.07872 | 0.03374 | 0.03374 | 0.03374 | 0.03374 | 0.01446 | 0.01446 | 0.01446 | 0.01446 | 0.00620 | 0.00620 | 0.00620 | 0.00620 
67 (h=0; 2,1,1,1)             | 0.42857 | 0.18367 | 0.18367 | 0.07872 | 0.07872 | 0.07872 | 0.03374 | 0.03374 | 0.03374 | 0.03374 | 0.01446 | 0.01446 | 0.01446 | 0.01446 | 0.00620 | 0.00620 | 0.00620 | 0.00620 
229 (h=2; 2,1,1,1)            | 0.42857 | 0.18367 | 0.18367 | 0.07872 | 0.07872 | 0.07872 | 0.03374 | 0.03374 | 0.03374 | 0.03374 | 0.01446 | 0.01446 | 0.01446 | 0.01446 | 0.00620 | 0.00620 | 0.00620 | 0.00620 


--- Hybrid Probability Table for Node u = 311 ---
--- Metatorus Structure (n=4, k=3), Torus Probability (Denominator 2*n-1) ---

Incoming Neighbor b           | (1,1)   | (1,2)   | (2,2)   | (1,3)   | (2,3)   | (3,3)   | (1,4)   | (2,4)   | (3,4)   | (4,4)   | (1,5)   | (2,5)   | (3,5)   | (4,5)   | (1,6)   | (2,6)   | (3,6)   | (4,6)   
------------------------------+----------+----------+----------+----------+----------+----------+----------+----------+----------+----------+----------+----------+----------+----------+----------+----------+----------+----------
309 (h=3; 2,1,1,0)            | 0.42857 | 0.18367 | 0.18367 | 0.07872 | 0.07872 | 0.07872 | 0.03374 | 0.03374 | 0.03374 | 0.03374 | 0.01446 | 0.01446 | 0.01446 | 0.01446 | 0.00620 | 0.00620 | 0.00620 | 0.00620 
310 (h=3; 2,1,1,1)            | 0.42857 | 0.18367 | 0.18367 | 0.07872 | 0.07872 | 0.07872 | 0.03374 | 0.03374 | 0.03374 | 0.03374 | 0.01446 | 0.01446 | 0.01446 | 0.01446 | 0.00620 | 0.00620 | 0.00620 | 0.00620 
68 (h=0; 2,1,1,2)             | 0.42857 | 0.18367 | 0.18367 | 0.07872 | 0.07872 | 0.07872 | 0.03374 | 0.03374 | 0.03374 | 0.03374 | 0.01446 | 0.01446 | 0.01446 | 0.01446 | 0.00620 | 0.00620 | 0.00620 | 0.00620 
230 (h=2; 2,1,1,2)            | 0.42857 | 0.18367 | 0.18367 | 0.07872 | 0.07872 | 0.07872 | 0.03374 | 0.03374 | 0.03374 | 0.03374 | 0.01446 | 0.01446 | 0.01446 | 0.01446 | 0.00620 | 0.00620 | 0.00620 | 0.00620 


--- Hybrid Probability Table for Node u = 312 ---
--- Metatorus Structure (n=4, k=3), Torus Probability (Denominator 2*n-1) ---

Incoming Neighbor b           | (1,1)   | (1,2)   | (2,2)   | (1,3)   | (2,3)   | (3,3)   | (1,4)   | (2,4)   | (3,4)   | (4,4)   | (1,5)   | (2,5)   | (3,5)   | (4,5)   | (1,6)   | (2,6)   | (3,6)   | (4,6)   
------------------------------+----------+----------+----------+----------+----------+----------+----------+----------+----------+----------+----------+----------+----------+----------+----------+----------+----------+----------
313 (h=3; 2,1,2,1)            | 0.42857 | 0.18367 | 0.18367 | 0.07872 | 0.07872 | 0.07872 | 0.03374 | 0.03374 | 0.03374 | 0.03374 | 0.01446 | 0.01446 | 0.01446 | 0.01446 | 0.00620 | 0.00620 | 0.00620 | 0.00620 
314 (h=3; 2,1,2,2)            | 0.42857 | 0.18367 | 0.18367 | 0.07872 | 0.07872 | 0.07872 | 0.03374 | 0.03374 | 0.03374 | 0.03374 | 0.01446 | 0.01446 | 0.01446 | 0.01446 | 0.00620 | 0.00620 | 0.00620 | 0.00620 
69 (h=0; 2,1,2,0)             | 0.42857 | 0.18367 | 0.18367 | 0.07872 | 0.07872 | 0.07872 | 0.03374 | 0.03374 | 0.03374 | 0.03374 | 0.01446 | 0.01446 | 0.01446 | 0.01446 | 0.00620 | 0.00620 | 0.00620 | 0.00620 
231 (h=2; 2,1,2,0)            | 0.42857 | 0.18367 | 0.18367 | 0.07872 | 0.07872 | 0.07872 | 0.03374 | 0.03374 | 0.03374 | 0.03374 | 0.01446 | 0.01446 | 0.01446 | 0.01446 | 0.00620 | 0.00620 | 0.00620 | 0.00620 


--- Hybrid Probability Table for Node u = 313 ---
--- Metatorus Structure (n=4, k=3), Torus Probability (Denominator 2*n-1) ---

Incoming Neighbor b           | (1,1)   | (1,2)   | (2,2)   | (1,3)   | (2,3)   | (3,3)   | (1,4)   | (2,4)   | (3,4)   | (4,4)   | (1,5)   | (2,5)   | (3,5)   | (4,5)   | (1,6)   | (2,6)   | (3,6)   | (4,6)   
------------------------------+----------+----------+----------+----------+----------+----------+----------+----------+----------+----------+----------+----------+----------+----------+----------+----------+----------+----------
314 (h=3; 2,1,2,2)            | 0.42857 | 0.18367 | 0.18367 | 0.07872 | 0.07872 | 0.07872 | 0.03374 | 0.03374 | 0.03374 | 0.03374 | 0.01446 | 0.01446 | 0.01446 | 0.01446 | 0.00620 | 0.00620 | 0.00620 | 0.00620 
312 (h=3; 2,1,2,0)            | 0.42857 | 0.18367 | 0.18367 | 0.07872 | 0.07872 | 0.07872 | 0.03374 | 0.03374 | 0.03374 | 0.03374 | 0.01446 | 0.01446 | 0.01446 | 0.01446 | 0.00620 | 0.00620 | 0.00620 | 0.00620 
70 (h=0; 2,1,2,1)             | 0.42857 | 0.18367 | 0.18367 | 0.07872 | 0.07872 | 0.07872 | 0.03374 | 0.03374 | 0.03374 | 0.03374 | 0.01446 | 0.01446 | 0.01446 | 0.01446 | 0.00620 | 0.00620 | 0.00620 | 0.00620 
232 (h=2; 2,1,2,1)            | 0.42857 | 0.18367 | 0.18367 | 0.07872 | 0.07872 | 0.07872 | 0.03374 | 0.03374 | 0.03374 | 0.03374 | 0.01446 | 0.01446 | 0.01446 | 0.01446 | 0.00620 | 0.00620 | 0.00620 | 0.00620 


--- Hybrid Probability Table for Node u = 314 ---
--- Metatorus Structure (n=4, k=3), Torus Probability (Denominator 2*n-1) ---

Incoming Neighbor b           | (1,1)   | (1,2)   | (2,2)   | (1,3)   | (2,3)   | (3,3)   | (1,4)   | (2,4)   | (3,4)   | (4,4)   | (1,5)   | (2,5)   | (3,5)   | (4,5)   | (1,6)   | (2,6)   | (3,6)   | (4,6)   
------------------------------+----------+----------+----------+----------+----------+----------+----------+----------+----------+----------+----------+----------+----------+----------+----------+----------+----------+----------
312 (h=3; 2,1,2,0)            | 0.42857 | 0.18367 | 0.18367 | 0.07872 | 0.07872 | 0.07872 | 0.03374 | 0.03374 | 0.03374 | 0.03374 | 0.01446 | 0.01446 | 0.01446 | 0.01446 | 0.00620 | 0.00620 | 0.00620 | 0.00620 
313 (h=3; 2,1,2,1)            | 0.42857 | 0.18367 | 0.18367 | 0.07872 | 0.07872 | 0.07872 | 0.03374 | 0.03374 | 0.03374 | 0.03374 | 0.01446 | 0.01446 | 0.01446 | 0.01446 | 0.00620 | 0.00620 | 0.00620 | 0.00620 
71 (h=0; 2,1,2,2)             | 0.42857 | 0.18367 | 0.18367 | 0.07872 | 0.07872 | 0.07872 | 0.03374 | 0.03374 | 0.03374 | 0.03374 | 0.01446 | 0.01446 | 0.01446 | 0.01446 | 0.00620 | 0.00620 | 0.00620 | 0.00620 
233 (h=2; 2,1,2,2)            | 0.42857 | 0.18367 | 0.18367 | 0.07872 | 0.07872 | 0.07872 | 0.03374 | 0.03374 | 0.03374 | 0.03374 | 0.01446 | 0.01446 | 0.01446 | 0.01446 | 0.00620 | 0.00620 | 0.00620 | 0.00620 


--- Hybrid Probability Table for Node u = 315 ---
--- Metatorus Structure (n=4, k=3), Torus Probability (Denominator 2*n-1) ---

Incoming Neighbor b           | (1,1)   | (1,2)   | (2,2)   | (1,3)   | (2,3)   | (3,3)   | (1,4)   | (2,4)   | (3,4)   | (4,4)   | (1,5)   | (2,5)   | (3,5)   | (4,5)   | (1,6)   | (2,6)   | (3,6)   | (4,6)   
------------------------------+----------+----------+----------+----------+----------+----------+----------+----------+----------+----------+----------+----------+----------+----------+----------+----------+----------+----------
316 (h=3; 2,2,0,1)            | 0.42857 | 0.18367 | 0.18367 | 0.07872 | 0.07872 | 0.07872 | 0.03374 | 0.03374 | 0.03374 | 0.03374 | 0.01446 | 0.01446 | 0.01446 | 0.01446 | 0.00620 | 0.00620 | 0.00620 | 0.00620 
317 (h=3; 2,2,0,2)            | 0.42857 | 0.18367 | 0.18367 | 0.07872 | 0.07872 | 0.07872 | 0.03374 | 0.03374 | 0.03374 | 0.03374 | 0.01446 | 0.01446 | 0.01446 | 0.01446 | 0.00620 | 0.00620 | 0.00620 | 0.00620 
72 (h=0; 2,2,0,0)             | 0.42857 | 0.18367 | 0.18367 | 0.07872 | 0.07872 | 0.07872 | 0.03374 | 0.03374 | 0.03374 | 0.03374 | 0.01446 | 0.01446 | 0.01446 | 0.01446 | 0.00620 | 0.00620 | 0.00620 | 0.00620 
234 (h=2; 2,2,0,0)            | 0.42857 | 0.18367 | 0.18367 | 0.07872 | 0.07872 | 0.07872 | 0.03374 | 0.03374 | 0.03374 | 0.03374 | 0.01446 | 0.01446 | 0.01446 | 0.01446 | 0.00620 | 0.00620 | 0.00620 | 0.00620 


--- Hybrid Probability Table for Node u = 316 ---
--- Metatorus Structure (n=4, k=3), Torus Probability (Denominator 2*n-1) ---

Incoming Neighbor b           | (1,1)   | (1,2)   | (2,2)   | (1,3)   | (2,3)   | (3,3)   | (1,4)   | (2,4)   | (3,4)   | (4,4)   | (1,5)   | (2,5)   | (3,5)   | (4,5)   | (1,6)   | (2,6)   | (3,6)   | (4,6)   
------------------------------+----------+----------+----------+----------+----------+----------+----------+----------+----------+----------+----------+----------+----------+----------+----------+----------+----------+----------
317 (h=3; 2,2,0,2)            | 0.42857 | 0.18367 | 0.18367 | 0.07872 | 0.07872 | 0.07872 | 0.03374 | 0.03374 | 0.03374 | 0.03374 | 0.01446 | 0.01446 | 0.01446 | 0.01446 | 0.00620 | 0.00620 | 0.00620 | 0.00620 
315 (h=3; 2,2,0,0)            | 0.42857 | 0.18367 | 0.18367 | 0.07872 | 0.07872 | 0.07872 | 0.03374 | 0.03374 | 0.03374 | 0.03374 | 0.01446 | 0.01446 | 0.01446 | 0.01446 | 0.00620 | 0.00620 | 0.00620 | 0.00620 
73 (h=0; 2,2,0,1)             | 0.42857 | 0.18367 | 0.18367 | 0.07872 | 0.07872 | 0.07872 | 0.03374 | 0.03374 | 0.03374 | 0.03374 | 0.01446 | 0.01446 | 0.01446 | 0.01446 | 0.00620 | 0.00620 | 0.00620 | 0.00620 
235 (h=2; 2,2,0,1)            | 0.42857 | 0.18367 | 0.18367 | 0.07872 | 0.07872 | 0.07872 | 0.03374 | 0.03374 | 0.03374 | 0.03374 | 0.01446 | 0.01446 | 0.01446 | 0.01446 | 0.00620 | 0.00620 | 0.00620 | 0.00620 


--- Hybrid Probability Table for Node u = 317 ---
--- Metatorus Structure (n=4, k=3), Torus Probability (Denominator 2*n-1) ---

Incoming Neighbor b           | (1,1)   | (1,2)   | (2,2)   | (1,3)   | (2,3)   | (3,3)   | (1,4)   | (2,4)   | (3,4)   | (4,4)   | (1,5)   | (2,5)   | (3,5)   | (4,5)   | (1,6)   | (2,6)   | (3,6)   | (4,6)   
------------------------------+----------+----------+----------+----------+----------+----------+----------+----------+----------+----------+----------+----------+----------+----------+----------+----------+----------+----------
315 (h=3; 2,2,0,0)            | 0.42857 | 0.18367 | 0.18367 | 0.07872 | 0.07872 | 0.07872 | 0.03374 | 0.03374 | 0.03374 | 0.03374 | 0.01446 | 0.01446 | 0.01446 | 0.01446 | 0.00620 | 0.00620 | 0.00620 | 0.00620 
316 (h=3; 2,2,0,1)            | 0.42857 | 0.18367 | 0.18367 | 0.07872 | 0.07872 | 0.07872 | 0.03374 | 0.03374 | 0.03374 | 0.03374 | 0.01446 | 0.01446 | 0.01446 | 0.01446 | 0.00620 | 0.00620 | 0.00620 | 0.00620 
74 (h=0; 2,2,0,2)             | 0.42857 | 0.18367 | 0.18367 | 0.07872 | 0.07872 | 0.07872 | 0.03374 | 0.03374 | 0.03374 | 0.03374 | 0.01446 | 0.01446 | 0.01446 | 0.01446 | 0.00620 | 0.00620 | 0.00620 | 0.00620 
236 (h=2; 2,2,0,2)            | 0.42857 | 0.18367 | 0.18367 | 0.07872 | 0.07872 | 0.07872 | 0.03374 | 0.03374 | 0.03374 | 0.03374 | 0.01446 | 0.01446 | 0.01446 | 0.01446 | 0.00620 | 0.00620 | 0.00620 | 0.00620 


--- Hybrid Probability Table for Node u = 318 ---
--- Metatorus Structure (n=4, k=3), Torus Probability (Denominator 2*n-1) ---

Incoming Neighbor b           | (1,1)   | (1,2)   | (2,2)   | (1,3)   | (2,3)   | (3,3)   | (1,4)   | (2,4)   | (3,4)   | (4,4)   | (1,5)   | (2,5)   | (3,5)   | (4,5)   | (1,6)   | (2,6)   | (3,6)   | (4,6)   
------------------------------+----------+----------+----------+----------+----------+----------+----------+----------+----------+----------+----------+----------+----------+----------+----------+----------+----------+----------
319 (h=3; 2,2,1,1)            | 0.42857 | 0.18367 | 0.18367 | 0.07872 | 0.07872 | 0.07872 | 0.03374 | 0.03374 | 0.03374 | 0.03374 | 0.01446 | 0.01446 | 0.01446 | 0.01446 | 0.00620 | 0.00620 | 0.00620 | 0.00620 
320 (h=3; 2,2,1,2)            | 0.42857 | 0.18367 | 0.18367 | 0.07872 | 0.07872 | 0.07872 | 0.03374 | 0.03374 | 0.03374 | 0.03374 | 0.01446 | 0.01446 | 0.01446 | 0.01446 | 0.00620 | 0.00620 | 0.00620 | 0.00620 
75 (h=0; 2,2,1,0)             | 0.42857 | 0.18367 | 0.18367 | 0.07872 | 0.07872 | 0.07872 | 0.03374 | 0.03374 | 0.03374 | 0.03374 | 0.01446 | 0.01446 | 0.01446 | 0.01446 | 0.00620 | 0.00620 | 0.00620 | 0.00620 
237 (h=2; 2,2,1,0)            | 0.42857 | 0.18367 | 0.18367 | 0.07872 | 0.07872 | 0.07872 | 0.03374 | 0.03374 | 0.03374 | 0.03374 | 0.01446 | 0.01446 | 0.01446 | 0.01446 | 0.00620 | 0.00620 | 0.00620 | 0.00620 


--- Hybrid Probability Table for Node u = 319 ---
--- Metatorus Structure (n=4, k=3), Torus Probability (Denominator 2*n-1) ---

Incoming Neighbor b           | (1,1)   | (1,2)   | (2,2)   | (1,3)   | (2,3)   | (3,3)   | (1,4)   | (2,4)   | (3,4)   | (4,4)   | (1,5)   | (2,5)   | (3,5)   | (4,5)   | (1,6)   | (2,6)   | (3,6)   | (4,6)   
------------------------------+----------+----------+----------+----------+----------+----------+----------+----------+----------+----------+----------+----------+----------+----------+----------+----------+----------+----------
320 (h=3; 2,2,1,2)            | 0.42857 | 0.18367 | 0.18367 | 0.07872 | 0.07872 | 0.07872 | 0.03374 | 0.03374 | 0.03374 | 0.03374 | 0.01446 | 0.01446 | 0.01446 | 0.01446 | 0.00620 | 0.00620 | 0.00620 | 0.00620 
318 (h=3; 2,2,1,0)            | 0.42857 | 0.18367 | 0.18367 | 0.07872 | 0.07872 | 0.07872 | 0.03374 | 0.03374 | 0.03374 | 0.03374 | 0.01446 | 0.01446 | 0.01446 | 0.01446 | 0.00620 | 0.00620 | 0.00620 | 0.00620 
76 (h=0; 2,2,1,1)             | 0.42857 | 0.18367 | 0.18367 | 0.07872 | 0.07872 | 0.07872 | 0.03374 | 0.03374 | 0.03374 | 0.03374 | 0.01446 | 0.01446 | 0.01446 | 0.01446 | 0.00620 | 0.00620 | 0.00620 | 0.00620 
238 (h=2; 2,2,1,1)            | 0.42857 | 0.18367 | 0.18367 | 0.07872 | 0.07872 | 0.07872 | 0.03374 | 0.03374 | 0.03374 | 0.03374 | 0.01446 | 0.01446 | 0.01446 | 0.01446 | 0.00620 | 0.00620 | 0.00620 | 0.00620 


--- Hybrid Probability Table for Node u = 320 ---
--- Metatorus Structure (n=4, k=3), Torus Probability (Denominator 2*n-1) ---

Incoming Neighbor b           | (1,1)   | (1,2)   | (2,2)   | (1,3)   | (2,3)   | (3,3)   | (1,4)   | (2,4)   | (3,4)   | (4,4)   | (1,5)   | (2,5)   | (3,5)   | (4,5)   | (1,6)   | (2,6)   | (3,6)   | (4,6)   
------------------------------+----------+----------+----------+----------+----------+----------+----------+----------+----------+----------+----------+----------+----------+----------+----------+----------+----------+----------
318 (h=3; 2,2,1,0)            | 0.42857 | 0.18367 | 0.18367 | 0.07872 | 0.07872 | 0.07872 | 0.03374 | 0.03374 | 0.03374 | 0.03374 | 0.01446 | 0.01446 | 0.01446 | 0.01446 | 0.00620 | 0.00620 | 0.00620 | 0.00620 
319 (h=3; 2,2,1,1)            | 0.42857 | 0.18367 | 0.18367 | 0.07872 | 0.07872 | 0.07872 | 0.03374 | 0.03374 | 0.03374 | 0.03374 | 0.01446 | 0.01446 | 0.01446 | 0.01446 | 0.00620 | 0.00620 | 0.00620 | 0.00620 
77 (h=0; 2,2,1,2)             | 0.42857 | 0.18367 | 0.18367 | 0.07872 | 0.07872 | 0.07872 | 0.03374 | 0.03374 | 0.03374 | 0.03374 | 0.01446 | 0.01446 | 0.01446 | 0.01446 | 0.00620 | 0.00620 | 0.00620 | 0.00620 
239 (h=2; 2,2,1,2)            | 0.42857 | 0.18367 | 0.18367 | 0.07872 | 0.07872 | 0.07872 | 0.03374 | 0.03374 | 0.03374 | 0.03374 | 0.01446 | 0.01446 | 0.01446 | 0.01446 | 0.00620 | 0.00620 | 0.00620 | 0.00620 


--- Hybrid Probability Table for Node u = 321 ---
--- Metatorus Structure (n=4, k=3), Torus Probability (Denominator 2*n-1) ---

Incoming Neighbor b           | (1,1)   | (1,2)   | (2,2)   | (1,3)   | (2,3)   | (3,3)   | (1,4)   | (2,4)   | (3,4)   | (4,4)   | (1,5)   | (2,5)   | (3,5)   | (4,5)   | (1,6)   | (2,6)   | (3,6)   | (4,6)   
------------------------------+----------+----------+----------+----------+----------+----------+----------+----------+----------+----------+----------+----------+----------+----------+----------+----------+----------+----------
322 (h=3; 2,2,2,1)            | 0.42857 | 0.18367 | 0.18367 | 0.07872 | 0.07872 | 0.07872 | 0.03374 | 0.03374 | 0.03374 | 0.03374 | 0.01446 | 0.01446 | 0.01446 | 0.01446 | 0.00620 | 0.00620 | 0.00620 | 0.00620 
323 (h=3; 2,2,2,2)            | 0.42857 | 0.18367 | 0.18367 | 0.07872 | 0.07872 | 0.07872 | 0.03374 | 0.03374 | 0.03374 | 0.03374 | 0.01446 | 0.01446 | 0.01446 | 0.01446 | 0.00620 | 0.00620 | 0.00620 | 0.00620 
78 (h=0; 2,2,2,0)             | 0.42857 | 0.18367 | 0.18367 | 0.07872 | 0.07872 | 0.07872 | 0.03374 | 0.03374 | 0.03374 | 0.03374 | 0.01446 | 0.01446 | 0.01446 | 0.01446 | 0.00620 | 0.00620 | 0.00620 | 0.00620 
240 (h=2; 2,2,2,0)            | 0.42857 | 0.18367 | 0.18367 | 0.07872 | 0.07872 | 0.07872 | 0.03374 | 0.03374 | 0.03374 | 0.03374 | 0.01446 | 0.01446 | 0.01446 | 0.01446 | 0.00620 | 0.00620 | 0.00620 | 0.00620 


--- Hybrid Probability Table for Node u = 322 ---
--- Metatorus Structure (n=4, k=3), Torus Probability (Denominator 2*n-1) ---

Incoming Neighbor b           | (1,1)   | (1,2)   | (2,2)   | (1,3)   | (2,3)   | (3,3)   | (1,4)   | (2,4)   | (3,4)   | (4,4)   | (1,5)   | (2,5)   | (3,5)   | (4,5)   | (1,6)   | (2,6)   | (3,6)   | (4,6)   
------------------------------+----------+----------+----------+----------+----------+----------+----------+----------+----------+----------+----------+----------+----------+----------+----------+----------+----------+----------
323 (h=3; 2,2,2,2)            | 0.42857 | 0.18367 | 0.18367 | 0.07872 | 0.07872 | 0.07872 | 0.03374 | 0.03374 | 0.03374 | 0.03374 | 0.01446 | 0.01446 | 0.01446 | 0.01446 | 0.00620 | 0.00620 | 0.00620 | 0.00620 
321 (h=3; 2,2,2,0)            | 0.42857 | 0.18367 | 0.18367 | 0.07872 | 0.07872 | 0.07872 | 0.03374 | 0.03374 | 0.03374 | 0.03374 | 0.01446 | 0.01446 | 0.01446 | 0.01446 | 0.00620 | 0.00620 | 0.00620 | 0.00620 
79 (h=0; 2,2,2,1)             | 0.42857 | 0.18367 | 0.18367 | 0.07872 | 0.07872 | 0.07872 | 0.03374 | 0.03374 | 0.03374 | 0.03374 | 0.01446 | 0.01446 | 0.01446 | 0.01446 | 0.00620 | 0.00620 | 0.00620 | 0.00620 
241 (h=2; 2,2,2,1)            | 0.42857 | 0.18367 | 0.18367 | 0.07872 | 0.07872 | 0.07872 | 0.03374 | 0.03374 | 0.03374 | 0.03374 | 0.01446 | 0.01446 | 0.01446 | 0.01446 | 0.00620 | 0.00620 | 0.00620 | 0.00620 


--- Hybrid Probability Table for Node u = 323 ---
--- Metatorus Structure (n=4, k=3), Torus Probability (Denominator 2*n-1) ---

Incoming Neighbor b           | (1,1)   | (1,2)   | (2,2)   | (1,3)   | (2,3)   | (3,3)   | (1,4)   | (2,4)   | (3,4)   | (4,4)   | (1,5)   | (2,5)   | (3,5)   | (4,5)   | (1,6)   | (2,6)   | (3,6)   | (4,6)   
------------------------------+----------+----------+----------+----------+----------+----------+----------+----------+----------+----------+----------+----------+----------+----------+----------+----------+----------+----------
321 (h=3; 2,2,2,0)            | 0.42857 | 0.18367 | 0.18367 | 0.07872 | 0.07872 | 0.07872 | 0.03374 | 0.03374 | 0.03374 | 0.03374 | 0.01446 | 0.01446 | 0.01446 | 0.01446 | 0.00620 | 0.00620 | 0.00620 | 0.00620 
322 (h=3; 2,2,2,1)            | 0.42857 | 0.18367 | 0.18367 | 0.07872 | 0.07872 | 0.07872 | 0.03374 | 0.03374 | 0.03374 | 0.03374 | 0.01446 | 0.01446 | 0.01446 | 0.01446 | 0.00620 | 0.00620 | 0.00620 | 0.00620 
80 (h=0; 2,2,2,2)             | 0.42857 | 0.18367 | 0.18367 | 0.07872 | 0.07872 | 0.07872 | 0.03374 | 0.03374 | 0.03374 | 0.03374 | 0.01446 | 0.01446 | 0.01446 | 0.01446 | 0.00620 | 0.00620 | 0.00620 | 0.00620 
242 (h=2; 2,2,2,2)            | 0.42857 | 0.18367 | 0.18367 | 0.07872 | 0.07872 | 0.07872 | 0.03374 | 0.03374 | 0.03374 | 0.03374 | 0.01446 | 0.01446 | 0.01446 | 0.01446 | 0.00620 | 0.00620 | 0.00620 | 0.00620 
