

--- Directed Probability Table P(h,d,b)(u) for Node u = 0 ---
--- Torus Configuration: n=4, k=3 ---

Incoming Neighbor b      | (1,1)   | (1,2)   | (2,2)   | (1,3)   | (2,3)   | (3,3)   | (1,4)   | (2,4)   | (3,4)   | (4,4)   
-------------------------+----------+----------+----------+----------+----------+----------+----------+----------+----------+----------
27 (1,0,0,0)             | 1.00000 | 1.00000 | 1.00000 | 1.00000 | 1.00000 | 1.00000 | 1.00000 | 1.00000 | 1.00000 | 1.00000 
54 (2,0,0,0)             | 1.00000 | 1.00000 | 1.00000 | 1.00000 | 1.00000 | 1.00000 | 1.00000 | 1.00000 | 1.00000 | 1.00000 
9 (0,1,0,0)              | 1.00000 | 1.00000 | 1.00000 | 1.00000 | 1.00000 | 1.00000 | 1.00000 | 1.00000 | 1.00000 | 1.00000 
18 (0,2,0,0)             | 1.00000 | 1.00000 | 1.00000 | 1.00000 | 1.00000 | 1.00000 | 1.00000 | 1.00000 | 1.00000 | 1.00000 
3 (0,0,1,0)              | 1.00000 | 1.00000 | 1.00000 | 1.00000 | 1.00000 | 1.00000 | 1.00000 | 1.00000 | 1.00000 | 1.00000 
6 (0,0,2,0)              | 1.00000 | 1.00000 | 1.00000 | 1.00000 | 1.00000 | 1.00000 | 1.00000 | 1.00000 | 1.00000 | 1.00000 
1 (0,0,0,1)              | 1.00000 | 1.00000 | 1.00000 | 1.00000 | 1.00000 | 1.00000 | 1.00000 | 1.00000 | 1.00000 | 1.00000 
2 (0,0,0,2)              | 1.00000 | 1.00000 | 1.00000 | 1.00000 | 1.00000 | 1.00000 | 1.00000 | 1.00000 | 1.00000 | 1.00000 


--- Directed Probability Table P(h,d,b)(u) for Node u = 1 ---
--- Torus Configuration: n=4, k=3 ---

Incoming Neighbor b      | (1,1)   | (1,2)   | (2,2)   | (1,3)   | (2,3)   | (3,3)   | (1,4)   | (2,4)   | (3,4)   | (4,4)   
-------------------------+----------+----------+----------+----------+----------+----------+----------+----------+----------+----------
28 (1,0,0,1)             | 1.00000 | 1.00000 | 1.00000 | 1.00000 | 1.00000 | 1.00000 | 1.00000 | 1.00000 | 1.00000 | 1.00000 
55 (2,0,0,1)             | 1.00000 | 1.00000 | 1.00000 | 1.00000 | 1.00000 | 1.00000 | 1.00000 | 1.00000 | 1.00000 | 1.00000 
10 (0,1,0,1)             | 1.00000 | 1.00000 | 1.00000 | 1.00000 | 1.00000 | 1.00000 | 1.00000 | 1.00000 | 1.00000 | 1.00000 
19 (0,2,0,1)             | 1.00000 | 1.00000 | 1.00000 | 1.00000 | 1.00000 | 1.00000 | 1.00000 | 1.00000 | 1.00000 | 1.00000 
4 (0,0,1,1)              | 1.00000 | 1.00000 | 1.00000 | 1.00000 | 1.00000 | 1.00000 | 1.00000 | 1.00000 | 1.00000 | 1.00000 
7 (0,0,2,1)              | 1.00000 | 1.00000 | 1.00000 | 1.00000 | 1.00000 | 1.00000 | 1.00000 | 1.00000 | 1.00000 | 1.00000 
2 (0,0,0,2)              | 1.00000 | 1.00000 | 1.00000 | 1.00000 | 1.00000 | 1.00000 | 1.00000 | 1.00000 | 1.00000 | 1.00000 
0 (0,0,0,0)              | 1.00000 | 1.00000 | 1.00000 | 1.00000 | 1.00000 | 1.00000 | 1.00000 | 1.00000 | 1.00000 | 1.00000 


--- Directed Probability Table P(h,d,b)(u) for Node u = 2 ---
--- Torus Configuration: n=4, k=3 ---

Incoming Neighbor b      | (1,1)   | (1,2)   | (2,2)   | (1,3)   | (2,3)   | (3,3)   | (1,4)   | (2,4)   | (3,4)   | (4,4)   
-------------------------+----------+----------+----------+----------+----------+----------+----------+----------+----------+----------
29 (1,0,0,2)             | 1.00000 | 1.00000 | 1.00000 | 1.00000 | 1.00000 | 1.00000 | 1.00000 | 1.00000 | 1.00000 | 1.00000 
56 (2,0,0,2)             | 1.00000 | 1.00000 | 1.00000 | 1.00000 | 1.00000 | 1.00000 | 1.00000 | 1.00000 | 1.00000 | 1.00000 
11 (0,1,0,2)             | 1.00000 | 1.00000 | 1.00000 | 1.00000 | 1.00000 | 1.00000 | 1.00000 | 1.00000 | 1.00000 | 1.00000 
20 (0,2,0,2)             | 1.00000 | 1.00000 | 1.00000 | 1.00000 | 1.00000 | 1.00000 | 1.00000 | 1.00000 | 1.00000 | 1.00000 
5 (0,0,1,2)              | 1.00000 | 1.00000 | 1.00000 | 1.00000 | 1.00000 | 1.00000 | 1.00000 | 1.00000 | 1.00000 | 1.00000 
8 (0,0,2,2)              | 1.00000 | 1.00000 | 1.00000 | 1.00000 | 1.00000 | 1.00000 | 1.00000 | 1.00000 | 1.00000 | 1.00000 
0 (0,0,0,0)              | 1.00000 | 1.00000 | 1.00000 | 1.00000 | 1.00000 | 1.00000 | 1.00000 | 1.00000 | 1.00000 | 1.00000 
1 (0,0,0,1)              | 1.00000 | 1.00000 | 1.00000 | 1.00000 | 1.00000 | 1.00000 | 1.00000 | 1.00000 | 1.00000 | 1.00000 


--- Directed Probability Table P(h,d,b)(u) for Node u = 3 ---
--- Torus Configuration: n=4, k=3 ---

Incoming Neighbor b      | (1,1)   | (1,2)   | (2,2)   | (1,3)   | (2,3)   | (3,3)   | (1,4)   | (2,4)   | (3,4)   | (4,4)   
-------------------------+----------+----------+----------+----------+----------+----------+----------+----------+----------+----------
30 (1,0,1,0)             | 1.00000 | 1.00000 | 1.00000 | 1.00000 | 1.00000 | 1.00000 | 1.00000 | 1.00000 | 1.00000 | 1.00000 
57 (2,0,1,0)             | 1.00000 | 1.00000 | 1.00000 | 1.00000 | 1.00000 | 1.00000 | 1.00000 | 1.00000 | 1.00000 | 1.00000 
12 (0,1,1,0)             | 1.00000 | 1.00000 | 1.00000 | 1.00000 | 1.00000 | 1.00000 | 1.00000 | 1.00000 | 1.00000 | 1.00000 
21 (0,2,1,0)             | 1.00000 | 1.00000 | 1.00000 | 1.00000 | 1.00000 | 1.00000 | 1.00000 | 1.00000 | 1.00000 | 1.00000 
6 (0,0,2,0)              | 1.00000 | 1.00000 | 1.00000 | 1.00000 | 1.00000 | 1.00000 | 1.00000 | 1.00000 | 1.00000 | 1.00000 
0 (0,0,0,0)              | 1.00000 | 1.00000 | 1.00000 | 1.00000 | 1.00000 | 1.00000 | 1.00000 | 1.00000 | 1.00000 | 1.00000 
4 (0,0,1,1)              | 1.00000 | 1.00000 | 1.00000 | 1.00000 | 1.00000 | 1.00000 | 1.00000 | 1.00000 | 1.00000 | 1.00000 
5 (0,0,1,2)              | 1.00000 | 1.00000 | 1.00000 | 1.00000 | 1.00000 | 1.00000 | 1.00000 | 1.00000 | 1.00000 | 1.00000 


--- Directed Probability Table P(h,d,b)(u) for Node u = 4 ---
--- Torus Configuration: n=4, k=3 ---

Incoming Neighbor b      | (1,1)   | (1,2)   | (2,2)   | (1,3)   | (2,3)   | (3,3)   | (1,4)   | (2,4)   | (3,4)   | (4,4)   
-------------------------+----------+----------+----------+----------+----------+----------+----------+----------+----------+----------
31 (1,0,1,1)             | 1.00000 | 1.00000 | 1.00000 | 1.00000 | 1.00000 | 1.00000 | 1.00000 | 1.00000 | 1.00000 | 1.00000 
58 (2,0,1,1)             | 1.00000 | 1.00000 | 1.00000 | 1.00000 | 1.00000 | 1.00000 | 1.00000 | 1.00000 | 1.00000 | 1.00000 
13 (0,1,1,1)             | 1.00000 | 1.00000 | 1.00000 | 1.00000 | 1.00000 | 1.00000 | 1.00000 | 1.00000 | 1.00000 | 1.00000 
22 (0,2,1,1)             | 1.00000 | 1.00000 | 1.00000 | 1.00000 | 1.00000 | 1.00000 | 1.00000 | 1.00000 | 1.00000 | 1.00000 
7 (0,0,2,1)              | 1.00000 | 1.00000 | 1.00000 | 1.00000 | 1.00000 | 1.00000 | 1.00000 | 1.00000 | 1.00000 | 1.00000 
1 (0,0,0,1)              | 1.00000 | 1.00000 | 1.00000 | 1.00000 | 1.00000 | 1.00000 | 1.00000 | 1.00000 | 1.00000 | 1.00000 
5 (0,0,1,2)              | 1.00000 | 1.00000 | 1.00000 | 1.00000 | 1.00000 | 1.00000 | 1.00000 | 1.00000 | 1.00000 | 1.00000 
3 (0,0,1,0)              | 1.00000 | 1.00000 | 1.00000 | 1.00000 | 1.00000 | 1.00000 | 1.00000 | 1.00000 | 1.00000 | 1.00000 


--- Directed Probability Table P(h,d,b)(u) for Node u = 5 ---
--- Torus Configuration: n=4, k=3 ---

Incoming Neighbor b      | (1,1)   | (1,2)   | (2,2)   | (1,3)   | (2,3)   | (3,3)   | (1,4)   | (2,4)   | (3,4)   | (4,4)   
-------------------------+----------+----------+----------+----------+----------+----------+----------+----------+----------+----------
32 (1,0,1,2)             | 1.00000 | 1.00000 | 1.00000 | 1.00000 | 1.00000 | 1.00000 | 1.00000 | 1.00000 | 1.00000 | 1.00000 
59 (2,0,1,2)             | 1.00000 | 1.00000 | 1.00000 | 1.00000 | 1.00000 | 1.00000 | 1.00000 | 1.00000 | 1.00000 | 1.00000 
14 (0,1,1,2)             | 1.00000 | 1.00000 | 1.00000 | 1.00000 | 1.00000 | 1.00000 | 1.00000 | 1.00000 | 1.00000 | 1.00000 
23 (0,2,1,2)             | 1.00000 | 1.00000 | 1.00000 | 1.00000 | 1.00000 | 1.00000 | 1.00000 | 1.00000 | 1.00000 | 1.00000 
8 (0,0,2,2)              | 1.00000 | 1.00000 | 1.00000 | 1.00000 | 1.00000 | 1.00000 | 1.00000 | 1.00000 | 1.00000 | 1.00000 
2 (0,0,0,2)              | 1.00000 | 1.00000 | 1.00000 | 1.00000 | 1.00000 | 1.00000 | 1.00000 | 1.00000 | 1.00000 | 1.00000 
3 (0,0,1,0)              | 1.00000 | 1.00000 | 1.00000 | 1.00000 | 1.00000 | 1.00000 | 1.00000 | 1.00000 | 1.00000 | 1.00000 
4 (0,0,1,1)              | 1.00000 | 1.00000 | 1.00000 | 1.00000 | 1.00000 | 1.00000 | 1.00000 | 1.00000 | 1.00000 | 1.00000 


--- Directed Probability Table P(h,d,b)(u) for Node u = 6 ---
--- Torus Configuration: n=4, k=3 ---

Incoming Neighbor b      | (1,1)   | (1,2)   | (2,2)   | (1,3)   | (2,3)   | (3,3)   | (1,4)   | (2,4)   | (3,4)   | (4,4)   
-------------------------+----------+----------+----------+----------+----------+----------+----------+----------+----------+----------
33 (1,0,2,0)             | 1.00000 | 1.00000 | 1.00000 | 1.00000 | 1.00000 | 1.00000 | 1.00000 | 1.00000 | 1.00000 | 1.00000 
60 (2,0,2,0)             | 1.00000 | 1.00000 | 1.00000 | 1.00000 | 1.00000 | 1.00000 | 1.00000 | 1.00000 | 1.00000 | 1.00000 
15 (0,1,2,0)             | 1.00000 | 1.00000 | 1.00000 | 1.00000 | 1.00000 | 1.00000 | 1.00000 | 1.00000 | 1.00000 | 1.00000 
24 (0,2,2,0)             | 1.00000 | 1.00000 | 1.00000 | 1.00000 | 1.00000 | 1.00000 | 1.00000 | 1.00000 | 1.00000 | 1.00000 
0 (0,0,0,0)              | 1.00000 | 1.00000 | 1.00000 | 1.00000 | 1.00000 | 1.00000 | 1.00000 | 1.00000 | 1.00000 | 1.00000 
3 (0,0,1,0)              | 1.00000 | 1.00000 | 1.00000 | 1.00000 | 1.00000 | 1.00000 | 1.00000 | 1.00000 | 1.00000 | 1.00000 
7 (0,0,2,1)              | 1.00000 | 1.00000 | 1.00000 | 1.00000 | 1.00000 | 1.00000 | 1.00000 | 1.00000 | 1.00000 | 1.00000 
8 (0,0,2,2)              | 1.00000 | 1.00000 | 1.00000 | 1.00000 | 1.00000 | 1.00000 | 1.00000 | 1.00000 | 1.00000 | 1.00000 


--- Directed Probability Table P(h,d,b)(u) for Node u = 7 ---
--- Torus Configuration: n=4, k=3 ---

Incoming Neighbor b      | (1,1)   | (1,2)   | (2,2)   | (1,3)   | (2,3)   | (3,3)   | (1,4)   | (2,4)   | (3,4)   | (4,4)   
-------------------------+----------+----------+----------+----------+----------+----------+----------+----------+----------+----------
34 (1,0,2,1)             | 1.00000 | 1.00000 | 1.00000 | 1.00000 | 1.00000 | 1.00000 | 1.00000 | 1.00000 | 1.00000 | 1.00000 
61 (2,0,2,1)             | 1.00000 | 1.00000 | 1.00000 | 1.00000 | 1.00000 | 1.00000 | 1.00000 | 1.00000 | 1.00000 | 1.00000 
16 (0,1,2,1)             | 1.00000 | 1.00000 | 1.00000 | 1.00000 | 1.00000 | 1.00000 | 1.00000 | 1.00000 | 1.00000 | 1.00000 
25 (0,2,2,1)             | 1.00000 | 1.00000 | 1.00000 | 1.00000 | 1.00000 | 1.00000 | 1.00000 | 1.00000 | 1.00000 | 1.00000 
1 (0,0,0,1)              | 1.00000 | 1.00000 | 1.00000 | 1.00000 | 1.00000 | 1.00000 | 1.00000 | 1.00000 | 1.00000 | 1.00000 
4 (0,0,1,1)              | 1.00000 | 1.00000 | 1.00000 | 1.00000 | 1.00000 | 1.00000 | 1.00000 | 1.00000 | 1.00000 | 1.00000 
8 (0,0,2,2)              | 1.00000 | 1.00000 | 1.00000 | 1.00000 | 1.00000 | 1.00000 | 1.00000 | 1.00000 | 1.00000 | 1.00000 
6 (0,0,2,0)              | 1.00000 | 1.00000 | 1.00000 | 1.00000 | 1.00000 | 1.00000 | 1.00000 | 1.00000 | 1.00000 | 1.00000 


--- Directed Probability Table P(h,d,b)(u) for Node u = 8 ---
--- Torus Configuration: n=4, k=3 ---

Incoming Neighbor b      | (1,1)   | (1,2)   | (2,2)   | (1,3)   | (2,3)   | (3,3)   | (1,4)   | (2,4)   | (3,4)   | (4,4)   
-------------------------+----------+----------+----------+----------+----------+----------+----------+----------+----------+----------
35 (1,0,2,2)             | 1.00000 | 1.00000 | 1.00000 | 1.00000 | 1.00000 | 1.00000 | 1.00000 | 1.00000 | 1.00000 | 1.00000 
62 (2,0,2,2)             | 1.00000 | 1.00000 | 1.00000 | 1.00000 | 1.00000 | 1.00000 | 1.00000 | 1.00000 | 1.00000 | 1.00000 
17 (0,1,2,2)             | 1.00000 | 1.00000 | 1.00000 | 1.00000 | 1.00000 | 1.00000 | 1.00000 | 1.00000 | 1.00000 | 1.00000 
26 (0,2,2,2)             | 1.00000 | 1.00000 | 1.00000 | 1.00000 | 1.00000 | 1.00000 | 1.00000 | 1.00000 | 1.00000 | 1.00000 
2 (0,0,0,2)              | 1.00000 | 1.00000 | 1.00000 | 1.00000 | 1.00000 | 1.00000 | 1.00000 | 1.00000 | 1.00000 | 1.00000 
5 (0,0,1,2)              | 1.00000 | 1.00000 | 1.00000 | 1.00000 | 1.00000 | 1.00000 | 1.00000 | 1.00000 | 1.00000 | 1.00000 
6 (0,0,2,0)              | 1.00000 | 1.00000 | 1.00000 | 1.00000 | 1.00000 | 1.00000 | 1.00000 | 1.00000 | 1.00000 | 1.00000 
7 (0,0,2,1)              | 1.00000 | 1.00000 | 1.00000 | 1.00000 | 1.00000 | 1.00000 | 1.00000 | 1.00000 | 1.00000 | 1.00000 


--- Directed Probability Table P(h,d,b)(u) for Node u = 9 ---
--- Torus Configuration: n=4, k=3 ---

Incoming Neighbor b      | (1,1)   | (1,2)   | (2,2)   | (1,3)   | (2,3)   | (3,3)   | (1,4)   | (2,4)   | (3,4)   | (4,4)   
-------------------------+----------+----------+----------+----------+----------+----------+----------+----------+----------+----------
36 (1,1,0,0)             | 1.00000 | 1.00000 | 1.00000 | 1.00000 | 1.00000 | 1.00000 | 1.00000 | 1.00000 | 1.00000 | 1.00000 
63 (2,1,0,0)             | 1.00000 | 1.00000 | 1.00000 | 1.00000 | 1.00000 | 1.00000 | 1.00000 | 1.00000 | 1.00000 | 1.00000 
18 (0,2,0,0)             | 1.00000 | 1.00000 | 1.00000 | 1.00000 | 1.00000 | 1.00000 | 1.00000 | 1.00000 | 1.00000 | 1.00000 
0 (0,0,0,0)              | 1.00000 | 1.00000 | 1.00000 | 1.00000 | 1.00000 | 1.00000 | 1.00000 | 1.00000 | 1.00000 | 1.00000 
12 (0,1,1,0)             | 1.00000 | 1.00000 | 1.00000 | 1.00000 | 1.00000 | 1.00000 | 1.00000 | 1.00000 | 1.00000 | 1.00000 
15 (0,1,2,0)             | 1.00000 | 1.00000 | 1.00000 | 1.00000 | 1.00000 | 1.00000 | 1.00000 | 1.00000 | 1.00000 | 1.00000 
10 (0,1,0,1)             | 1.00000 | 1.00000 | 1.00000 | 1.00000 | 1.00000 | 1.00000 | 1.00000 | 1.00000 | 1.00000 | 1.00000 
11 (0,1,0,2)             | 1.00000 | 1.00000 | 1.00000 | 1.00000 | 1.00000 | 1.00000 | 1.00000 | 1.00000 | 1.00000 | 1.00000 


--- Directed Probability Table P(h,d,b)(u) for Node u = 10 ---
--- Torus Configuration: n=4, k=3 ---

Incoming Neighbor b      | (1,1)   | (1,2)   | (2,2)   | (1,3)   | (2,3)   | (3,3)   | (1,4)   | (2,4)   | (3,4)   | (4,4)   
-------------------------+----------+----------+----------+----------+----------+----------+----------+----------+----------+----------
37 (1,1,0,1)             | 1.00000 | 1.00000 | 1.00000 | 1.00000 | 1.00000 | 1.00000 | 1.00000 | 1.00000 | 1.00000 | 1.00000 
64 (2,1,0,1)             | 1.00000 | 1.00000 | 1.00000 | 1.00000 | 1.00000 | 1.00000 | 1.00000 | 1.00000 | 1.00000 | 1.00000 
19 (0,2,0,1)             | 1.00000 | 1.00000 | 1.00000 | 1.00000 | 1.00000 | 1.00000 | 1.00000 | 1.00000 | 1.00000 | 1.00000 
1 (0,0,0,1)              | 1.00000 | 1.00000 | 1.00000 | 1.00000 | 1.00000 | 1.00000 | 1.00000 | 1.00000 | 1.00000 | 1.00000 
13 (0,1,1,1)             | 1.00000 | 1.00000 | 1.00000 | 1.00000 | 1.00000 | 1.00000 | 1.00000 | 1.00000 | 1.00000 | 1.00000 
16 (0,1,2,1)             | 1.00000 | 1.00000 | 1.00000 | 1.00000 | 1.00000 | 1.00000 | 1.00000 | 1.00000 | 1.00000 | 1.00000 
11 (0,1,0,2)             | 1.00000 | 1.00000 | 1.00000 | 1.00000 | 1.00000 | 1.00000 | 1.00000 | 1.00000 | 1.00000 | 1.00000 
9 (0,1,0,0)              | 1.00000 | 1.00000 | 1.00000 | 1.00000 | 1.00000 | 1.00000 | 1.00000 | 1.00000 | 1.00000 | 1.00000 


--- Directed Probability Table P(h,d,b)(u) for Node u = 11 ---
--- Torus Configuration: n=4, k=3 ---

Incoming Neighbor b      | (1,1)   | (1,2)   | (2,2)   | (1,3)   | (2,3)   | (3,3)   | (1,4)   | (2,4)   | (3,4)   | (4,4)   
-------------------------+----------+----------+----------+----------+----------+----------+----------+----------+----------+----------
38 (1,1,0,2)             | 1.00000 | 1.00000 | 1.00000 | 1.00000 | 1.00000 | 1.00000 | 1.00000 | 1.00000 | 1.00000 | 1.00000 
65 (2,1,0,2)             | 1.00000 | 1.00000 | 1.00000 | 1.00000 | 1.00000 | 1.00000 | 1.00000 | 1.00000 | 1.00000 | 1.00000 
20 (0,2,0,2)             | 1.00000 | 1.00000 | 1.00000 | 1.00000 | 1.00000 | 1.00000 | 1.00000 | 1.00000 | 1.00000 | 1.00000 
2 (0,0,0,2)              | 1.00000 | 1.00000 | 1.00000 | 1.00000 | 1.00000 | 1.00000 | 1.00000 | 1.00000 | 1.00000 | 1.00000 
14 (0,1,1,2)             | 1.00000 | 1.00000 | 1.00000 | 1.00000 | 1.00000 | 1.00000 | 1.00000 | 1.00000 | 1.00000 | 1.00000 
17 (0,1,2,2)             | 1.00000 | 1.00000 | 1.00000 | 1.00000 | 1.00000 | 1.00000 | 1.00000 | 1.00000 | 1.00000 | 1.00000 
9 (0,1,0,0)              | 1.00000 | 1.00000 | 1.00000 | 1.00000 | 1.00000 | 1.00000 | 1.00000 | 1.00000 | 1.00000 | 1.00000 
10 (0,1,0,1)             | 1.00000 | 1.00000 | 1.00000 | 1.00000 | 1.00000 | 1.00000 | 1.00000 | 1.00000 | 1.00000 | 1.00000 


--- Directed Probability Table P(h,d,b)(u) for Node u = 12 ---
--- Torus Configuration: n=4, k=3 ---

Incoming Neighbor b      | (1,1)   | (1,2)   | (2,2)   | (1,3)   | (2,3)   | (3,3)   | (1,4)   | (2,4)   | (3,4)   | (4,4)   
-------------------------+----------+----------+----------+----------+----------+----------+----------+----------+----------+----------
39 (1,1,1,0)             | 1.00000 | 1.00000 | 1.00000 | 1.00000 | 1.00000 | 1.00000 | 1.00000 | 1.00000 | 1.00000 | 1.00000 
66 (2,1,1,0)             | 1.00000 | 1.00000 | 1.00000 | 1.00000 | 1.00000 | 1.00000 | 1.00000 | 1.00000 | 1.00000 | 1.00000 
21 (0,2,1,0)             | 1.00000 | 1.00000 | 1.00000 | 1.00000 | 1.00000 | 1.00000 | 1.00000 | 1.00000 | 1.00000 | 1.00000 
3 (0,0,1,0)              | 1.00000 | 1.00000 | 1.00000 | 1.00000 | 1.00000 | 1.00000 | 1.00000 | 1.00000 | 1.00000 | 1.00000 
15 (0,1,2,0)             | 1.00000 | 1.00000 | 1.00000 | 1.00000 | 1.00000 | 1.00000 | 1.00000 | 1.00000 | 1.00000 | 1.00000 
9 (0,1,0,0)              | 1.00000 | 1.00000 | 1.00000 | 1.00000 | 1.00000 | 1.00000 | 1.00000 | 1.00000 | 1.00000 | 1.00000 
13 (0,1,1,1)             | 1.00000 | 1.00000 | 1.00000 | 1.00000 | 1.00000 | 1.00000 | 1.00000 | 1.00000 | 1.00000 | 1.00000 
14 (0,1,1,2)             | 1.00000 | 1.00000 | 1.00000 | 1.00000 | 1.00000 | 1.00000 | 1.00000 | 1.00000 | 1.00000 | 1.00000 


--- Directed Probability Table P(h,d,b)(u) for Node u = 13 ---
--- Torus Configuration: n=4, k=3 ---

Incoming Neighbor b      | (1,1)   | (1,2)   | (2,2)   | (1,3)   | (2,3)   | (3,3)   | (1,4)   | (2,4)   | (3,4)   | (4,4)   
-------------------------+----------+----------+----------+----------+----------+----------+----------+----------+----------+----------
40 (1,1,1,1)             | 1.00000 | 1.00000 | 1.00000 | 1.00000 | 1.00000 | 1.00000 | 1.00000 | 1.00000 | 1.00000 | 1.00000 
67 (2,1,1,1)             | 1.00000 | 1.00000 | 1.00000 | 1.00000 | 1.00000 | 1.00000 | 1.00000 | 1.00000 | 1.00000 | 1.00000 
22 (0,2,1,1)             | 1.00000 | 1.00000 | 1.00000 | 1.00000 | 1.00000 | 1.00000 | 1.00000 | 1.00000 | 1.00000 | 1.00000 
4 (0,0,1,1)              | 1.00000 | 1.00000 | 1.00000 | 1.00000 | 1.00000 | 1.00000 | 1.00000 | 1.00000 | 1.00000 | 1.00000 
16 (0,1,2,1)             | 1.00000 | 1.00000 | 1.00000 | 1.00000 | 1.00000 | 1.00000 | 1.00000 | 1.00000 | 1.00000 | 1.00000 
10 (0,1,0,1)             | 1.00000 | 1.00000 | 1.00000 | 1.00000 | 1.00000 | 1.00000 | 1.00000 | 1.00000 | 1.00000 | 1.00000 
14 (0,1,1,2)             | 1.00000 | 1.00000 | 1.00000 | 1.00000 | 1.00000 | 1.00000 | 1.00000 | 1.00000 | 1.00000 | 1.00000 
12 (0,1,1,0)             | 1.00000 | 1.00000 | 1.00000 | 1.00000 | 1.00000 | 1.00000 | 1.00000 | 1.00000 | 1.00000 | 1.00000 


--- Directed Probability Table P(h,d,b)(u) for Node u = 14 ---
--- Torus Configuration: n=4, k=3 ---

Incoming Neighbor b      | (1,1)   | (1,2)   | (2,2)   | (1,3)   | (2,3)   | (3,3)   | (1,4)   | (2,4)   | (3,4)   | (4,4)   
-------------------------+----------+----------+----------+----------+----------+----------+----------+----------+----------+----------
41 (1,1,1,2)             | 1.00000 | 1.00000 | 1.00000 | 1.00000 | 1.00000 | 1.00000 | 1.00000 | 1.00000 | 1.00000 | 1.00000 
68 (2,1,1,2)             | 1.00000 | 1.00000 | 1.00000 | 1.00000 | 1.00000 | 1.00000 | 1.00000 | 1.00000 | 1.00000 | 1.00000 
23 (0,2,1,2)             | 1.00000 | 1.00000 | 1.00000 | 1.00000 | 1.00000 | 1.00000 | 1.00000 | 1.00000 | 1.00000 | 1.00000 
5 (0,0,1,2)              | 1.00000 | 1.00000 | 1.00000 | 1.00000 | 1.00000 | 1.00000 | 1.00000 | 1.00000 | 1.00000 | 1.00000 
17 (0,1,2,2)             | 1.00000 | 1.00000 | 1.00000 | 1.00000 | 1.00000 | 1.00000 | 1.00000 | 1.00000 | 1.00000 | 1.00000 
11 (0,1,0,2)             | 1.00000 | 1.00000 | 1.00000 | 1.00000 | 1.00000 | 1.00000 | 1.00000 | 1.00000 | 1.00000 | 1.00000 
12 (0,1,1,0)             | 1.00000 | 1.00000 | 1.00000 | 1.00000 | 1.00000 | 1.00000 | 1.00000 | 1.00000 | 1.00000 | 1.00000 
13 (0,1,1,1)             | 1.00000 | 1.00000 | 1.00000 | 1.00000 | 1.00000 | 1.00000 | 1.00000 | 1.00000 | 1.00000 | 1.00000 


--- Directed Probability Table P(h,d,b)(u) for Node u = 15 ---
--- Torus Configuration: n=4, k=3 ---

Incoming Neighbor b      | (1,1)   | (1,2)   | (2,2)   | (1,3)   | (2,3)   | (3,3)   | (1,4)   | (2,4)   | (3,4)   | (4,4)   
-------------------------+----------+----------+----------+----------+----------+----------+----------+----------+----------+----------
42 (1,1,2,0)             | 1.00000 | 1.00000 | 1.00000 | 1.00000 | 1.00000 | 1.00000 | 1.00000 | 1.00000 | 1.00000 | 1.00000 
69 (2,1,2,0)             | 1.00000 | 1.00000 | 1.00000 | 1.00000 | 1.00000 | 1.00000 | 1.00000 | 1.00000 | 1.00000 | 1.00000 
24 (0,2,2,0)             | 1.00000 | 1.00000 | 1.00000 | 1.00000 | 1.00000 | 1.00000 | 1.00000 | 1.00000 | 1.00000 | 1.00000 
6 (0,0,2,0)              | 1.00000 | 1.00000 | 1.00000 | 1.00000 | 1.00000 | 1.00000 | 1.00000 | 1.00000 | 1.00000 | 1.00000 
9 (0,1,0,0)              | 1.00000 | 1.00000 | 1.00000 | 1.00000 | 1.00000 | 1.00000 | 1.00000 | 1.00000 | 1.00000 | 1.00000 
12 (0,1,1,0)             | 1.00000 | 1.00000 | 1.00000 | 1.00000 | 1.00000 | 1.00000 | 1.00000 | 1.00000 | 1.00000 | 1.00000 
16 (0,1,2,1)             | 1.00000 | 1.00000 | 1.00000 | 1.00000 | 1.00000 | 1.00000 | 1.00000 | 1.00000 | 1.00000 | 1.00000 
17 (0,1,2,2)             | 1.00000 | 1.00000 | 1.00000 | 1.00000 | 1.00000 | 1.00000 | 1.00000 | 1.00000 | 1.00000 | 1.00000 


--- Directed Probability Table P(h,d,b)(u) for Node u = 16 ---
--- Torus Configuration: n=4, k=3 ---

Incoming Neighbor b      | (1,1)   | (1,2)   | (2,2)   | (1,3)   | (2,3)   | (3,3)   | (1,4)   | (2,4)   | (3,4)   | (4,4)   
-------------------------+----------+----------+----------+----------+----------+----------+----------+----------+----------+----------
43 (1,1,2,1)             | 1.00000 | 1.00000 | 1.00000 | 1.00000 | 1.00000 | 1.00000 | 1.00000 | 1.00000 | 1.00000 | 1.00000 
70 (2,1,2,1)             | 1.00000 | 1.00000 | 1.00000 | 1.00000 | 1.00000 | 1.00000 | 1.00000 | 1.00000 | 1.00000 | 1.00000 
25 (0,2,2,1)             | 1.00000 | 1.00000 | 1.00000 | 1.00000 | 1.00000 | 1.00000 | 1.00000 | 1.00000 | 1.00000 | 1.00000 
7 (0,0,2,1)              | 1.00000 | 1.00000 | 1.00000 | 1.00000 | 1.00000 | 1.00000 | 1.00000 | 1.00000 | 1.00000 | 1.00000 
10 (0,1,0,1)             | 1.00000 | 1.00000 | 1.00000 | 1.00000 | 1.00000 | 1.00000 | 1.00000 | 1.00000 | 1.00000 | 1.00000 
13 (0,1,1,1)             | 1.00000 | 1.00000 | 1.00000 | 1.00000 | 1.00000 | 1.00000 | 1.00000 | 1.00000 | 1.00000 | 1.00000 
17 (0,1,2,2)             | 1.00000 | 1.00000 | 1.00000 | 1.00000 | 1.00000 | 1.00000 | 1.00000 | 1.00000 | 1.00000 | 1.00000 
15 (0,1,2,0)             | 1.00000 | 1.00000 | 1.00000 | 1.00000 | 1.00000 | 1.00000 | 1.00000 | 1.00000 | 1.00000 | 1.00000 


--- Directed Probability Table P(h,d,b)(u) for Node u = 17 ---
--- Torus Configuration: n=4, k=3 ---

Incoming Neighbor b      | (1,1)   | (1,2)   | (2,2)   | (1,3)   | (2,3)   | (3,3)   | (1,4)   | (2,4)   | (3,4)   | (4,4)   
-------------------------+----------+----------+----------+----------+----------+----------+----------+----------+----------+----------
44 (1,1,2,2)             | 1.00000 | 1.00000 | 1.00000 | 1.00000 | 1.00000 | 1.00000 | 1.00000 | 1.00000 | 1.00000 | 1.00000 
71 (2,1,2,2)             | 1.00000 | 1.00000 | 1.00000 | 1.00000 | 1.00000 | 1.00000 | 1.00000 | 1.00000 | 1.00000 | 1.00000 
26 (0,2,2,2)             | 1.00000 | 1.00000 | 1.00000 | 1.00000 | 1.00000 | 1.00000 | 1.00000 | 1.00000 | 1.00000 | 1.00000 
8 (0,0,2,2)              | 1.00000 | 1.00000 | 1.00000 | 1.00000 | 1.00000 | 1.00000 | 1.00000 | 1.00000 | 1.00000 | 1.00000 
11 (0,1,0,2)             | 1.00000 | 1.00000 | 1.00000 | 1.00000 | 1.00000 | 1.00000 | 1.00000 | 1.00000 | 1.00000 | 1.00000 
14 (0,1,1,2)             | 1.00000 | 1.00000 | 1.00000 | 1.00000 | 1.00000 | 1.00000 | 1.00000 | 1.00000 | 1.00000 | 1.00000 
15 (0,1,2,0)             | 1.00000 | 1.00000 | 1.00000 | 1.00000 | 1.00000 | 1.00000 | 1.00000 | 1.00000 | 1.00000 | 1.00000 
16 (0,1,2,1)             | 1.00000 | 1.00000 | 1.00000 | 1.00000 | 1.00000 | 1.00000 | 1.00000 | 1.00000 | 1.00000 | 1.00000 


--- Directed Probability Table P(h,d,b)(u) for Node u = 18 ---
--- Torus Configuration: n=4, k=3 ---

Incoming Neighbor b      | (1,1)   | (1,2)   | (2,2)   | (1,3)   | (2,3)   | (3,3)   | (1,4)   | (2,4)   | (3,4)   | (4,4)   
-------------------------+----------+----------+----------+----------+----------+----------+----------+----------+----------+----------
45 (1,2,0,0)             | 1.00000 | 1.00000 | 1.00000 | 1.00000 | 1.00000 | 1.00000 | 1.00000 | 1.00000 | 1.00000 | 1.00000 
72 (2,2,0,0)             | 1.00000 | 1.00000 | 1.00000 | 1.00000 | 1.00000 | 1.00000 | 1.00000 | 1.00000 | 1.00000 | 1.00000 
0 (0,0,0,0)              | 1.00000 | 1.00000 | 1.00000 | 1.00000 | 1.00000 | 1.00000 | 1.00000 | 1.00000 | 1.00000 | 1.00000 
9 (0,1,0,0)              | 1.00000 | 1.00000 | 1.00000 | 1.00000 | 1.00000 | 1.00000 | 1.00000 | 1.00000 | 1.00000 | 1.00000 
21 (0,2,1,0)             | 1.00000 | 1.00000 | 1.00000 | 1.00000 | 1.00000 | 1.00000 | 1.00000 | 1.00000 | 1.00000 | 1.00000 
24 (0,2,2,0)             | 1.00000 | 1.00000 | 1.00000 | 1.00000 | 1.00000 | 1.00000 | 1.00000 | 1.00000 | 1.00000 | 1.00000 
19 (0,2,0,1)             | 1.00000 | 1.00000 | 1.00000 | 1.00000 | 1.00000 | 1.00000 | 1.00000 | 1.00000 | 1.00000 | 1.00000 
20 (0,2,0,2)             | 1.00000 | 1.00000 | 1.00000 | 1.00000 | 1.00000 | 1.00000 | 1.00000 | 1.00000 | 1.00000 | 1.00000 


--- Directed Probability Table P(h,d,b)(u) for Node u = 19 ---
--- Torus Configuration: n=4, k=3 ---

Incoming Neighbor b      | (1,1)   | (1,2)   | (2,2)   | (1,3)   | (2,3)   | (3,3)   | (1,4)   | (2,4)   | (3,4)   | (4,4)   
-------------------------+----------+----------+----------+----------+----------+----------+----------+----------+----------+----------
46 (1,2,0,1)             | 1.00000 | 1.00000 | 1.00000 | 1.00000 | 1.00000 | 1.00000 | 1.00000 | 1.00000 | 1.00000 | 1.00000 
73 (2,2,0,1)             | 1.00000 | 1.00000 | 1.00000 | 1.00000 | 1.00000 | 1.00000 | 1.00000 | 1.00000 | 1.00000 | 1.00000 
1 (0,0,0,1)              | 1.00000 | 1.00000 | 1.00000 | 1.00000 | 1.00000 | 1.00000 | 1.00000 | 1.00000 | 1.00000 | 1.00000 
10 (0,1,0,1)             | 1.00000 | 1.00000 | 1.00000 | 1.00000 | 1.00000 | 1.00000 | 1.00000 | 1.00000 | 1.00000 | 1.00000 
22 (0,2,1,1)             | 1.00000 | 1.00000 | 1.00000 | 1.00000 | 1.00000 | 1.00000 | 1.00000 | 1.00000 | 1.00000 | 1.00000 
25 (0,2,2,1)             | 1.00000 | 1.00000 | 1.00000 | 1.00000 | 1.00000 | 1.00000 | 1.00000 | 1.00000 | 1.00000 | 1.00000 
20 (0,2,0,2)             | 1.00000 | 1.00000 | 1.00000 | 1.00000 | 1.00000 | 1.00000 | 1.00000 | 1.00000 | 1.00000 | 1.00000 
18 (0,2,0,0)             | 1.00000 | 1.00000 | 1.00000 | 1.00000 | 1.00000 | 1.00000 | 1.00000 | 1.00000 | 1.00000 | 1.00000 


--- Directed Probability Table P(h,d,b)(u) for Node u = 20 ---
--- Torus Configuration: n=4, k=3 ---

Incoming Neighbor b      | (1,1)   | (1,2)   | (2,2)   | (1,3)   | (2,3)   | (3,3)   | (1,4)   | (2,4)   | (3,4)   | (4,4)   
-------------------------+----------+----------+----------+----------+----------+----------+----------+----------+----------+----------
47 (1,2,0,2)             | 1.00000 | 1.00000 | 1.00000 | 1.00000 | 1.00000 | 1.00000 | 1.00000 | 1.00000 | 1.00000 | 1.00000 
74 (2,2,0,2)             | 1.00000 | 1.00000 | 1.00000 | 1.00000 | 1.00000 | 1.00000 | 1.00000 | 1.00000 | 1.00000 | 1.00000 
2 (0,0,0,2)              | 1.00000 | 1.00000 | 1.00000 | 1.00000 | 1.00000 | 1.00000 | 1.00000 | 1.00000 | 1.00000 | 1.00000 
11 (0,1,0,2)             | 1.00000 | 1.00000 | 1.00000 | 1.00000 | 1.00000 | 1.00000 | 1.00000 | 1.00000 | 1.00000 | 1.00000 
23 (0,2,1,2)             | 1.00000 | 1.00000 | 1.00000 | 1.00000 | 1.00000 | 1.00000 | 1.00000 | 1.00000 | 1.00000 | 1.00000 
26 (0,2,2,2)             | 1.00000 | 1.00000 | 1.00000 | 1.00000 | 1.00000 | 1.00000 | 1.00000 | 1.00000 | 1.00000 | 1.00000 
18 (0,2,0,0)             | 1.00000 | 1.00000 | 1.00000 | 1.00000 | 1.00000 | 1.00000 | 1.00000 | 1.00000 | 1.00000 | 1.00000 
19 (0,2,0,1)             | 1.00000 | 1.00000 | 1.00000 | 1.00000 | 1.00000 | 1.00000 | 1.00000 | 1.00000 | 1.00000 | 1.00000 


--- Directed Probability Table P(h,d,b)(u) for Node u = 21 ---
--- Torus Configuration: n=4, k=3 ---

Incoming Neighbor b      | (1,1)   | (1,2)   | (2,2)   | (1,3)   | (2,3)   | (3,3)   | (1,4)   | (2,4)   | (3,4)   | (4,4)   
-------------------------+----------+----------+----------+----------+----------+----------+----------+----------+----------+----------
48 (1,2,1,0)             | 1.00000 | 1.00000 | 1.00000 | 1.00000 | 1.00000 | 1.00000 | 1.00000 | 1.00000 | 1.00000 | 1.00000 
75 (2,2,1,0)             | 1.00000 | 1.00000 | 1.00000 | 1.00000 | 1.00000 | 1.00000 | 1.00000 | 1.00000 | 1.00000 | 1.00000 
3 (0,0,1,0)              | 1.00000 | 1.00000 | 1.00000 | 1.00000 | 1.00000 | 1.00000 | 1.00000 | 1.00000 | 1.00000 | 1.00000 
12 (0,1,1,0)             | 1.00000 | 1.00000 | 1.00000 | 1.00000 | 1.00000 | 1.00000 | 1.00000 | 1.00000 | 1.00000 | 1.00000 
24 (0,2,2,0)             | 1.00000 | 1.00000 | 1.00000 | 1.00000 | 1.00000 | 1.00000 | 1.00000 | 1.00000 | 1.00000 | 1.00000 
18 (0,2,0,0)             | 1.00000 | 1.00000 | 1.00000 | 1.00000 | 1.00000 | 1.00000 | 1.00000 | 1.00000 | 1.00000 | 1.00000 
22 (0,2,1,1)             | 1.00000 | 1.00000 | 1.00000 | 1.00000 | 1.00000 | 1.00000 | 1.00000 | 1.00000 | 1.00000 | 1.00000 
23 (0,2,1,2)             | 1.00000 | 1.00000 | 1.00000 | 1.00000 | 1.00000 | 1.00000 | 1.00000 | 1.00000 | 1.00000 | 1.00000 


--- Directed Probability Table P(h,d,b)(u) for Node u = 22 ---
--- Torus Configuration: n=4, k=3 ---

Incoming Neighbor b      | (1,1)   | (1,2)   | (2,2)   | (1,3)   | (2,3)   | (3,3)   | (1,4)   | (2,4)   | (3,4)   | (4,4)   
-------------------------+----------+----------+----------+----------+----------+----------+----------+----------+----------+----------
49 (1,2,1,1)             | 1.00000 | 1.00000 | 1.00000 | 1.00000 | 1.00000 | 1.00000 | 1.00000 | 1.00000 | 1.00000 | 1.00000 
76 (2,2,1,1)             | 1.00000 | 1.00000 | 1.00000 | 1.00000 | 1.00000 | 1.00000 | 1.00000 | 1.00000 | 1.00000 | 1.00000 
4 (0,0,1,1)              | 1.00000 | 1.00000 | 1.00000 | 1.00000 | 1.00000 | 1.00000 | 1.00000 | 1.00000 | 1.00000 | 1.00000 
13 (0,1,1,1)             | 1.00000 | 1.00000 | 1.00000 | 1.00000 | 1.00000 | 1.00000 | 1.00000 | 1.00000 | 1.00000 | 1.00000 
25 (0,2,2,1)             | 1.00000 | 1.00000 | 1.00000 | 1.00000 | 1.00000 | 1.00000 | 1.00000 | 1.00000 | 1.00000 | 1.00000 
19 (0,2,0,1)             | 1.00000 | 1.00000 | 1.00000 | 1.00000 | 1.00000 | 1.00000 | 1.00000 | 1.00000 | 1.00000 | 1.00000 
23 (0,2,1,2)             | 1.00000 | 1.00000 | 1.00000 | 1.00000 | 1.00000 | 1.00000 | 1.00000 | 1.00000 | 1.00000 | 1.00000 
21 (0,2,1,0)             | 1.00000 | 1.00000 | 1.00000 | 1.00000 | 1.00000 | 1.00000 | 1.00000 | 1.00000 | 1.00000 | 1.00000 


--- Directed Probability Table P(h,d,b)(u) for Node u = 23 ---
--- Torus Configuration: n=4, k=3 ---

Incoming Neighbor b      | (1,1)   | (1,2)   | (2,2)   | (1,3)   | (2,3)   | (3,3)   | (1,4)   | (2,4)   | (3,4)   | (4,4)   
-------------------------+----------+----------+----------+----------+----------+----------+----------+----------+----------+----------
50 (1,2,1,2)             | 1.00000 | 1.00000 | 1.00000 | 1.00000 | 1.00000 | 1.00000 | 1.00000 | 1.00000 | 1.00000 | 1.00000 
77 (2,2,1,2)             | 1.00000 | 1.00000 | 1.00000 | 1.00000 | 1.00000 | 1.00000 | 1.00000 | 1.00000 | 1.00000 | 1.00000 
5 (0,0,1,2)              | 1.00000 | 1.00000 | 1.00000 | 1.00000 | 1.00000 | 1.00000 | 1.00000 | 1.00000 | 1.00000 | 1.00000 
14 (0,1,1,2)             | 1.00000 | 1.00000 | 1.00000 | 1.00000 | 1.00000 | 1.00000 | 1.00000 | 1.00000 | 1.00000 | 1.00000 
26 (0,2,2,2)             | 1.00000 | 1.00000 | 1.00000 | 1.00000 | 1.00000 | 1.00000 | 1.00000 | 1.00000 | 1.00000 | 1.00000 
20 (0,2,0,2)             | 1.00000 | 1.00000 | 1.00000 | 1.00000 | 1.00000 | 1.00000 | 1.00000 | 1.00000 | 1.00000 | 1.00000 
21 (0,2,1,0)             | 1.00000 | 1.00000 | 1.00000 | 1.00000 | 1.00000 | 1.00000 | 1.00000 | 1.00000 | 1.00000 | 1.00000 
22 (0,2,1,1)             | 1.00000 | 1.00000 | 1.00000 | 1.00000 | 1.00000 | 1.00000 | 1.00000 | 1.00000 | 1.00000 | 1.00000 


--- Directed Probability Table P(h,d,b)(u) for Node u = 24 ---
--- Torus Configuration: n=4, k=3 ---

Incoming Neighbor b      | (1,1)   | (1,2)   | (2,2)   | (1,3)   | (2,3)   | (3,3)   | (1,4)   | (2,4)   | (3,4)   | (4,4)   
-------------------------+----------+----------+----------+----------+----------+----------+----------+----------+----------+----------
51 (1,2,2,0)             | 1.00000 | 1.00000 | 1.00000 | 1.00000 | 1.00000 | 1.00000 | 1.00000 | 1.00000 | 1.00000 | 1.00000 
78 (2,2,2,0)             | 1.00000 | 1.00000 | 1.00000 | 1.00000 | 1.00000 | 1.00000 | 1.00000 | 1.00000 | 1.00000 | 1.00000 
6 (0,0,2,0)              | 1.00000 | 1.00000 | 1.00000 | 1.00000 | 1.00000 | 1.00000 | 1.00000 | 1.00000 | 1.00000 | 1.00000 
15 (0,1,2,0)             | 1.00000 | 1.00000 | 1.00000 | 1.00000 | 1.00000 | 1.00000 | 1.00000 | 1.00000 | 1.00000 | 1.00000 
18 (0,2,0,0)             | 1.00000 | 1.00000 | 1.00000 | 1.00000 | 1.00000 | 1.00000 | 1.00000 | 1.00000 | 1.00000 | 1.00000 
21 (0,2,1,0)             | 1.00000 | 1.00000 | 1.00000 | 1.00000 | 1.00000 | 1.00000 | 1.00000 | 1.00000 | 1.00000 | 1.00000 
25 (0,2,2,1)             | 1.00000 | 1.00000 | 1.00000 | 1.00000 | 1.00000 | 1.00000 | 1.00000 | 1.00000 | 1.00000 | 1.00000 
26 (0,2,2,2)             | 1.00000 | 1.00000 | 1.00000 | 1.00000 | 1.00000 | 1.00000 | 1.00000 | 1.00000 | 1.00000 | 1.00000 


--- Directed Probability Table P(h,d,b)(u) for Node u = 25 ---
--- Torus Configuration: n=4, k=3 ---

Incoming Neighbor b      | (1,1)   | (1,2)   | (2,2)   | (1,3)   | (2,3)   | (3,3)   | (1,4)   | (2,4)   | (3,4)   | (4,4)   
-------------------------+----------+----------+----------+----------+----------+----------+----------+----------+----------+----------
52 (1,2,2,1)             | 1.00000 | 1.00000 | 1.00000 | 1.00000 | 1.00000 | 1.00000 | 1.00000 | 1.00000 | 1.00000 | 1.00000 
79 (2,2,2,1)             | 1.00000 | 1.00000 | 1.00000 | 1.00000 | 1.00000 | 1.00000 | 1.00000 | 1.00000 | 1.00000 | 1.00000 
7 (0,0,2,1)              | 1.00000 | 1.00000 | 1.00000 | 1.00000 | 1.00000 | 1.00000 | 1.00000 | 1.00000 | 1.00000 | 1.00000 
16 (0,1,2,1)             | 1.00000 | 1.00000 | 1.00000 | 1.00000 | 1.00000 | 1.00000 | 1.00000 | 1.00000 | 1.00000 | 1.00000 
19 (0,2,0,1)             | 1.00000 | 1.00000 | 1.00000 | 1.00000 | 1.00000 | 1.00000 | 1.00000 | 1.00000 | 1.00000 | 1.00000 
22 (0,2,1,1)             | 1.00000 | 1.00000 | 1.00000 | 1.00000 | 1.00000 | 1.00000 | 1.00000 | 1.00000 | 1.00000 | 1.00000 
26 (0,2,2,2)             | 1.00000 | 1.00000 | 1.00000 | 1.00000 | 1.00000 | 1.00000 | 1.00000 | 1.00000 | 1.00000 | 1.00000 
24 (0,2,2,0)             | 1.00000 | 1.00000 | 1.00000 | 1.00000 | 1.00000 | 1.00000 | 1.00000 | 1.00000 | 1.00000 | 1.00000 


--- Directed Probability Table P(h,d,b)(u) for Node u = 26 ---
--- Torus Configuration: n=4, k=3 ---

Incoming Neighbor b      | (1,1)   | (1,2)   | (2,2)   | (1,3)   | (2,3)   | (3,3)   | (1,4)   | (2,4)   | (3,4)   | (4,4)   
-------------------------+----------+----------+----------+----------+----------+----------+----------+----------+----------+----------
53 (1,2,2,2)             | 1.00000 | 1.00000 | 1.00000 | 1.00000 | 1.00000 | 1.00000 | 1.00000 | 1.00000 | 1.00000 | 1.00000 
80 (2,2,2,2)             | 1.00000 | 1.00000 | 1.00000 | 1.00000 | 1.00000 | 1.00000 | 1.00000 | 1.00000 | 1.00000 | 1.00000 
8 (0,0,2,2)              | 1.00000 | 1.00000 | 1.00000 | 1.00000 | 1.00000 | 1.00000 | 1.00000 | 1.00000 | 1.00000 | 1.00000 
17 (0,1,2,2)             | 1.00000 | 1.00000 | 1.00000 | 1.00000 | 1.00000 | 1.00000 | 1.00000 | 1.00000 | 1.00000 | 1.00000 
20 (0,2,0,2)             | 1.00000 | 1.00000 | 1.00000 | 1.00000 | 1.00000 | 1.00000 | 1.00000 | 1.00000 | 1.00000 | 1.00000 
23 (0,2,1,2)             | 1.00000 | 1.00000 | 1.00000 | 1.00000 | 1.00000 | 1.00000 | 1.00000 | 1.00000 | 1.00000 | 1.00000 
24 (0,2,2,0)             | 1.00000 | 1.00000 | 1.00000 | 1.00000 | 1.00000 | 1.00000 | 1.00000 | 1.00000 | 1.00000 | 1.00000 
25 (0,2,2,1)             | 1.00000 | 1.00000 | 1.00000 | 1.00000 | 1.00000 | 1.00000 | 1.00000 | 1.00000 | 1.00000 | 1.00000 


--- Directed Probability Table P(h,d,b)(u) for Node u = 27 ---
--- Torus Configuration: n=4, k=3 ---

Incoming Neighbor b      | (1,1)   | (1,2)   | (2,2)   | (1,3)   | (2,3)   | (3,3)   | (1,4)   | (2,4)   | (3,4)   | (4,4)   
-------------------------+----------+----------+----------+----------+----------+----------+----------+----------+----------+----------
54 (2,0,0,0)             | 1.00000 | 1.00000 | 1.00000 | 1.00000 | 1.00000 | 1.00000 | 1.00000 | 1.00000 | 1.00000 | 1.00000 
0 (0,0,0,0)              | 1.00000 | 1.00000 | 1.00000 | 1.00000 | 1.00000 | 1.00000 | 1.00000 | 1.00000 | 1.00000 | 1.00000 
36 (1,1,0,0)             | 1.00000 | 1.00000 | 1.00000 | 1.00000 | 1.00000 | 1.00000 | 1.00000 | 1.00000 | 1.00000 | 1.00000 
45 (1,2,0,0)             | 1.00000 | 1.00000 | 1.00000 | 1.00000 | 1.00000 | 1.00000 | 1.00000 | 1.00000 | 1.00000 | 1.00000 
30 (1,0,1,0)             | 1.00000 | 1.00000 | 1.00000 | 1.00000 | 1.00000 | 1.00000 | 1.00000 | 1.00000 | 1.00000 | 1.00000 
33 (1,0,2,0)             | 1.00000 | 1.00000 | 1.00000 | 1.00000 | 1.00000 | 1.00000 | 1.00000 | 1.00000 | 1.00000 | 1.00000 
28 (1,0,0,1)             | 1.00000 | 1.00000 | 1.00000 | 1.00000 | 1.00000 | 1.00000 | 1.00000 | 1.00000 | 1.00000 | 1.00000 
29 (1,0,0,2)             | 1.00000 | 1.00000 | 1.00000 | 1.00000 | 1.00000 | 1.00000 | 1.00000 | 1.00000 | 1.00000 | 1.00000 


--- Directed Probability Table P(h,d,b)(u) for Node u = 28 ---
--- Torus Configuration: n=4, k=3 ---

Incoming Neighbor b      | (1,1)   | (1,2)   | (2,2)   | (1,3)   | (2,3)   | (3,3)   | (1,4)   | (2,4)   | (3,4)   | (4,4)   
-------------------------+----------+----------+----------+----------+----------+----------+----------+----------+----------+----------
55 (2,0,0,1)             | 1.00000 | 1.00000 | 1.00000 | 1.00000 | 1.00000 | 1.00000 | 1.00000 | 1.00000 | 1.00000 | 1.00000 
1 (0,0,0,1)              | 1.00000 | 1.00000 | 1.00000 | 1.00000 | 1.00000 | 1.00000 | 1.00000 | 1.00000 | 1.00000 | 1.00000 
37 (1,1,0,1)             | 1.00000 | 1.00000 | 1.00000 | 1.00000 | 1.00000 | 1.00000 | 1.00000 | 1.00000 | 1.00000 | 1.00000 
46 (1,2,0,1)             | 1.00000 | 1.00000 | 1.00000 | 1.00000 | 1.00000 | 1.00000 | 1.00000 | 1.00000 | 1.00000 | 1.00000 
31 (1,0,1,1)             | 1.00000 | 1.00000 | 1.00000 | 1.00000 | 1.00000 | 1.00000 | 1.00000 | 1.00000 | 1.00000 | 1.00000 
34 (1,0,2,1)             | 1.00000 | 1.00000 | 1.00000 | 1.00000 | 1.00000 | 1.00000 | 1.00000 | 1.00000 | 1.00000 | 1.00000 
29 (1,0,0,2)             | 1.00000 | 1.00000 | 1.00000 | 1.00000 | 1.00000 | 1.00000 | 1.00000 | 1.00000 | 1.00000 | 1.00000 
27 (1,0,0,0)             | 1.00000 | 1.00000 | 1.00000 | 1.00000 | 1.00000 | 1.00000 | 1.00000 | 1.00000 | 1.00000 | 1.00000 


--- Directed Probability Table P(h,d,b)(u) for Node u = 29 ---
--- Torus Configuration: n=4, k=3 ---

Incoming Neighbor b      | (1,1)   | (1,2)   | (2,2)   | (1,3)   | (2,3)   | (3,3)   | (1,4)   | (2,4)   | (3,4)   | (4,4)   
-------------------------+----------+----------+----------+----------+----------+----------+----------+----------+----------+----------
56 (2,0,0,2)             | 1.00000 | 1.00000 | 1.00000 | 1.00000 | 1.00000 | 1.00000 | 1.00000 | 1.00000 | 1.00000 | 1.00000 
2 (0,0,0,2)              | 1.00000 | 1.00000 | 1.00000 | 1.00000 | 1.00000 | 1.00000 | 1.00000 | 1.00000 | 1.00000 | 1.00000 
38 (1,1,0,2)             | 1.00000 | 1.00000 | 1.00000 | 1.00000 | 1.00000 | 1.00000 | 1.00000 | 1.00000 | 1.00000 | 1.00000 
47 (1,2,0,2)             | 1.00000 | 1.00000 | 1.00000 | 1.00000 | 1.00000 | 1.00000 | 1.00000 | 1.00000 | 1.00000 | 1.00000 
32 (1,0,1,2)             | 1.00000 | 1.00000 | 1.00000 | 1.00000 | 1.00000 | 1.00000 | 1.00000 | 1.00000 | 1.00000 | 1.00000 
35 (1,0,2,2)             | 1.00000 | 1.00000 | 1.00000 | 1.00000 | 1.00000 | 1.00000 | 1.00000 | 1.00000 | 1.00000 | 1.00000 
27 (1,0,0,0)             | 1.00000 | 1.00000 | 1.00000 | 1.00000 | 1.00000 | 1.00000 | 1.00000 | 1.00000 | 1.00000 | 1.00000 
28 (1,0,0,1)             | 1.00000 | 1.00000 | 1.00000 | 1.00000 | 1.00000 | 1.00000 | 1.00000 | 1.00000 | 1.00000 | 1.00000 


--- Directed Probability Table P(h,d,b)(u) for Node u = 30 ---
--- Torus Configuration: n=4, k=3 ---

Incoming Neighbor b      | (1,1)   | (1,2)   | (2,2)   | (1,3)   | (2,3)   | (3,3)   | (1,4)   | (2,4)   | (3,4)   | (4,4)   
-------------------------+----------+----------+----------+----------+----------+----------+----------+----------+----------+----------
57 (2,0,1,0)             | 1.00000 | 1.00000 | 1.00000 | 1.00000 | 1.00000 | 1.00000 | 1.00000 | 1.00000 | 1.00000 | 1.00000 
3 (0,0,1,0)              | 1.00000 | 1.00000 | 1.00000 | 1.00000 | 1.00000 | 1.00000 | 1.00000 | 1.00000 | 1.00000 | 1.00000 
39 (1,1,1,0)             | 1.00000 | 1.00000 | 1.00000 | 1.00000 | 1.00000 | 1.00000 | 1.00000 | 1.00000 | 1.00000 | 1.00000 
48 (1,2,1,0)             | 1.00000 | 1.00000 | 1.00000 | 1.00000 | 1.00000 | 1.00000 | 1.00000 | 1.00000 | 1.00000 | 1.00000 
33 (1,0,2,0)             | 1.00000 | 1.00000 | 1.00000 | 1.00000 | 1.00000 | 1.00000 | 1.00000 | 1.00000 | 1.00000 | 1.00000 
27 (1,0,0,0)             | 1.00000 | 1.00000 | 1.00000 | 1.00000 | 1.00000 | 1.00000 | 1.00000 | 1.00000 | 1.00000 | 1.00000 
31 (1,0,1,1)             | 1.00000 | 1.00000 | 1.00000 | 1.00000 | 1.00000 | 1.00000 | 1.00000 | 1.00000 | 1.00000 | 1.00000 
32 (1,0,1,2)             | 1.00000 | 1.00000 | 1.00000 | 1.00000 | 1.00000 | 1.00000 | 1.00000 | 1.00000 | 1.00000 | 1.00000 


--- Directed Probability Table P(h,d,b)(u) for Node u = 31 ---
--- Torus Configuration: n=4, k=3 ---

Incoming Neighbor b      | (1,1)   | (1,2)   | (2,2)   | (1,3)   | (2,3)   | (3,3)   | (1,4)   | (2,4)   | (3,4)   | (4,4)   
-------------------------+----------+----------+----------+----------+----------+----------+----------+----------+----------+----------
58 (2,0,1,1)             | 1.00000 | 1.00000 | 1.00000 | 1.00000 | 1.00000 | 1.00000 | 1.00000 | 1.00000 | 1.00000 | 1.00000 
4 (0,0,1,1)              | 1.00000 | 1.00000 | 1.00000 | 1.00000 | 1.00000 | 1.00000 | 1.00000 | 1.00000 | 1.00000 | 1.00000 
40 (1,1,1,1)             | 1.00000 | 1.00000 | 1.00000 | 1.00000 | 1.00000 | 1.00000 | 1.00000 | 1.00000 | 1.00000 | 1.00000 
49 (1,2,1,1)             | 1.00000 | 1.00000 | 1.00000 | 1.00000 | 1.00000 | 1.00000 | 1.00000 | 1.00000 | 1.00000 | 1.00000 
34 (1,0,2,1)             | 1.00000 | 1.00000 | 1.00000 | 1.00000 | 1.00000 | 1.00000 | 1.00000 | 1.00000 | 1.00000 | 1.00000 
28 (1,0,0,1)             | 1.00000 | 1.00000 | 1.00000 | 1.00000 | 1.00000 | 1.00000 | 1.00000 | 1.00000 | 1.00000 | 1.00000 
32 (1,0,1,2)             | 1.00000 | 1.00000 | 1.00000 | 1.00000 | 1.00000 | 1.00000 | 1.00000 | 1.00000 | 1.00000 | 1.00000 
30 (1,0,1,0)             | 1.00000 | 1.00000 | 1.00000 | 1.00000 | 1.00000 | 1.00000 | 1.00000 | 1.00000 | 1.00000 | 1.00000 


--- Directed Probability Table P(h,d,b)(u) for Node u = 32 ---
--- Torus Configuration: n=4, k=3 ---

Incoming Neighbor b      | (1,1)   | (1,2)   | (2,2)   | (1,3)   | (2,3)   | (3,3)   | (1,4)   | (2,4)   | (3,4)   | (4,4)   
-------------------------+----------+----------+----------+----------+----------+----------+----------+----------+----------+----------
59 (2,0,1,2)             | 1.00000 | 1.00000 | 1.00000 | 1.00000 | 1.00000 | 1.00000 | 1.00000 | 1.00000 | 1.00000 | 1.00000 
5 (0,0,1,2)              | 1.00000 | 1.00000 | 1.00000 | 1.00000 | 1.00000 | 1.00000 | 1.00000 | 1.00000 | 1.00000 | 1.00000 
41 (1,1,1,2)             | 1.00000 | 1.00000 | 1.00000 | 1.00000 | 1.00000 | 1.00000 | 1.00000 | 1.00000 | 1.00000 | 1.00000 
50 (1,2,1,2)             | 1.00000 | 1.00000 | 1.00000 | 1.00000 | 1.00000 | 1.00000 | 1.00000 | 1.00000 | 1.00000 | 1.00000 
35 (1,0,2,2)             | 1.00000 | 1.00000 | 1.00000 | 1.00000 | 1.00000 | 1.00000 | 1.00000 | 1.00000 | 1.00000 | 1.00000 
29 (1,0,0,2)             | 1.00000 | 1.00000 | 1.00000 | 1.00000 | 1.00000 | 1.00000 | 1.00000 | 1.00000 | 1.00000 | 1.00000 
30 (1,0,1,0)             | 1.00000 | 1.00000 | 1.00000 | 1.00000 | 1.00000 | 1.00000 | 1.00000 | 1.00000 | 1.00000 | 1.00000 
31 (1,0,1,1)             | 1.00000 | 1.00000 | 1.00000 | 1.00000 | 1.00000 | 1.00000 | 1.00000 | 1.00000 | 1.00000 | 1.00000 


--- Directed Probability Table P(h,d,b)(u) for Node u = 33 ---
--- Torus Configuration: n=4, k=3 ---

Incoming Neighbor b      | (1,1)   | (1,2)   | (2,2)   | (1,3)   | (2,3)   | (3,3)   | (1,4)   | (2,4)   | (3,4)   | (4,4)   
-------------------------+----------+----------+----------+----------+----------+----------+----------+----------+----------+----------
60 (2,0,2,0)             | 1.00000 | 1.00000 | 1.00000 | 1.00000 | 1.00000 | 1.00000 | 1.00000 | 1.00000 | 1.00000 | 1.00000 
6 (0,0,2,0)              | 1.00000 | 1.00000 | 1.00000 | 1.00000 | 1.00000 | 1.00000 | 1.00000 | 1.00000 | 1.00000 | 1.00000 
42 (1,1,2,0)             | 1.00000 | 1.00000 | 1.00000 | 1.00000 | 1.00000 | 1.00000 | 1.00000 | 1.00000 | 1.00000 | 1.00000 
51 (1,2,2,0)             | 1.00000 | 1.00000 | 1.00000 | 1.00000 | 1.00000 | 1.00000 | 1.00000 | 1.00000 | 1.00000 | 1.00000 
27 (1,0,0,0)             | 1.00000 | 1.00000 | 1.00000 | 1.00000 | 1.00000 | 1.00000 | 1.00000 | 1.00000 | 1.00000 | 1.00000 
30 (1,0,1,0)             | 1.00000 | 1.00000 | 1.00000 | 1.00000 | 1.00000 | 1.00000 | 1.00000 | 1.00000 | 1.00000 | 1.00000 
34 (1,0,2,1)             | 1.00000 | 1.00000 | 1.00000 | 1.00000 | 1.00000 | 1.00000 | 1.00000 | 1.00000 | 1.00000 | 1.00000 
35 (1,0,2,2)             | 1.00000 | 1.00000 | 1.00000 | 1.00000 | 1.00000 | 1.00000 | 1.00000 | 1.00000 | 1.00000 | 1.00000 


--- Directed Probability Table P(h,d,b)(u) for Node u = 34 ---
--- Torus Configuration: n=4, k=3 ---

Incoming Neighbor b      | (1,1)   | (1,2)   | (2,2)   | (1,3)   | (2,3)   | (3,3)   | (1,4)   | (2,4)   | (3,4)   | (4,4)   
-------------------------+----------+----------+----------+----------+----------+----------+----------+----------+----------+----------
61 (2,0,2,1)             | 1.00000 | 1.00000 | 1.00000 | 1.00000 | 1.00000 | 1.00000 | 1.00000 | 1.00000 | 1.00000 | 1.00000 
7 (0,0,2,1)              | 1.00000 | 1.00000 | 1.00000 | 1.00000 | 1.00000 | 1.00000 | 1.00000 | 1.00000 | 1.00000 | 1.00000 
43 (1,1,2,1)             | 1.00000 | 1.00000 | 1.00000 | 1.00000 | 1.00000 | 1.00000 | 1.00000 | 1.00000 | 1.00000 | 1.00000 
52 (1,2,2,1)             | 1.00000 | 1.00000 | 1.00000 | 1.00000 | 1.00000 | 1.00000 | 1.00000 | 1.00000 | 1.00000 | 1.00000 
28 (1,0,0,1)             | 1.00000 | 1.00000 | 1.00000 | 1.00000 | 1.00000 | 1.00000 | 1.00000 | 1.00000 | 1.00000 | 1.00000 
31 (1,0,1,1)             | 1.00000 | 1.00000 | 1.00000 | 1.00000 | 1.00000 | 1.00000 | 1.00000 | 1.00000 | 1.00000 | 1.00000 
35 (1,0,2,2)             | 1.00000 | 1.00000 | 1.00000 | 1.00000 | 1.00000 | 1.00000 | 1.00000 | 1.00000 | 1.00000 | 1.00000 
33 (1,0,2,0)             | 1.00000 | 1.00000 | 1.00000 | 1.00000 | 1.00000 | 1.00000 | 1.00000 | 1.00000 | 1.00000 | 1.00000 


--- Directed Probability Table P(h,d,b)(u) for Node u = 35 ---
--- Torus Configuration: n=4, k=3 ---

Incoming Neighbor b      | (1,1)   | (1,2)   | (2,2)   | (1,3)   | (2,3)   | (3,3)   | (1,4)   | (2,4)   | (3,4)   | (4,4)   
-------------------------+----------+----------+----------+----------+----------+----------+----------+----------+----------+----------
62 (2,0,2,2)             | 1.00000 | 1.00000 | 1.00000 | 1.00000 | 1.00000 | 1.00000 | 1.00000 | 1.00000 | 1.00000 | 1.00000 
8 (0,0,2,2)              | 1.00000 | 1.00000 | 1.00000 | 1.00000 | 1.00000 | 1.00000 | 1.00000 | 1.00000 | 1.00000 | 1.00000 
44 (1,1,2,2)             | 1.00000 | 1.00000 | 1.00000 | 1.00000 | 1.00000 | 1.00000 | 1.00000 | 1.00000 | 1.00000 | 1.00000 
53 (1,2,2,2)             | 1.00000 | 1.00000 | 1.00000 | 1.00000 | 1.00000 | 1.00000 | 1.00000 | 1.00000 | 1.00000 | 1.00000 
29 (1,0,0,2)             | 1.00000 | 1.00000 | 1.00000 | 1.00000 | 1.00000 | 1.00000 | 1.00000 | 1.00000 | 1.00000 | 1.00000 
32 (1,0,1,2)             | 1.00000 | 1.00000 | 1.00000 | 1.00000 | 1.00000 | 1.00000 | 1.00000 | 1.00000 | 1.00000 | 1.00000 
33 (1,0,2,0)             | 1.00000 | 1.00000 | 1.00000 | 1.00000 | 1.00000 | 1.00000 | 1.00000 | 1.00000 | 1.00000 | 1.00000 
34 (1,0,2,1)             | 1.00000 | 1.00000 | 1.00000 | 1.00000 | 1.00000 | 1.00000 | 1.00000 | 1.00000 | 1.00000 | 1.00000 


--- Directed Probability Table P(h,d,b)(u) for Node u = 36 ---
--- Torus Configuration: n=4, k=3 ---

Incoming Neighbor b      | (1,1)   | (1,2)   | (2,2)   | (1,3)   | (2,3)   | (3,3)   | (1,4)   | (2,4)   | (3,4)   | (4,4)   
-------------------------+----------+----------+----------+----------+----------+----------+----------+----------+----------+----------
63 (2,1,0,0)             | 1.00000 | 1.00000 | 1.00000 | 1.00000 | 1.00000 | 1.00000 | 1.00000 | 1.00000 | 1.00000 | 1.00000 
9 (0,1,0,0)              | 1.00000 | 1.00000 | 1.00000 | 1.00000 | 1.00000 | 1.00000 | 1.00000 | 1.00000 | 1.00000 | 1.00000 
45 (1,2,0,0)             | 1.00000 | 1.00000 | 1.00000 | 1.00000 | 1.00000 | 1.00000 | 1.00000 | 1.00000 | 1.00000 | 1.00000 
27 (1,0,0,0)             | 1.00000 | 1.00000 | 1.00000 | 1.00000 | 1.00000 | 1.00000 | 1.00000 | 1.00000 | 1.00000 | 1.00000 
39 (1,1,1,0)             | 1.00000 | 1.00000 | 1.00000 | 1.00000 | 1.00000 | 1.00000 | 1.00000 | 1.00000 | 1.00000 | 1.00000 
42 (1,1,2,0)             | 1.00000 | 1.00000 | 1.00000 | 1.00000 | 1.00000 | 1.00000 | 1.00000 | 1.00000 | 1.00000 | 1.00000 
37 (1,1,0,1)             | 1.00000 | 1.00000 | 1.00000 | 1.00000 | 1.00000 | 1.00000 | 1.00000 | 1.00000 | 1.00000 | 1.00000 
38 (1,1,0,2)             | 1.00000 | 1.00000 | 1.00000 | 1.00000 | 1.00000 | 1.00000 | 1.00000 | 1.00000 | 1.00000 | 1.00000 


--- Directed Probability Table P(h,d,b)(u) for Node u = 37 ---
--- Torus Configuration: n=4, k=3 ---

Incoming Neighbor b      | (1,1)   | (1,2)   | (2,2)   | (1,3)   | (2,3)   | (3,3)   | (1,4)   | (2,4)   | (3,4)   | (4,4)   
-------------------------+----------+----------+----------+----------+----------+----------+----------+----------+----------+----------
64 (2,1,0,1)             | 1.00000 | 1.00000 | 1.00000 | 1.00000 | 1.00000 | 1.00000 | 1.00000 | 1.00000 | 1.00000 | 1.00000 
10 (0,1,0,1)             | 1.00000 | 1.00000 | 1.00000 | 1.00000 | 1.00000 | 1.00000 | 1.00000 | 1.00000 | 1.00000 | 1.00000 
46 (1,2,0,1)             | 1.00000 | 1.00000 | 1.00000 | 1.00000 | 1.00000 | 1.00000 | 1.00000 | 1.00000 | 1.00000 | 1.00000 
28 (1,0,0,1)             | 1.00000 | 1.00000 | 1.00000 | 1.00000 | 1.00000 | 1.00000 | 1.00000 | 1.00000 | 1.00000 | 1.00000 
40 (1,1,1,1)             | 1.00000 | 1.00000 | 1.00000 | 1.00000 | 1.00000 | 1.00000 | 1.00000 | 1.00000 | 1.00000 | 1.00000 
43 (1,1,2,1)             | 1.00000 | 1.00000 | 1.00000 | 1.00000 | 1.00000 | 1.00000 | 1.00000 | 1.00000 | 1.00000 | 1.00000 
38 (1,1,0,2)             | 1.00000 | 1.00000 | 1.00000 | 1.00000 | 1.00000 | 1.00000 | 1.00000 | 1.00000 | 1.00000 | 1.00000 
36 (1,1,0,0)             | 1.00000 | 1.00000 | 1.00000 | 1.00000 | 1.00000 | 1.00000 | 1.00000 | 1.00000 | 1.00000 | 1.00000 


--- Directed Probability Table P(h,d,b)(u) for Node u = 38 ---
--- Torus Configuration: n=4, k=3 ---

Incoming Neighbor b      | (1,1)   | (1,2)   | (2,2)   | (1,3)   | (2,3)   | (3,3)   | (1,4)   | (2,4)   | (3,4)   | (4,4)   
-------------------------+----------+----------+----------+----------+----------+----------+----------+----------+----------+----------
65 (2,1,0,2)             | 1.00000 | 1.00000 | 1.00000 | 1.00000 | 1.00000 | 1.00000 | 1.00000 | 1.00000 | 1.00000 | 1.00000 
11 (0,1,0,2)             | 1.00000 | 1.00000 | 1.00000 | 1.00000 | 1.00000 | 1.00000 | 1.00000 | 1.00000 | 1.00000 | 1.00000 
47 (1,2,0,2)             | 1.00000 | 1.00000 | 1.00000 | 1.00000 | 1.00000 | 1.00000 | 1.00000 | 1.00000 | 1.00000 | 1.00000 
29 (1,0,0,2)             | 1.00000 | 1.00000 | 1.00000 | 1.00000 | 1.00000 | 1.00000 | 1.00000 | 1.00000 | 1.00000 | 1.00000 
41 (1,1,1,2)             | 1.00000 | 1.00000 | 1.00000 | 1.00000 | 1.00000 | 1.00000 | 1.00000 | 1.00000 | 1.00000 | 1.00000 
44 (1,1,2,2)             | 1.00000 | 1.00000 | 1.00000 | 1.00000 | 1.00000 | 1.00000 | 1.00000 | 1.00000 | 1.00000 | 1.00000 
36 (1,1,0,0)             | 1.00000 | 1.00000 | 1.00000 | 1.00000 | 1.00000 | 1.00000 | 1.00000 | 1.00000 | 1.00000 | 1.00000 
37 (1,1,0,1)             | 1.00000 | 1.00000 | 1.00000 | 1.00000 | 1.00000 | 1.00000 | 1.00000 | 1.00000 | 1.00000 | 1.00000 


--- Directed Probability Table P(h,d,b)(u) for Node u = 39 ---
--- Torus Configuration: n=4, k=3 ---

Incoming Neighbor b      | (1,1)   | (1,2)   | (2,2)   | (1,3)   | (2,3)   | (3,3)   | (1,4)   | (2,4)   | (3,4)   | (4,4)   
-------------------------+----------+----------+----------+----------+----------+----------+----------+----------+----------+----------
66 (2,1,1,0)             | 1.00000 | 1.00000 | 1.00000 | 1.00000 | 1.00000 | 1.00000 | 1.00000 | 1.00000 | 1.00000 | 1.00000 
12 (0,1,1,0)             | 1.00000 | 1.00000 | 1.00000 | 1.00000 | 1.00000 | 1.00000 | 1.00000 | 1.00000 | 1.00000 | 1.00000 
48 (1,2,1,0)             | 1.00000 | 1.00000 | 1.00000 | 1.00000 | 1.00000 | 1.00000 | 1.00000 | 1.00000 | 1.00000 | 1.00000 
30 (1,0,1,0)             | 1.00000 | 1.00000 | 1.00000 | 1.00000 | 1.00000 | 1.00000 | 1.00000 | 1.00000 | 1.00000 | 1.00000 
42 (1,1,2,0)             | 1.00000 | 1.00000 | 1.00000 | 1.00000 | 1.00000 | 1.00000 | 1.00000 | 1.00000 | 1.00000 | 1.00000 
36 (1,1,0,0)             | 1.00000 | 1.00000 | 1.00000 | 1.00000 | 1.00000 | 1.00000 | 1.00000 | 1.00000 | 1.00000 | 1.00000 
40 (1,1,1,1)             | 1.00000 | 1.00000 | 1.00000 | 1.00000 | 1.00000 | 1.00000 | 1.00000 | 1.00000 | 1.00000 | 1.00000 
41 (1,1,1,2)             | 1.00000 | 1.00000 | 1.00000 | 1.00000 | 1.00000 | 1.00000 | 1.00000 | 1.00000 | 1.00000 | 1.00000 


--- Directed Probability Table P(h,d,b)(u) for Node u = 40 ---
--- Torus Configuration: n=4, k=3 ---

Incoming Neighbor b      | (1,1)   | (1,2)   | (2,2)   | (1,3)   | (2,3)   | (3,3)   | (1,4)   | (2,4)   | (3,4)   | (4,4)   
-------------------------+----------+----------+----------+----------+----------+----------+----------+----------+----------+----------
67 (2,1,1,1)             | 1.00000 | 1.00000 | 1.00000 | 1.00000 | 1.00000 | 1.00000 | 1.00000 | 1.00000 | 1.00000 | 1.00000 
13 (0,1,1,1)             | 1.00000 | 1.00000 | 1.00000 | 1.00000 | 1.00000 | 1.00000 | 1.00000 | 1.00000 | 1.00000 | 1.00000 
49 (1,2,1,1)             | 1.00000 | 1.00000 | 1.00000 | 1.00000 | 1.00000 | 1.00000 | 1.00000 | 1.00000 | 1.00000 | 1.00000 
31 (1,0,1,1)             | 1.00000 | 1.00000 | 1.00000 | 1.00000 | 1.00000 | 1.00000 | 1.00000 | 1.00000 | 1.00000 | 1.00000 
43 (1,1,2,1)             | 1.00000 | 1.00000 | 1.00000 | 1.00000 | 1.00000 | 1.00000 | 1.00000 | 1.00000 | 1.00000 | 1.00000 
37 (1,1,0,1)             | 1.00000 | 1.00000 | 1.00000 | 1.00000 | 1.00000 | 1.00000 | 1.00000 | 1.00000 | 1.00000 | 1.00000 
41 (1,1,1,2)             | 1.00000 | 1.00000 | 1.00000 | 1.00000 | 1.00000 | 1.00000 | 1.00000 | 1.00000 | 1.00000 | 1.00000 
39 (1,1,1,0)             | 1.00000 | 1.00000 | 1.00000 | 1.00000 | 1.00000 | 1.00000 | 1.00000 | 1.00000 | 1.00000 | 1.00000 


--- Directed Probability Table P(h,d,b)(u) for Node u = 41 ---
--- Torus Configuration: n=4, k=3 ---

Incoming Neighbor b      | (1,1)   | (1,2)   | (2,2)   | (1,3)   | (2,3)   | (3,3)   | (1,4)   | (2,4)   | (3,4)   | (4,4)   
-------------------------+----------+----------+----------+----------+----------+----------+----------+----------+----------+----------
68 (2,1,1,2)             | 1.00000 | 1.00000 | 1.00000 | 1.00000 | 1.00000 | 1.00000 | 1.00000 | 1.00000 | 1.00000 | 1.00000 
14 (0,1,1,2)             | 1.00000 | 1.00000 | 1.00000 | 1.00000 | 1.00000 | 1.00000 | 1.00000 | 1.00000 | 1.00000 | 1.00000 
50 (1,2,1,2)             | 1.00000 | 1.00000 | 1.00000 | 1.00000 | 1.00000 | 1.00000 | 1.00000 | 1.00000 | 1.00000 | 1.00000 
32 (1,0,1,2)             | 1.00000 | 1.00000 | 1.00000 | 1.00000 | 1.00000 | 1.00000 | 1.00000 | 1.00000 | 1.00000 | 1.00000 
44 (1,1,2,2)             | 1.00000 | 1.00000 | 1.00000 | 1.00000 | 1.00000 | 1.00000 | 1.00000 | 1.00000 | 1.00000 | 1.00000 
38 (1,1,0,2)             | 1.00000 | 1.00000 | 1.00000 | 1.00000 | 1.00000 | 1.00000 | 1.00000 | 1.00000 | 1.00000 | 1.00000 
39 (1,1,1,0)             | 1.00000 | 1.00000 | 1.00000 | 1.00000 | 1.00000 | 1.00000 | 1.00000 | 1.00000 | 1.00000 | 1.00000 
40 (1,1,1,1)             | 1.00000 | 1.00000 | 1.00000 | 1.00000 | 1.00000 | 1.00000 | 1.00000 | 1.00000 | 1.00000 | 1.00000 


--- Directed Probability Table P(h,d,b)(u) for Node u = 42 ---
--- Torus Configuration: n=4, k=3 ---

Incoming Neighbor b      | (1,1)   | (1,2)   | (2,2)   | (1,3)   | (2,3)   | (3,3)   | (1,4)   | (2,4)   | (3,4)   | (4,4)   
-------------------------+----------+----------+----------+----------+----------+----------+----------+----------+----------+----------
69 (2,1,2,0)             | 1.00000 | 1.00000 | 1.00000 | 1.00000 | 1.00000 | 1.00000 | 1.00000 | 1.00000 | 1.00000 | 1.00000 
15 (0,1,2,0)             | 1.00000 | 1.00000 | 1.00000 | 1.00000 | 1.00000 | 1.00000 | 1.00000 | 1.00000 | 1.00000 | 1.00000 
51 (1,2,2,0)             | 1.00000 | 1.00000 | 1.00000 | 1.00000 | 1.00000 | 1.00000 | 1.00000 | 1.00000 | 1.00000 | 1.00000 
33 (1,0,2,0)             | 1.00000 | 1.00000 | 1.00000 | 1.00000 | 1.00000 | 1.00000 | 1.00000 | 1.00000 | 1.00000 | 1.00000 
36 (1,1,0,0)             | 1.00000 | 1.00000 | 1.00000 | 1.00000 | 1.00000 | 1.00000 | 1.00000 | 1.00000 | 1.00000 | 1.00000 
39 (1,1,1,0)             | 1.00000 | 1.00000 | 1.00000 | 1.00000 | 1.00000 | 1.00000 | 1.00000 | 1.00000 | 1.00000 | 1.00000 
43 (1,1,2,1)             | 1.00000 | 1.00000 | 1.00000 | 1.00000 | 1.00000 | 1.00000 | 1.00000 | 1.00000 | 1.00000 | 1.00000 
44 (1,1,2,2)             | 1.00000 | 1.00000 | 1.00000 | 1.00000 | 1.00000 | 1.00000 | 1.00000 | 1.00000 | 1.00000 | 1.00000 


--- Directed Probability Table P(h,d,b)(u) for Node u = 43 ---
--- Torus Configuration: n=4, k=3 ---

Incoming Neighbor b      | (1,1)   | (1,2)   | (2,2)   | (1,3)   | (2,3)   | (3,3)   | (1,4)   | (2,4)   | (3,4)   | (4,4)   
-------------------------+----------+----------+----------+----------+----------+----------+----------+----------+----------+----------
70 (2,1,2,1)             | 1.00000 | 1.00000 | 1.00000 | 1.00000 | 1.00000 | 1.00000 | 1.00000 | 1.00000 | 1.00000 | 1.00000 
16 (0,1,2,1)             | 1.00000 | 1.00000 | 1.00000 | 1.00000 | 1.00000 | 1.00000 | 1.00000 | 1.00000 | 1.00000 | 1.00000 
52 (1,2,2,1)             | 1.00000 | 1.00000 | 1.00000 | 1.00000 | 1.00000 | 1.00000 | 1.00000 | 1.00000 | 1.00000 | 1.00000 
34 (1,0,2,1)             | 1.00000 | 1.00000 | 1.00000 | 1.00000 | 1.00000 | 1.00000 | 1.00000 | 1.00000 | 1.00000 | 1.00000 
37 (1,1,0,1)             | 1.00000 | 1.00000 | 1.00000 | 1.00000 | 1.00000 | 1.00000 | 1.00000 | 1.00000 | 1.00000 | 1.00000 
40 (1,1,1,1)             | 1.00000 | 1.00000 | 1.00000 | 1.00000 | 1.00000 | 1.00000 | 1.00000 | 1.00000 | 1.00000 | 1.00000 
44 (1,1,2,2)             | 1.00000 | 1.00000 | 1.00000 | 1.00000 | 1.00000 | 1.00000 | 1.00000 | 1.00000 | 1.00000 | 1.00000 
42 (1,1,2,0)             | 1.00000 | 1.00000 | 1.00000 | 1.00000 | 1.00000 | 1.00000 | 1.00000 | 1.00000 | 1.00000 | 1.00000 


--- Directed Probability Table P(h,d,b)(u) for Node u = 44 ---
--- Torus Configuration: n=4, k=3 ---

Incoming Neighbor b      | (1,1)   | (1,2)   | (2,2)   | (1,3)   | (2,3)   | (3,3)   | (1,4)   | (2,4)   | (3,4)   | (4,4)   
-------------------------+----------+----------+----------+----------+----------+----------+----------+----------+----------+----------
71 (2,1,2,2)             | 1.00000 | 1.00000 | 1.00000 | 1.00000 | 1.00000 | 1.00000 | 1.00000 | 1.00000 | 1.00000 | 1.00000 
17 (0,1,2,2)             | 1.00000 | 1.00000 | 1.00000 | 1.00000 | 1.00000 | 1.00000 | 1.00000 | 1.00000 | 1.00000 | 1.00000 
53 (1,2,2,2)             | 1.00000 | 1.00000 | 1.00000 | 1.00000 | 1.00000 | 1.00000 | 1.00000 | 1.00000 | 1.00000 | 1.00000 
35 (1,0,2,2)             | 1.00000 | 1.00000 | 1.00000 | 1.00000 | 1.00000 | 1.00000 | 1.00000 | 1.00000 | 1.00000 | 1.00000 
38 (1,1,0,2)             | 1.00000 | 1.00000 | 1.00000 | 1.00000 | 1.00000 | 1.00000 | 1.00000 | 1.00000 | 1.00000 | 1.00000 
41 (1,1,1,2)             | 1.00000 | 1.00000 | 1.00000 | 1.00000 | 1.00000 | 1.00000 | 1.00000 | 1.00000 | 1.00000 | 1.00000 
42 (1,1,2,0)             | 1.00000 | 1.00000 | 1.00000 | 1.00000 | 1.00000 | 1.00000 | 1.00000 | 1.00000 | 1.00000 | 1.00000 
43 (1,1,2,1)             | 1.00000 | 1.00000 | 1.00000 | 1.00000 | 1.00000 | 1.00000 | 1.00000 | 1.00000 | 1.00000 | 1.00000 


--- Directed Probability Table P(h,d,b)(u) for Node u = 45 ---
--- Torus Configuration: n=4, k=3 ---

Incoming Neighbor b      | (1,1)   | (1,2)   | (2,2)   | (1,3)   | (2,3)   | (3,3)   | (1,4)   | (2,4)   | (3,4)   | (4,4)   
-------------------------+----------+----------+----------+----------+----------+----------+----------+----------+----------+----------
72 (2,2,0,0)             | 1.00000 | 1.00000 | 1.00000 | 1.00000 | 1.00000 | 1.00000 | 1.00000 | 1.00000 | 1.00000 | 1.00000 
18 (0,2,0,0)             | 1.00000 | 1.00000 | 1.00000 | 1.00000 | 1.00000 | 1.00000 | 1.00000 | 1.00000 | 1.00000 | 1.00000 
27 (1,0,0,0)             | 1.00000 | 1.00000 | 1.00000 | 1.00000 | 1.00000 | 1.00000 | 1.00000 | 1.00000 | 1.00000 | 1.00000 
36 (1,1,0,0)             | 1.00000 | 1.00000 | 1.00000 | 1.00000 | 1.00000 | 1.00000 | 1.00000 | 1.00000 | 1.00000 | 1.00000 
48 (1,2,1,0)             | 1.00000 | 1.00000 | 1.00000 | 1.00000 | 1.00000 | 1.00000 | 1.00000 | 1.00000 | 1.00000 | 1.00000 
51 (1,2,2,0)             | 1.00000 | 1.00000 | 1.00000 | 1.00000 | 1.00000 | 1.00000 | 1.00000 | 1.00000 | 1.00000 | 1.00000 
46 (1,2,0,1)             | 1.00000 | 1.00000 | 1.00000 | 1.00000 | 1.00000 | 1.00000 | 1.00000 | 1.00000 | 1.00000 | 1.00000 
47 (1,2,0,2)             | 1.00000 | 1.00000 | 1.00000 | 1.00000 | 1.00000 | 1.00000 | 1.00000 | 1.00000 | 1.00000 | 1.00000 


--- Directed Probability Table P(h,d,b)(u) for Node u = 46 ---
--- Torus Configuration: n=4, k=3 ---

Incoming Neighbor b      | (1,1)   | (1,2)   | (2,2)   | (1,3)   | (2,3)   | (3,3)   | (1,4)   | (2,4)   | (3,4)   | (4,4)   
-------------------------+----------+----------+----------+----------+----------+----------+----------+----------+----------+----------
73 (2,2,0,1)             | 1.00000 | 1.00000 | 1.00000 | 1.00000 | 1.00000 | 1.00000 | 1.00000 | 1.00000 | 1.00000 | 1.00000 
19 (0,2,0,1)             | 1.00000 | 1.00000 | 1.00000 | 1.00000 | 1.00000 | 1.00000 | 1.00000 | 1.00000 | 1.00000 | 1.00000 
28 (1,0,0,1)             | 1.00000 | 1.00000 | 1.00000 | 1.00000 | 1.00000 | 1.00000 | 1.00000 | 1.00000 | 1.00000 | 1.00000 
37 (1,1,0,1)             | 1.00000 | 1.00000 | 1.00000 | 1.00000 | 1.00000 | 1.00000 | 1.00000 | 1.00000 | 1.00000 | 1.00000 
49 (1,2,1,1)             | 1.00000 | 1.00000 | 1.00000 | 1.00000 | 1.00000 | 1.00000 | 1.00000 | 1.00000 | 1.00000 | 1.00000 
52 (1,2,2,1)             | 1.00000 | 1.00000 | 1.00000 | 1.00000 | 1.00000 | 1.00000 | 1.00000 | 1.00000 | 1.00000 | 1.00000 
47 (1,2,0,2)             | 1.00000 | 1.00000 | 1.00000 | 1.00000 | 1.00000 | 1.00000 | 1.00000 | 1.00000 | 1.00000 | 1.00000 
45 (1,2,0,0)             | 1.00000 | 1.00000 | 1.00000 | 1.00000 | 1.00000 | 1.00000 | 1.00000 | 1.00000 | 1.00000 | 1.00000 


--- Directed Probability Table P(h,d,b)(u) for Node u = 47 ---
--- Torus Configuration: n=4, k=3 ---

Incoming Neighbor b      | (1,1)   | (1,2)   | (2,2)   | (1,3)   | (2,3)   | (3,3)   | (1,4)   | (2,4)   | (3,4)   | (4,4)   
-------------------------+----------+----------+----------+----------+----------+----------+----------+----------+----------+----------
74 (2,2,0,2)             | 1.00000 | 1.00000 | 1.00000 | 1.00000 | 1.00000 | 1.00000 | 1.00000 | 1.00000 | 1.00000 | 1.00000 
20 (0,2,0,2)             | 1.00000 | 1.00000 | 1.00000 | 1.00000 | 1.00000 | 1.00000 | 1.00000 | 1.00000 | 1.00000 | 1.00000 
29 (1,0,0,2)             | 1.00000 | 1.00000 | 1.00000 | 1.00000 | 1.00000 | 1.00000 | 1.00000 | 1.00000 | 1.00000 | 1.00000 
38 (1,1,0,2)             | 1.00000 | 1.00000 | 1.00000 | 1.00000 | 1.00000 | 1.00000 | 1.00000 | 1.00000 | 1.00000 | 1.00000 
50 (1,2,1,2)             | 1.00000 | 1.00000 | 1.00000 | 1.00000 | 1.00000 | 1.00000 | 1.00000 | 1.00000 | 1.00000 | 1.00000 
53 (1,2,2,2)             | 1.00000 | 1.00000 | 1.00000 | 1.00000 | 1.00000 | 1.00000 | 1.00000 | 1.00000 | 1.00000 | 1.00000 
45 (1,2,0,0)             | 1.00000 | 1.00000 | 1.00000 | 1.00000 | 1.00000 | 1.00000 | 1.00000 | 1.00000 | 1.00000 | 1.00000 
46 (1,2,0,1)             | 1.00000 | 1.00000 | 1.00000 | 1.00000 | 1.00000 | 1.00000 | 1.00000 | 1.00000 | 1.00000 | 1.00000 


--- Directed Probability Table P(h,d,b)(u) for Node u = 48 ---
--- Torus Configuration: n=4, k=3 ---

Incoming Neighbor b      | (1,1)   | (1,2)   | (2,2)   | (1,3)   | (2,3)   | (3,3)   | (1,4)   | (2,4)   | (3,4)   | (4,4)   
-------------------------+----------+----------+----------+----------+----------+----------+----------+----------+----------+----------
75 (2,2,1,0)             | 1.00000 | 1.00000 | 1.00000 | 1.00000 | 1.00000 | 1.00000 | 1.00000 | 1.00000 | 1.00000 | 1.00000 
21 (0,2,1,0)             | 1.00000 | 1.00000 | 1.00000 | 1.00000 | 1.00000 | 1.00000 | 1.00000 | 1.00000 | 1.00000 | 1.00000 
30 (1,0,1,0)             | 1.00000 | 1.00000 | 1.00000 | 1.00000 | 1.00000 | 1.00000 | 1.00000 | 1.00000 | 1.00000 | 1.00000 
39 (1,1,1,0)             | 1.00000 | 1.00000 | 1.00000 | 1.00000 | 1.00000 | 1.00000 | 1.00000 | 1.00000 | 1.00000 | 1.00000 
51 (1,2,2,0)             | 1.00000 | 1.00000 | 1.00000 | 1.00000 | 1.00000 | 1.00000 | 1.00000 | 1.00000 | 1.00000 | 1.00000 
45 (1,2,0,0)             | 1.00000 | 1.00000 | 1.00000 | 1.00000 | 1.00000 | 1.00000 | 1.00000 | 1.00000 | 1.00000 | 1.00000 
49 (1,2,1,1)             | 1.00000 | 1.00000 | 1.00000 | 1.00000 | 1.00000 | 1.00000 | 1.00000 | 1.00000 | 1.00000 | 1.00000 
50 (1,2,1,2)             | 1.00000 | 1.00000 | 1.00000 | 1.00000 | 1.00000 | 1.00000 | 1.00000 | 1.00000 | 1.00000 | 1.00000 


--- Directed Probability Table P(h,d,b)(u) for Node u = 49 ---
--- Torus Configuration: n=4, k=3 ---

Incoming Neighbor b      | (1,1)   | (1,2)   | (2,2)   | (1,3)   | (2,3)   | (3,3)   | (1,4)   | (2,4)   | (3,4)   | (4,4)   
-------------------------+----------+----------+----------+----------+----------+----------+----------+----------+----------+----------
76 (2,2,1,1)             | 1.00000 | 1.00000 | 1.00000 | 1.00000 | 1.00000 | 1.00000 | 1.00000 | 1.00000 | 1.00000 | 1.00000 
22 (0,2,1,1)             | 1.00000 | 1.00000 | 1.00000 | 1.00000 | 1.00000 | 1.00000 | 1.00000 | 1.00000 | 1.00000 | 1.00000 
31 (1,0,1,1)             | 1.00000 | 1.00000 | 1.00000 | 1.00000 | 1.00000 | 1.00000 | 1.00000 | 1.00000 | 1.00000 | 1.00000 
40 (1,1,1,1)             | 1.00000 | 1.00000 | 1.00000 | 1.00000 | 1.00000 | 1.00000 | 1.00000 | 1.00000 | 1.00000 | 1.00000 
52 (1,2,2,1)             | 1.00000 | 1.00000 | 1.00000 | 1.00000 | 1.00000 | 1.00000 | 1.00000 | 1.00000 | 1.00000 | 1.00000 
46 (1,2,0,1)             | 1.00000 | 1.00000 | 1.00000 | 1.00000 | 1.00000 | 1.00000 | 1.00000 | 1.00000 | 1.00000 | 1.00000 
50 (1,2,1,2)             | 1.00000 | 1.00000 | 1.00000 | 1.00000 | 1.00000 | 1.00000 | 1.00000 | 1.00000 | 1.00000 | 1.00000 
48 (1,2,1,0)             | 1.00000 | 1.00000 | 1.00000 | 1.00000 | 1.00000 | 1.00000 | 1.00000 | 1.00000 | 1.00000 | 1.00000 


--- Directed Probability Table P(h,d,b)(u) for Node u = 50 ---
--- Torus Configuration: n=4, k=3 ---

Incoming Neighbor b      | (1,1)   | (1,2)   | (2,2)   | (1,3)   | (2,3)   | (3,3)   | (1,4)   | (2,4)   | (3,4)   | (4,4)   
-------------------------+----------+----------+----------+----------+----------+----------+----------+----------+----------+----------
77 (2,2,1,2)             | 1.00000 | 1.00000 | 1.00000 | 1.00000 | 1.00000 | 1.00000 | 1.00000 | 1.00000 | 1.00000 | 1.00000 
23 (0,2,1,2)             | 1.00000 | 1.00000 | 1.00000 | 1.00000 | 1.00000 | 1.00000 | 1.00000 | 1.00000 | 1.00000 | 1.00000 
32 (1,0,1,2)             | 1.00000 | 1.00000 | 1.00000 | 1.00000 | 1.00000 | 1.00000 | 1.00000 | 1.00000 | 1.00000 | 1.00000 
41 (1,1,1,2)             | 1.00000 | 1.00000 | 1.00000 | 1.00000 | 1.00000 | 1.00000 | 1.00000 | 1.00000 | 1.00000 | 1.00000 
53 (1,2,2,2)             | 1.00000 | 1.00000 | 1.00000 | 1.00000 | 1.00000 | 1.00000 | 1.00000 | 1.00000 | 1.00000 | 1.00000 
47 (1,2,0,2)             | 1.00000 | 1.00000 | 1.00000 | 1.00000 | 1.00000 | 1.00000 | 1.00000 | 1.00000 | 1.00000 | 1.00000 
48 (1,2,1,0)             | 1.00000 | 1.00000 | 1.00000 | 1.00000 | 1.00000 | 1.00000 | 1.00000 | 1.00000 | 1.00000 | 1.00000 
49 (1,2,1,1)             | 1.00000 | 1.00000 | 1.00000 | 1.00000 | 1.00000 | 1.00000 | 1.00000 | 1.00000 | 1.00000 | 1.00000 


--- Directed Probability Table P(h,d,b)(u) for Node u = 51 ---
--- Torus Configuration: n=4, k=3 ---

Incoming Neighbor b      | (1,1)   | (1,2)   | (2,2)   | (1,3)   | (2,3)   | (3,3)   | (1,4)   | (2,4)   | (3,4)   | (4,4)   
-------------------------+----------+----------+----------+----------+----------+----------+----------+----------+----------+----------
78 (2,2,2,0)             | 1.00000 | 1.00000 | 1.00000 | 1.00000 | 1.00000 | 1.00000 | 1.00000 | 1.00000 | 1.00000 | 1.00000 
24 (0,2,2,0)             | 1.00000 | 1.00000 | 1.00000 | 1.00000 | 1.00000 | 1.00000 | 1.00000 | 1.00000 | 1.00000 | 1.00000 
33 (1,0,2,0)             | 1.00000 | 1.00000 | 1.00000 | 1.00000 | 1.00000 | 1.00000 | 1.00000 | 1.00000 | 1.00000 | 1.00000 
42 (1,1,2,0)             | 1.00000 | 1.00000 | 1.00000 | 1.00000 | 1.00000 | 1.00000 | 1.00000 | 1.00000 | 1.00000 | 1.00000 
45 (1,2,0,0)             | 1.00000 | 1.00000 | 1.00000 | 1.00000 | 1.00000 | 1.00000 | 1.00000 | 1.00000 | 1.00000 | 1.00000 
48 (1,2,1,0)             | 1.00000 | 1.00000 | 1.00000 | 1.00000 | 1.00000 | 1.00000 | 1.00000 | 1.00000 | 1.00000 | 1.00000 
52 (1,2,2,1)             | 1.00000 | 1.00000 | 1.00000 | 1.00000 | 1.00000 | 1.00000 | 1.00000 | 1.00000 | 1.00000 | 1.00000 
53 (1,2,2,2)             | 1.00000 | 1.00000 | 1.00000 | 1.00000 | 1.00000 | 1.00000 | 1.00000 | 1.00000 | 1.00000 | 1.00000 


--- Directed Probability Table P(h,d,b)(u) for Node u = 52 ---
--- Torus Configuration: n=4, k=3 ---

Incoming Neighbor b      | (1,1)   | (1,2)   | (2,2)   | (1,3)   | (2,3)   | (3,3)   | (1,4)   | (2,4)   | (3,4)   | (4,4)   
-------------------------+----------+----------+----------+----------+----------+----------+----------+----------+----------+----------
79 (2,2,2,1)             | 1.00000 | 1.00000 | 1.00000 | 1.00000 | 1.00000 | 1.00000 | 1.00000 | 1.00000 | 1.00000 | 1.00000 
25 (0,2,2,1)             | 1.00000 | 1.00000 | 1.00000 | 1.00000 | 1.00000 | 1.00000 | 1.00000 | 1.00000 | 1.00000 | 1.00000 
34 (1,0,2,1)             | 1.00000 | 1.00000 | 1.00000 | 1.00000 | 1.00000 | 1.00000 | 1.00000 | 1.00000 | 1.00000 | 1.00000 
43 (1,1,2,1)             | 1.00000 | 1.00000 | 1.00000 | 1.00000 | 1.00000 | 1.00000 | 1.00000 | 1.00000 | 1.00000 | 1.00000 
46 (1,2,0,1)             | 1.00000 | 1.00000 | 1.00000 | 1.00000 | 1.00000 | 1.00000 | 1.00000 | 1.00000 | 1.00000 | 1.00000 
49 (1,2,1,1)             | 1.00000 | 1.00000 | 1.00000 | 1.00000 | 1.00000 | 1.00000 | 1.00000 | 1.00000 | 1.00000 | 1.00000 
53 (1,2,2,2)             | 1.00000 | 1.00000 | 1.00000 | 1.00000 | 1.00000 | 1.00000 | 1.00000 | 1.00000 | 1.00000 | 1.00000 
51 (1,2,2,0)             | 1.00000 | 1.00000 | 1.00000 | 1.00000 | 1.00000 | 1.00000 | 1.00000 | 1.00000 | 1.00000 | 1.00000 


--- Directed Probability Table P(h,d,b)(u) for Node u = 53 ---
--- Torus Configuration: n=4, k=3 ---

Incoming Neighbor b      | (1,1)   | (1,2)   | (2,2)   | (1,3)   | (2,3)   | (3,3)   | (1,4)   | (2,4)   | (3,4)   | (4,4)   
-------------------------+----------+----------+----------+----------+----------+----------+----------+----------+----------+----------
80 (2,2,2,2)             | 1.00000 | 1.00000 | 1.00000 | 1.00000 | 1.00000 | 1.00000 | 1.00000 | 1.00000 | 1.00000 | 1.00000 
26 (0,2,2,2)             | 1.00000 | 1.00000 | 1.00000 | 1.00000 | 1.00000 | 1.00000 | 1.00000 | 1.00000 | 1.00000 | 1.00000 
35 (1,0,2,2)             | 1.00000 | 1.00000 | 1.00000 | 1.00000 | 1.00000 | 1.00000 | 1.00000 | 1.00000 | 1.00000 | 1.00000 
44 (1,1,2,2)             | 1.00000 | 1.00000 | 1.00000 | 1.00000 | 1.00000 | 1.00000 | 1.00000 | 1.00000 | 1.00000 | 1.00000 
47 (1,2,0,2)             | 1.00000 | 1.00000 | 1.00000 | 1.00000 | 1.00000 | 1.00000 | 1.00000 | 1.00000 | 1.00000 | 1.00000 
50 (1,2,1,2)             | 1.00000 | 1.00000 | 1.00000 | 1.00000 | 1.00000 | 1.00000 | 1.00000 | 1.00000 | 1.00000 | 1.00000 
51 (1,2,2,0)             | 1.00000 | 1.00000 | 1.00000 | 1.00000 | 1.00000 | 1.00000 | 1.00000 | 1.00000 | 1.00000 | 1.00000 
52 (1,2,2,1)             | 1.00000 | 1.00000 | 1.00000 | 1.00000 | 1.00000 | 1.00000 | 1.00000 | 1.00000 | 1.00000 | 1.00000 


--- Directed Probability Table P(h,d,b)(u) for Node u = 54 ---
--- Torus Configuration: n=4, k=3 ---

Incoming Neighbor b      | (1,1)   | (1,2)   | (2,2)   | (1,3)   | (2,3)   | (3,3)   | (1,4)   | (2,4)   | (3,4)   | (4,4)   
-------------------------+----------+----------+----------+----------+----------+----------+----------+----------+----------+----------
0 (0,0,0,0)              | 1.00000 | 1.00000 | 1.00000 | 1.00000 | 1.00000 | 1.00000 | 1.00000 | 1.00000 | 1.00000 | 1.00000 
27 (1,0,0,0)             | 1.00000 | 1.00000 | 1.00000 | 1.00000 | 1.00000 | 1.00000 | 1.00000 | 1.00000 | 1.00000 | 1.00000 
63 (2,1,0,0)             | 1.00000 | 1.00000 | 1.00000 | 1.00000 | 1.00000 | 1.00000 | 1.00000 | 1.00000 | 1.00000 | 1.00000 
72 (2,2,0,0)             | 1.00000 | 1.00000 | 1.00000 | 1.00000 | 1.00000 | 1.00000 | 1.00000 | 1.00000 | 1.00000 | 1.00000 
57 (2,0,1,0)             | 1.00000 | 1.00000 | 1.00000 | 1.00000 | 1.00000 | 1.00000 | 1.00000 | 1.00000 | 1.00000 | 1.00000 
60 (2,0,2,0)             | 1.00000 | 1.00000 | 1.00000 | 1.00000 | 1.00000 | 1.00000 | 1.00000 | 1.00000 | 1.00000 | 1.00000 
55 (2,0,0,1)             | 1.00000 | 1.00000 | 1.00000 | 1.00000 | 1.00000 | 1.00000 | 1.00000 | 1.00000 | 1.00000 | 1.00000 
56 (2,0,0,2)             | 1.00000 | 1.00000 | 1.00000 | 1.00000 | 1.00000 | 1.00000 | 1.00000 | 1.00000 | 1.00000 | 1.00000 


--- Directed Probability Table P(h,d,b)(u) for Node u = 55 ---
--- Torus Configuration: n=4, k=3 ---

Incoming Neighbor b      | (1,1)   | (1,2)   | (2,2)   | (1,3)   | (2,3)   | (3,3)   | (1,4)   | (2,4)   | (3,4)   | (4,4)   
-------------------------+----------+----------+----------+----------+----------+----------+----------+----------+----------+----------
1 (0,0,0,1)              | 1.00000 | 1.00000 | 1.00000 | 1.00000 | 1.00000 | 1.00000 | 1.00000 | 1.00000 | 1.00000 | 1.00000 
28 (1,0,0,1)             | 1.00000 | 1.00000 | 1.00000 | 1.00000 | 1.00000 | 1.00000 | 1.00000 | 1.00000 | 1.00000 | 1.00000 
64 (2,1,0,1)             | 1.00000 | 1.00000 | 1.00000 | 1.00000 | 1.00000 | 1.00000 | 1.00000 | 1.00000 | 1.00000 | 1.00000 
73 (2,2,0,1)             | 1.00000 | 1.00000 | 1.00000 | 1.00000 | 1.00000 | 1.00000 | 1.00000 | 1.00000 | 1.00000 | 1.00000 
58 (2,0,1,1)             | 1.00000 | 1.00000 | 1.00000 | 1.00000 | 1.00000 | 1.00000 | 1.00000 | 1.00000 | 1.00000 | 1.00000 
61 (2,0,2,1)             | 1.00000 | 1.00000 | 1.00000 | 1.00000 | 1.00000 | 1.00000 | 1.00000 | 1.00000 | 1.00000 | 1.00000 
56 (2,0,0,2)             | 1.00000 | 1.00000 | 1.00000 | 1.00000 | 1.00000 | 1.00000 | 1.00000 | 1.00000 | 1.00000 | 1.00000 
54 (2,0,0,0)             | 1.00000 | 1.00000 | 1.00000 | 1.00000 | 1.00000 | 1.00000 | 1.00000 | 1.00000 | 1.00000 | 1.00000 


--- Directed Probability Table P(h,d,b)(u) for Node u = 56 ---
--- Torus Configuration: n=4, k=3 ---

Incoming Neighbor b      | (1,1)   | (1,2)   | (2,2)   | (1,3)   | (2,3)   | (3,3)   | (1,4)   | (2,4)   | (3,4)   | (4,4)   
-------------------------+----------+----------+----------+----------+----------+----------+----------+----------+----------+----------
2 (0,0,0,2)              | 1.00000 | 1.00000 | 1.00000 | 1.00000 | 1.00000 | 1.00000 | 1.00000 | 1.00000 | 1.00000 | 1.00000 
29 (1,0,0,2)             | 1.00000 | 1.00000 | 1.00000 | 1.00000 | 1.00000 | 1.00000 | 1.00000 | 1.00000 | 1.00000 | 1.00000 
65 (2,1,0,2)             | 1.00000 | 1.00000 | 1.00000 | 1.00000 | 1.00000 | 1.00000 | 1.00000 | 1.00000 | 1.00000 | 1.00000 
74 (2,2,0,2)             | 1.00000 | 1.00000 | 1.00000 | 1.00000 | 1.00000 | 1.00000 | 1.00000 | 1.00000 | 1.00000 | 1.00000 
59 (2,0,1,2)             | 1.00000 | 1.00000 | 1.00000 | 1.00000 | 1.00000 | 1.00000 | 1.00000 | 1.00000 | 1.00000 | 1.00000 
62 (2,0,2,2)             | 1.00000 | 1.00000 | 1.00000 | 1.00000 | 1.00000 | 1.00000 | 1.00000 | 1.00000 | 1.00000 | 1.00000 
54 (2,0,0,0)             | 1.00000 | 1.00000 | 1.00000 | 1.00000 | 1.00000 | 1.00000 | 1.00000 | 1.00000 | 1.00000 | 1.00000 
55 (2,0,0,1)             | 1.00000 | 1.00000 | 1.00000 | 1.00000 | 1.00000 | 1.00000 | 1.00000 | 1.00000 | 1.00000 | 1.00000 


--- Directed Probability Table P(h,d,b)(u) for Node u = 57 ---
--- Torus Configuration: n=4, k=3 ---

Incoming Neighbor b      | (1,1)   | (1,2)   | (2,2)   | (1,3)   | (2,3)   | (3,3)   | (1,4)   | (2,4)   | (3,4)   | (4,4)   
-------------------------+----------+----------+----------+----------+----------+----------+----------+----------+----------+----------
3 (0,0,1,0)              | 1.00000 | 1.00000 | 1.00000 | 1.00000 | 1.00000 | 1.00000 | 1.00000 | 1.00000 | 1.00000 | 1.00000 
30 (1,0,1,0)             | 1.00000 | 1.00000 | 1.00000 | 1.00000 | 1.00000 | 1.00000 | 1.00000 | 1.00000 | 1.00000 | 1.00000 
66 (2,1,1,0)             | 1.00000 | 1.00000 | 1.00000 | 1.00000 | 1.00000 | 1.00000 | 1.00000 | 1.00000 | 1.00000 | 1.00000 
75 (2,2,1,0)             | 1.00000 | 1.00000 | 1.00000 | 1.00000 | 1.00000 | 1.00000 | 1.00000 | 1.00000 | 1.00000 | 1.00000 
60 (2,0,2,0)             | 1.00000 | 1.00000 | 1.00000 | 1.00000 | 1.00000 | 1.00000 | 1.00000 | 1.00000 | 1.00000 | 1.00000 
54 (2,0,0,0)             | 1.00000 | 1.00000 | 1.00000 | 1.00000 | 1.00000 | 1.00000 | 1.00000 | 1.00000 | 1.00000 | 1.00000 
58 (2,0,1,1)             | 1.00000 | 1.00000 | 1.00000 | 1.00000 | 1.00000 | 1.00000 | 1.00000 | 1.00000 | 1.00000 | 1.00000 
59 (2,0,1,2)             | 1.00000 | 1.00000 | 1.00000 | 1.00000 | 1.00000 | 1.00000 | 1.00000 | 1.00000 | 1.00000 | 1.00000 


--- Directed Probability Table P(h,d,b)(u) for Node u = 58 ---
--- Torus Configuration: n=4, k=3 ---

Incoming Neighbor b      | (1,1)   | (1,2)   | (2,2)   | (1,3)   | (2,3)   | (3,3)   | (1,4)   | (2,4)   | (3,4)   | (4,4)   
-------------------------+----------+----------+----------+----------+----------+----------+----------+----------+----------+----------
4 (0,0,1,1)              | 1.00000 | 1.00000 | 1.00000 | 1.00000 | 1.00000 | 1.00000 | 1.00000 | 1.00000 | 1.00000 | 1.00000 
31 (1,0,1,1)             | 1.00000 | 1.00000 | 1.00000 | 1.00000 | 1.00000 | 1.00000 | 1.00000 | 1.00000 | 1.00000 | 1.00000 
67 (2,1,1,1)             | 1.00000 | 1.00000 | 1.00000 | 1.00000 | 1.00000 | 1.00000 | 1.00000 | 1.00000 | 1.00000 | 1.00000 
76 (2,2,1,1)             | 1.00000 | 1.00000 | 1.00000 | 1.00000 | 1.00000 | 1.00000 | 1.00000 | 1.00000 | 1.00000 | 1.00000 
61 (2,0,2,1)             | 1.00000 | 1.00000 | 1.00000 | 1.00000 | 1.00000 | 1.00000 | 1.00000 | 1.00000 | 1.00000 | 1.00000 
55 (2,0,0,1)             | 1.00000 | 1.00000 | 1.00000 | 1.00000 | 1.00000 | 1.00000 | 1.00000 | 1.00000 | 1.00000 | 1.00000 
59 (2,0,1,2)             | 1.00000 | 1.00000 | 1.00000 | 1.00000 | 1.00000 | 1.00000 | 1.00000 | 1.00000 | 1.00000 | 1.00000 
57 (2,0,1,0)             | 1.00000 | 1.00000 | 1.00000 | 1.00000 | 1.00000 | 1.00000 | 1.00000 | 1.00000 | 1.00000 | 1.00000 


--- Directed Probability Table P(h,d,b)(u) for Node u = 59 ---
--- Torus Configuration: n=4, k=3 ---

Incoming Neighbor b      | (1,1)   | (1,2)   | (2,2)   | (1,3)   | (2,3)   | (3,3)   | (1,4)   | (2,4)   | (3,4)   | (4,4)   
-------------------------+----------+----------+----------+----------+----------+----------+----------+----------+----------+----------
5 (0,0,1,2)              | 1.00000 | 1.00000 | 1.00000 | 1.00000 | 1.00000 | 1.00000 | 1.00000 | 1.00000 | 1.00000 | 1.00000 
32 (1,0,1,2)             | 1.00000 | 1.00000 | 1.00000 | 1.00000 | 1.00000 | 1.00000 | 1.00000 | 1.00000 | 1.00000 | 1.00000 
68 (2,1,1,2)             | 1.00000 | 1.00000 | 1.00000 | 1.00000 | 1.00000 | 1.00000 | 1.00000 | 1.00000 | 1.00000 | 1.00000 
77 (2,2,1,2)             | 1.00000 | 1.00000 | 1.00000 | 1.00000 | 1.00000 | 1.00000 | 1.00000 | 1.00000 | 1.00000 | 1.00000 
62 (2,0,2,2)             | 1.00000 | 1.00000 | 1.00000 | 1.00000 | 1.00000 | 1.00000 | 1.00000 | 1.00000 | 1.00000 | 1.00000 
56 (2,0,0,2)             | 1.00000 | 1.00000 | 1.00000 | 1.00000 | 1.00000 | 1.00000 | 1.00000 | 1.00000 | 1.00000 | 1.00000 
57 (2,0,1,0)             | 1.00000 | 1.00000 | 1.00000 | 1.00000 | 1.00000 | 1.00000 | 1.00000 | 1.00000 | 1.00000 | 1.00000 
58 (2,0,1,1)             | 1.00000 | 1.00000 | 1.00000 | 1.00000 | 1.00000 | 1.00000 | 1.00000 | 1.00000 | 1.00000 | 1.00000 


--- Directed Probability Table P(h,d,b)(u) for Node u = 60 ---
--- Torus Configuration: n=4, k=3 ---

Incoming Neighbor b      | (1,1)   | (1,2)   | (2,2)   | (1,3)   | (2,3)   | (3,3)   | (1,4)   | (2,4)   | (3,4)   | (4,4)   
-------------------------+----------+----------+----------+----------+----------+----------+----------+----------+----------+----------
6 (0,0,2,0)              | 1.00000 | 1.00000 | 1.00000 | 1.00000 | 1.00000 | 1.00000 | 1.00000 | 1.00000 | 1.00000 | 1.00000 
33 (1,0,2,0)             | 1.00000 | 1.00000 | 1.00000 | 1.00000 | 1.00000 | 1.00000 | 1.00000 | 1.00000 | 1.00000 | 1.00000 
69 (2,1,2,0)             | 1.00000 | 1.00000 | 1.00000 | 1.00000 | 1.00000 | 1.00000 | 1.00000 | 1.00000 | 1.00000 | 1.00000 
78 (2,2,2,0)             | 1.00000 | 1.00000 | 1.00000 | 1.00000 | 1.00000 | 1.00000 | 1.00000 | 1.00000 | 1.00000 | 1.00000 
54 (2,0,0,0)             | 1.00000 | 1.00000 | 1.00000 | 1.00000 | 1.00000 | 1.00000 | 1.00000 | 1.00000 | 1.00000 | 1.00000 
57 (2,0,1,0)             | 1.00000 | 1.00000 | 1.00000 | 1.00000 | 1.00000 | 1.00000 | 1.00000 | 1.00000 | 1.00000 | 1.00000 
61 (2,0,2,1)             | 1.00000 | 1.00000 | 1.00000 | 1.00000 | 1.00000 | 1.00000 | 1.00000 | 1.00000 | 1.00000 | 1.00000 
62 (2,0,2,2)             | 1.00000 | 1.00000 | 1.00000 | 1.00000 | 1.00000 | 1.00000 | 1.00000 | 1.00000 | 1.00000 | 1.00000 


--- Directed Probability Table P(h,d,b)(u) for Node u = 61 ---
--- Torus Configuration: n=4, k=3 ---

Incoming Neighbor b      | (1,1)   | (1,2)   | (2,2)   | (1,3)   | (2,3)   | (3,3)   | (1,4)   | (2,4)   | (3,4)   | (4,4)   
-------------------------+----------+----------+----------+----------+----------+----------+----------+----------+----------+----------
7 (0,0,2,1)              | 1.00000 | 1.00000 | 1.00000 | 1.00000 | 1.00000 | 1.00000 | 1.00000 | 1.00000 | 1.00000 | 1.00000 
34 (1,0,2,1)             | 1.00000 | 1.00000 | 1.00000 | 1.00000 | 1.00000 | 1.00000 | 1.00000 | 1.00000 | 1.00000 | 1.00000 
70 (2,1,2,1)             | 1.00000 | 1.00000 | 1.00000 | 1.00000 | 1.00000 | 1.00000 | 1.00000 | 1.00000 | 1.00000 | 1.00000 
79 (2,2,2,1)             | 1.00000 | 1.00000 | 1.00000 | 1.00000 | 1.00000 | 1.00000 | 1.00000 | 1.00000 | 1.00000 | 1.00000 
55 (2,0,0,1)             | 1.00000 | 1.00000 | 1.00000 | 1.00000 | 1.00000 | 1.00000 | 1.00000 | 1.00000 | 1.00000 | 1.00000 
58 (2,0,1,1)             | 1.00000 | 1.00000 | 1.00000 | 1.00000 | 1.00000 | 1.00000 | 1.00000 | 1.00000 | 1.00000 | 1.00000 
62 (2,0,2,2)             | 1.00000 | 1.00000 | 1.00000 | 1.00000 | 1.00000 | 1.00000 | 1.00000 | 1.00000 | 1.00000 | 1.00000 
60 (2,0,2,0)             | 1.00000 | 1.00000 | 1.00000 | 1.00000 | 1.00000 | 1.00000 | 1.00000 | 1.00000 | 1.00000 | 1.00000 


--- Directed Probability Table P(h,d,b)(u) for Node u = 62 ---
--- Torus Configuration: n=4, k=3 ---

Incoming Neighbor b      | (1,1)   | (1,2)   | (2,2)   | (1,3)   | (2,3)   | (3,3)   | (1,4)   | (2,4)   | (3,4)   | (4,4)   
-------------------------+----------+----------+----------+----------+----------+----------+----------+----------+----------+----------
8 (0,0,2,2)              | 1.00000 | 1.00000 | 1.00000 | 1.00000 | 1.00000 | 1.00000 | 1.00000 | 1.00000 | 1.00000 | 1.00000 
35 (1,0,2,2)             | 1.00000 | 1.00000 | 1.00000 | 1.00000 | 1.00000 | 1.00000 | 1.00000 | 1.00000 | 1.00000 | 1.00000 
71 (2,1,2,2)             | 1.00000 | 1.00000 | 1.00000 | 1.00000 | 1.00000 | 1.00000 | 1.00000 | 1.00000 | 1.00000 | 1.00000 
80 (2,2,2,2)             | 1.00000 | 1.00000 | 1.00000 | 1.00000 | 1.00000 | 1.00000 | 1.00000 | 1.00000 | 1.00000 | 1.00000 
56 (2,0,0,2)             | 1.00000 | 1.00000 | 1.00000 | 1.00000 | 1.00000 | 1.00000 | 1.00000 | 1.00000 | 1.00000 | 1.00000 
59 (2,0,1,2)             | 1.00000 | 1.00000 | 1.00000 | 1.00000 | 1.00000 | 1.00000 | 1.00000 | 1.00000 | 1.00000 | 1.00000 
60 (2,0,2,0)             | 1.00000 | 1.00000 | 1.00000 | 1.00000 | 1.00000 | 1.00000 | 1.00000 | 1.00000 | 1.00000 | 1.00000 
61 (2,0,2,1)             | 1.00000 | 1.00000 | 1.00000 | 1.00000 | 1.00000 | 1.00000 | 1.00000 | 1.00000 | 1.00000 | 1.00000 


--- Directed Probability Table P(h,d,b)(u) for Node u = 63 ---
--- Torus Configuration: n=4, k=3 ---

Incoming Neighbor b      | (1,1)   | (1,2)   | (2,2)   | (1,3)   | (2,3)   | (3,3)   | (1,4)   | (2,4)   | (3,4)   | (4,4)   
-------------------------+----------+----------+----------+----------+----------+----------+----------+----------+----------+----------
9 (0,1,0,0)              | 1.00000 | 1.00000 | 1.00000 | 1.00000 | 1.00000 | 1.00000 | 1.00000 | 1.00000 | 1.00000 | 1.00000 
36 (1,1,0,0)             | 1.00000 | 1.00000 | 1.00000 | 1.00000 | 1.00000 | 1.00000 | 1.00000 | 1.00000 | 1.00000 | 1.00000 
72 (2,2,0,0)             | 1.00000 | 1.00000 | 1.00000 | 1.00000 | 1.00000 | 1.00000 | 1.00000 | 1.00000 | 1.00000 | 1.00000 
54 (2,0,0,0)             | 1.00000 | 1.00000 | 1.00000 | 1.00000 | 1.00000 | 1.00000 | 1.00000 | 1.00000 | 1.00000 | 1.00000 
66 (2,1,1,0)             | 1.00000 | 1.00000 | 1.00000 | 1.00000 | 1.00000 | 1.00000 | 1.00000 | 1.00000 | 1.00000 | 1.00000 
69 (2,1,2,0)             | 1.00000 | 1.00000 | 1.00000 | 1.00000 | 1.00000 | 1.00000 | 1.00000 | 1.00000 | 1.00000 | 1.00000 
64 (2,1,0,1)             | 1.00000 | 1.00000 | 1.00000 | 1.00000 | 1.00000 | 1.00000 | 1.00000 | 1.00000 | 1.00000 | 1.00000 
65 (2,1,0,2)             | 1.00000 | 1.00000 | 1.00000 | 1.00000 | 1.00000 | 1.00000 | 1.00000 | 1.00000 | 1.00000 | 1.00000 


--- Directed Probability Table P(h,d,b)(u) for Node u = 64 ---
--- Torus Configuration: n=4, k=3 ---

Incoming Neighbor b      | (1,1)   | (1,2)   | (2,2)   | (1,3)   | (2,3)   | (3,3)   | (1,4)   | (2,4)   | (3,4)   | (4,4)   
-------------------------+----------+----------+----------+----------+----------+----------+----------+----------+----------+----------
10 (0,1,0,1)             | 1.00000 | 1.00000 | 1.00000 | 1.00000 | 1.00000 | 1.00000 | 1.00000 | 1.00000 | 1.00000 | 1.00000 
37 (1,1,0,1)             | 1.00000 | 1.00000 | 1.00000 | 1.00000 | 1.00000 | 1.00000 | 1.00000 | 1.00000 | 1.00000 | 1.00000 
73 (2,2,0,1)             | 1.00000 | 1.00000 | 1.00000 | 1.00000 | 1.00000 | 1.00000 | 1.00000 | 1.00000 | 1.00000 | 1.00000 
55 (2,0,0,1)             | 1.00000 | 1.00000 | 1.00000 | 1.00000 | 1.00000 | 1.00000 | 1.00000 | 1.00000 | 1.00000 | 1.00000 
67 (2,1,1,1)             | 1.00000 | 1.00000 | 1.00000 | 1.00000 | 1.00000 | 1.00000 | 1.00000 | 1.00000 | 1.00000 | 1.00000 
70 (2,1,2,1)             | 1.00000 | 1.00000 | 1.00000 | 1.00000 | 1.00000 | 1.00000 | 1.00000 | 1.00000 | 1.00000 | 1.00000 
65 (2,1,0,2)             | 1.00000 | 1.00000 | 1.00000 | 1.00000 | 1.00000 | 1.00000 | 1.00000 | 1.00000 | 1.00000 | 1.00000 
63 (2,1,0,0)             | 1.00000 | 1.00000 | 1.00000 | 1.00000 | 1.00000 | 1.00000 | 1.00000 | 1.00000 | 1.00000 | 1.00000 


--- Directed Probability Table P(h,d,b)(u) for Node u = 65 ---
--- Torus Configuration: n=4, k=3 ---

Incoming Neighbor b      | (1,1)   | (1,2)   | (2,2)   | (1,3)   | (2,3)   | (3,3)   | (1,4)   | (2,4)   | (3,4)   | (4,4)   
-------------------------+----------+----------+----------+----------+----------+----------+----------+----------+----------+----------
11 (0,1,0,2)             | 1.00000 | 1.00000 | 1.00000 | 1.00000 | 1.00000 | 1.00000 | 1.00000 | 1.00000 | 1.00000 | 1.00000 
38 (1,1,0,2)             | 1.00000 | 1.00000 | 1.00000 | 1.00000 | 1.00000 | 1.00000 | 1.00000 | 1.00000 | 1.00000 | 1.00000 
74 (2,2,0,2)             | 1.00000 | 1.00000 | 1.00000 | 1.00000 | 1.00000 | 1.00000 | 1.00000 | 1.00000 | 1.00000 | 1.00000 
56 (2,0,0,2)             | 1.00000 | 1.00000 | 1.00000 | 1.00000 | 1.00000 | 1.00000 | 1.00000 | 1.00000 | 1.00000 | 1.00000 
68 (2,1,1,2)             | 1.00000 | 1.00000 | 1.00000 | 1.00000 | 1.00000 | 1.00000 | 1.00000 | 1.00000 | 1.00000 | 1.00000 
71 (2,1,2,2)             | 1.00000 | 1.00000 | 1.00000 | 1.00000 | 1.00000 | 1.00000 | 1.00000 | 1.00000 | 1.00000 | 1.00000 
63 (2,1,0,0)             | 1.00000 | 1.00000 | 1.00000 | 1.00000 | 1.00000 | 1.00000 | 1.00000 | 1.00000 | 1.00000 | 1.00000 
64 (2,1,0,1)             | 1.00000 | 1.00000 | 1.00000 | 1.00000 | 1.00000 | 1.00000 | 1.00000 | 1.00000 | 1.00000 | 1.00000 


--- Directed Probability Table P(h,d,b)(u) for Node u = 66 ---
--- Torus Configuration: n=4, k=3 ---

Incoming Neighbor b      | (1,1)   | (1,2)   | (2,2)   | (1,3)   | (2,3)   | (3,3)   | (1,4)   | (2,4)   | (3,4)   | (4,4)   
-------------------------+----------+----------+----------+----------+----------+----------+----------+----------+----------+----------
12 (0,1,1,0)             | 1.00000 | 1.00000 | 1.00000 | 1.00000 | 1.00000 | 1.00000 | 1.00000 | 1.00000 | 1.00000 | 1.00000 
39 (1,1,1,0)             | 1.00000 | 1.00000 | 1.00000 | 1.00000 | 1.00000 | 1.00000 | 1.00000 | 1.00000 | 1.00000 | 1.00000 
75 (2,2,1,0)             | 1.00000 | 1.00000 | 1.00000 | 1.00000 | 1.00000 | 1.00000 | 1.00000 | 1.00000 | 1.00000 | 1.00000 
57 (2,0,1,0)             | 1.00000 | 1.00000 | 1.00000 | 1.00000 | 1.00000 | 1.00000 | 1.00000 | 1.00000 | 1.00000 | 1.00000 
69 (2,1,2,0)             | 1.00000 | 1.00000 | 1.00000 | 1.00000 | 1.00000 | 1.00000 | 1.00000 | 1.00000 | 1.00000 | 1.00000 
63 (2,1,0,0)             | 1.00000 | 1.00000 | 1.00000 | 1.00000 | 1.00000 | 1.00000 | 1.00000 | 1.00000 | 1.00000 | 1.00000 
67 (2,1,1,1)             | 1.00000 | 1.00000 | 1.00000 | 1.00000 | 1.00000 | 1.00000 | 1.00000 | 1.00000 | 1.00000 | 1.00000 
68 (2,1,1,2)             | 1.00000 | 1.00000 | 1.00000 | 1.00000 | 1.00000 | 1.00000 | 1.00000 | 1.00000 | 1.00000 | 1.00000 


--- Directed Probability Table P(h,d,b)(u) for Node u = 67 ---
--- Torus Configuration: n=4, k=3 ---

Incoming Neighbor b      | (1,1)   | (1,2)   | (2,2)   | (1,3)   | (2,3)   | (3,3)   | (1,4)   | (2,4)   | (3,4)   | (4,4)   
-------------------------+----------+----------+----------+----------+----------+----------+----------+----------+----------+----------
13 (0,1,1,1)             | 1.00000 | 1.00000 | 1.00000 | 1.00000 | 1.00000 | 1.00000 | 1.00000 | 1.00000 | 1.00000 | 1.00000 
40 (1,1,1,1)             | 1.00000 | 1.00000 | 1.00000 | 1.00000 | 1.00000 | 1.00000 | 1.00000 | 1.00000 | 1.00000 | 1.00000 
76 (2,2,1,1)             | 1.00000 | 1.00000 | 1.00000 | 1.00000 | 1.00000 | 1.00000 | 1.00000 | 1.00000 | 1.00000 | 1.00000 
58 (2,0,1,1)             | 1.00000 | 1.00000 | 1.00000 | 1.00000 | 1.00000 | 1.00000 | 1.00000 | 1.00000 | 1.00000 | 1.00000 
70 (2,1,2,1)             | 1.00000 | 1.00000 | 1.00000 | 1.00000 | 1.00000 | 1.00000 | 1.00000 | 1.00000 | 1.00000 | 1.00000 
64 (2,1,0,1)             | 1.00000 | 1.00000 | 1.00000 | 1.00000 | 1.00000 | 1.00000 | 1.00000 | 1.00000 | 1.00000 | 1.00000 
68 (2,1,1,2)             | 1.00000 | 1.00000 | 1.00000 | 1.00000 | 1.00000 | 1.00000 | 1.00000 | 1.00000 | 1.00000 | 1.00000 
66 (2,1,1,0)             | 1.00000 | 1.00000 | 1.00000 | 1.00000 | 1.00000 | 1.00000 | 1.00000 | 1.00000 | 1.00000 | 1.00000 


--- Directed Probability Table P(h,d,b)(u) for Node u = 68 ---
--- Torus Configuration: n=4, k=3 ---

Incoming Neighbor b      | (1,1)   | (1,2)   | (2,2)   | (1,3)   | (2,3)   | (3,3)   | (1,4)   | (2,4)   | (3,4)   | (4,4)   
-------------------------+----------+----------+----------+----------+----------+----------+----------+----------+----------+----------
14 (0,1,1,2)             | 1.00000 | 1.00000 | 1.00000 | 1.00000 | 1.00000 | 1.00000 | 1.00000 | 1.00000 | 1.00000 | 1.00000 
41 (1,1,1,2)             | 1.00000 | 1.00000 | 1.00000 | 1.00000 | 1.00000 | 1.00000 | 1.00000 | 1.00000 | 1.00000 | 1.00000 
77 (2,2,1,2)             | 1.00000 | 1.00000 | 1.00000 | 1.00000 | 1.00000 | 1.00000 | 1.00000 | 1.00000 | 1.00000 | 1.00000 
59 (2,0,1,2)             | 1.00000 | 1.00000 | 1.00000 | 1.00000 | 1.00000 | 1.00000 | 1.00000 | 1.00000 | 1.00000 | 1.00000 
71 (2,1,2,2)             | 1.00000 | 1.00000 | 1.00000 | 1.00000 | 1.00000 | 1.00000 | 1.00000 | 1.00000 | 1.00000 | 1.00000 
65 (2,1,0,2)             | 1.00000 | 1.00000 | 1.00000 | 1.00000 | 1.00000 | 1.00000 | 1.00000 | 1.00000 | 1.00000 | 1.00000 
66 (2,1,1,0)             | 1.00000 | 1.00000 | 1.00000 | 1.00000 | 1.00000 | 1.00000 | 1.00000 | 1.00000 | 1.00000 | 1.00000 
67 (2,1,1,1)             | 1.00000 | 1.00000 | 1.00000 | 1.00000 | 1.00000 | 1.00000 | 1.00000 | 1.00000 | 1.00000 | 1.00000 


--- Directed Probability Table P(h,d,b)(u) for Node u = 69 ---
--- Torus Configuration: n=4, k=3 ---

Incoming Neighbor b      | (1,1)   | (1,2)   | (2,2)   | (1,3)   | (2,3)   | (3,3)   | (1,4)   | (2,4)   | (3,4)   | (4,4)   
-------------------------+----------+----------+----------+----------+----------+----------+----------+----------+----------+----------
15 (0,1,2,0)             | 1.00000 | 1.00000 | 1.00000 | 1.00000 | 1.00000 | 1.00000 | 1.00000 | 1.00000 | 1.00000 | 1.00000 
42 (1,1,2,0)             | 1.00000 | 1.00000 | 1.00000 | 1.00000 | 1.00000 | 1.00000 | 1.00000 | 1.00000 | 1.00000 | 1.00000 
78 (2,2,2,0)             | 1.00000 | 1.00000 | 1.00000 | 1.00000 | 1.00000 | 1.00000 | 1.00000 | 1.00000 | 1.00000 | 1.00000 
60 (2,0,2,0)             | 1.00000 | 1.00000 | 1.00000 | 1.00000 | 1.00000 | 1.00000 | 1.00000 | 1.00000 | 1.00000 | 1.00000 
63 (2,1,0,0)             | 1.00000 | 1.00000 | 1.00000 | 1.00000 | 1.00000 | 1.00000 | 1.00000 | 1.00000 | 1.00000 | 1.00000 
66 (2,1,1,0)             | 1.00000 | 1.00000 | 1.00000 | 1.00000 | 1.00000 | 1.00000 | 1.00000 | 1.00000 | 1.00000 | 1.00000 
70 (2,1,2,1)             | 1.00000 | 1.00000 | 1.00000 | 1.00000 | 1.00000 | 1.00000 | 1.00000 | 1.00000 | 1.00000 | 1.00000 
71 (2,1,2,2)             | 1.00000 | 1.00000 | 1.00000 | 1.00000 | 1.00000 | 1.00000 | 1.00000 | 1.00000 | 1.00000 | 1.00000 


--- Directed Probability Table P(h,d,b)(u) for Node u = 70 ---
--- Torus Configuration: n=4, k=3 ---

Incoming Neighbor b      | (1,1)   | (1,2)   | (2,2)   | (1,3)   | (2,3)   | (3,3)   | (1,4)   | (2,4)   | (3,4)   | (4,4)   
-------------------------+----------+----------+----------+----------+----------+----------+----------+----------+----------+----------
16 (0,1,2,1)             | 1.00000 | 1.00000 | 1.00000 | 1.00000 | 1.00000 | 1.00000 | 1.00000 | 1.00000 | 1.00000 | 1.00000 
43 (1,1,2,1)             | 1.00000 | 1.00000 | 1.00000 | 1.00000 | 1.00000 | 1.00000 | 1.00000 | 1.00000 | 1.00000 | 1.00000 
79 (2,2,2,1)             | 1.00000 | 1.00000 | 1.00000 | 1.00000 | 1.00000 | 1.00000 | 1.00000 | 1.00000 | 1.00000 | 1.00000 
61 (2,0,2,1)             | 1.00000 | 1.00000 | 1.00000 | 1.00000 | 1.00000 | 1.00000 | 1.00000 | 1.00000 | 1.00000 | 1.00000 
64 (2,1,0,1)             | 1.00000 | 1.00000 | 1.00000 | 1.00000 | 1.00000 | 1.00000 | 1.00000 | 1.00000 | 1.00000 | 1.00000 
67 (2,1,1,1)             | 1.00000 | 1.00000 | 1.00000 | 1.00000 | 1.00000 | 1.00000 | 1.00000 | 1.00000 | 1.00000 | 1.00000 
71 (2,1,2,2)             | 1.00000 | 1.00000 | 1.00000 | 1.00000 | 1.00000 | 1.00000 | 1.00000 | 1.00000 | 1.00000 | 1.00000 
69 (2,1,2,0)             | 1.00000 | 1.00000 | 1.00000 | 1.00000 | 1.00000 | 1.00000 | 1.00000 | 1.00000 | 1.00000 | 1.00000 


--- Directed Probability Table P(h,d,b)(u) for Node u = 71 ---
--- Torus Configuration: n=4, k=3 ---

Incoming Neighbor b      | (1,1)   | (1,2)   | (2,2)   | (1,3)   | (2,3)   | (3,3)   | (1,4)   | (2,4)   | (3,4)   | (4,4)   
-------------------------+----------+----------+----------+----------+----------+----------+----------+----------+----------+----------
17 (0,1,2,2)             | 1.00000 | 1.00000 | 1.00000 | 1.00000 | 1.00000 | 1.00000 | 1.00000 | 1.00000 | 1.00000 | 1.00000 
44 (1,1,2,2)             | 1.00000 | 1.00000 | 1.00000 | 1.00000 | 1.00000 | 1.00000 | 1.00000 | 1.00000 | 1.00000 | 1.00000 
80 (2,2,2,2)             | 1.00000 | 1.00000 | 1.00000 | 1.00000 | 1.00000 | 1.00000 | 1.00000 | 1.00000 | 1.00000 | 1.00000 
62 (2,0,2,2)             | 1.00000 | 1.00000 | 1.00000 | 1.00000 | 1.00000 | 1.00000 | 1.00000 | 1.00000 | 1.00000 | 1.00000 
65 (2,1,0,2)             | 1.00000 | 1.00000 | 1.00000 | 1.00000 | 1.00000 | 1.00000 | 1.00000 | 1.00000 | 1.00000 | 1.00000 
68 (2,1,1,2)             | 1.00000 | 1.00000 | 1.00000 | 1.00000 | 1.00000 | 1.00000 | 1.00000 | 1.00000 | 1.00000 | 1.00000 
69 (2,1,2,0)             | 1.00000 | 1.00000 | 1.00000 | 1.00000 | 1.00000 | 1.00000 | 1.00000 | 1.00000 | 1.00000 | 1.00000 
70 (2,1,2,1)             | 1.00000 | 1.00000 | 1.00000 | 1.00000 | 1.00000 | 1.00000 | 1.00000 | 1.00000 | 1.00000 | 1.00000 


--- Directed Probability Table P(h,d,b)(u) for Node u = 72 ---
--- Torus Configuration: n=4, k=3 ---

Incoming Neighbor b      | (1,1)   | (1,2)   | (2,2)   | (1,3)   | (2,3)   | (3,3)   | (1,4)   | (2,4)   | (3,4)   | (4,4)   
-------------------------+----------+----------+----------+----------+----------+----------+----------+----------+----------+----------
18 (0,2,0,0)             | 1.00000 | 1.00000 | 1.00000 | 1.00000 | 1.00000 | 1.00000 | 1.00000 | 1.00000 | 1.00000 | 1.00000 
45 (1,2,0,0)             | 1.00000 | 1.00000 | 1.00000 | 1.00000 | 1.00000 | 1.00000 | 1.00000 | 1.00000 | 1.00000 | 1.00000 
54 (2,0,0,0)             | 1.00000 | 1.00000 | 1.00000 | 1.00000 | 1.00000 | 1.00000 | 1.00000 | 1.00000 | 1.00000 | 1.00000 
63 (2,1,0,0)             | 1.00000 | 1.00000 | 1.00000 | 1.00000 | 1.00000 | 1.00000 | 1.00000 | 1.00000 | 1.00000 | 1.00000 
75 (2,2,1,0)             | 1.00000 | 1.00000 | 1.00000 | 1.00000 | 1.00000 | 1.00000 | 1.00000 | 1.00000 | 1.00000 | 1.00000 
78 (2,2,2,0)             | 1.00000 | 1.00000 | 1.00000 | 1.00000 | 1.00000 | 1.00000 | 1.00000 | 1.00000 | 1.00000 | 1.00000 
73 (2,2,0,1)             | 1.00000 | 1.00000 | 1.00000 | 1.00000 | 1.00000 | 1.00000 | 1.00000 | 1.00000 | 1.00000 | 1.00000 
74 (2,2,0,2)             | 1.00000 | 1.00000 | 1.00000 | 1.00000 | 1.00000 | 1.00000 | 1.00000 | 1.00000 | 1.00000 | 1.00000 


--- Directed Probability Table P(h,d,b)(u) for Node u = 73 ---
--- Torus Configuration: n=4, k=3 ---

Incoming Neighbor b      | (1,1)   | (1,2)   | (2,2)   | (1,3)   | (2,3)   | (3,3)   | (1,4)   | (2,4)   | (3,4)   | (4,4)   
-------------------------+----------+----------+----------+----------+----------+----------+----------+----------+----------+----------
19 (0,2,0,1)             | 1.00000 | 1.00000 | 1.00000 | 1.00000 | 1.00000 | 1.00000 | 1.00000 | 1.00000 | 1.00000 | 1.00000 
46 (1,2,0,1)             | 1.00000 | 1.00000 | 1.00000 | 1.00000 | 1.00000 | 1.00000 | 1.00000 | 1.00000 | 1.00000 | 1.00000 
55 (2,0,0,1)             | 1.00000 | 1.00000 | 1.00000 | 1.00000 | 1.00000 | 1.00000 | 1.00000 | 1.00000 | 1.00000 | 1.00000 
64 (2,1,0,1)             | 1.00000 | 1.00000 | 1.00000 | 1.00000 | 1.00000 | 1.00000 | 1.00000 | 1.00000 | 1.00000 | 1.00000 
76 (2,2,1,1)             | 1.00000 | 1.00000 | 1.00000 | 1.00000 | 1.00000 | 1.00000 | 1.00000 | 1.00000 | 1.00000 | 1.00000 
79 (2,2,2,1)             | 1.00000 | 1.00000 | 1.00000 | 1.00000 | 1.00000 | 1.00000 | 1.00000 | 1.00000 | 1.00000 | 1.00000 
74 (2,2,0,2)             | 1.00000 | 1.00000 | 1.00000 | 1.00000 | 1.00000 | 1.00000 | 1.00000 | 1.00000 | 1.00000 | 1.00000 
72 (2,2,0,0)             | 1.00000 | 1.00000 | 1.00000 | 1.00000 | 1.00000 | 1.00000 | 1.00000 | 1.00000 | 1.00000 | 1.00000 


--- Directed Probability Table P(h,d,b)(u) for Node u = 74 ---
--- Torus Configuration: n=4, k=3 ---

Incoming Neighbor b      | (1,1)   | (1,2)   | (2,2)   | (1,3)   | (2,3)   | (3,3)   | (1,4)   | (2,4)   | (3,4)   | (4,4)   
-------------------------+----------+----------+----------+----------+----------+----------+----------+----------+----------+----------
20 (0,2,0,2)             | 1.00000 | 1.00000 | 1.00000 | 1.00000 | 1.00000 | 1.00000 | 1.00000 | 1.00000 | 1.00000 | 1.00000 
47 (1,2,0,2)             | 1.00000 | 1.00000 | 1.00000 | 1.00000 | 1.00000 | 1.00000 | 1.00000 | 1.00000 | 1.00000 | 1.00000 
56 (2,0,0,2)             | 1.00000 | 1.00000 | 1.00000 | 1.00000 | 1.00000 | 1.00000 | 1.00000 | 1.00000 | 1.00000 | 1.00000 
65 (2,1,0,2)             | 1.00000 | 1.00000 | 1.00000 | 1.00000 | 1.00000 | 1.00000 | 1.00000 | 1.00000 | 1.00000 | 1.00000 
77 (2,2,1,2)             | 1.00000 | 1.00000 | 1.00000 | 1.00000 | 1.00000 | 1.00000 | 1.00000 | 1.00000 | 1.00000 | 1.00000 
80 (2,2,2,2)             | 1.00000 | 1.00000 | 1.00000 | 1.00000 | 1.00000 | 1.00000 | 1.00000 | 1.00000 | 1.00000 | 1.00000 
72 (2,2,0,0)             | 1.00000 | 1.00000 | 1.00000 | 1.00000 | 1.00000 | 1.00000 | 1.00000 | 1.00000 | 1.00000 | 1.00000 
73 (2,2,0,1)             | 1.00000 | 1.00000 | 1.00000 | 1.00000 | 1.00000 | 1.00000 | 1.00000 | 1.00000 | 1.00000 | 1.00000 


--- Directed Probability Table P(h,d,b)(u) for Node u = 75 ---
--- Torus Configuration: n=4, k=3 ---

Incoming Neighbor b      | (1,1)   | (1,2)   | (2,2)   | (1,3)   | (2,3)   | (3,3)   | (1,4)   | (2,4)   | (3,4)   | (4,4)   
-------------------------+----------+----------+----------+----------+----------+----------+----------+----------+----------+----------
21 (0,2,1,0)             | 1.00000 | 1.00000 | 1.00000 | 1.00000 | 1.00000 | 1.00000 | 1.00000 | 1.00000 | 1.00000 | 1.00000 
48 (1,2,1,0)             | 1.00000 | 1.00000 | 1.00000 | 1.00000 | 1.00000 | 1.00000 | 1.00000 | 1.00000 | 1.00000 | 1.00000 
57 (2,0,1,0)             | 1.00000 | 1.00000 | 1.00000 | 1.00000 | 1.00000 | 1.00000 | 1.00000 | 1.00000 | 1.00000 | 1.00000 
66 (2,1,1,0)             | 1.00000 | 1.00000 | 1.00000 | 1.00000 | 1.00000 | 1.00000 | 1.00000 | 1.00000 | 1.00000 | 1.00000 
78 (2,2,2,0)             | 1.00000 | 1.00000 | 1.00000 | 1.00000 | 1.00000 | 1.00000 | 1.00000 | 1.00000 | 1.00000 | 1.00000 
72 (2,2,0,0)             | 1.00000 | 1.00000 | 1.00000 | 1.00000 | 1.00000 | 1.00000 | 1.00000 | 1.00000 | 1.00000 | 1.00000 
76 (2,2,1,1)             | 1.00000 | 1.00000 | 1.00000 | 1.00000 | 1.00000 | 1.00000 | 1.00000 | 1.00000 | 1.00000 | 1.00000 
77 (2,2,1,2)             | 1.00000 | 1.00000 | 1.00000 | 1.00000 | 1.00000 | 1.00000 | 1.00000 | 1.00000 | 1.00000 | 1.00000 


--- Directed Probability Table P(h,d,b)(u) for Node u = 76 ---
--- Torus Configuration: n=4, k=3 ---

Incoming Neighbor b      | (1,1)   | (1,2)   | (2,2)   | (1,3)   | (2,3)   | (3,3)   | (1,4)   | (2,4)   | (3,4)   | (4,4)   
-------------------------+----------+----------+----------+----------+----------+----------+----------+----------+----------+----------
22 (0,2,1,1)             | 1.00000 | 1.00000 | 1.00000 | 1.00000 | 1.00000 | 1.00000 | 1.00000 | 1.00000 | 1.00000 | 1.00000 
49 (1,2,1,1)             | 1.00000 | 1.00000 | 1.00000 | 1.00000 | 1.00000 | 1.00000 | 1.00000 | 1.00000 | 1.00000 | 1.00000 
58 (2,0,1,1)             | 1.00000 | 1.00000 | 1.00000 | 1.00000 | 1.00000 | 1.00000 | 1.00000 | 1.00000 | 1.00000 | 1.00000 
67 (2,1,1,1)             | 1.00000 | 1.00000 | 1.00000 | 1.00000 | 1.00000 | 1.00000 | 1.00000 | 1.00000 | 1.00000 | 1.00000 
79 (2,2,2,1)             | 1.00000 | 1.00000 | 1.00000 | 1.00000 | 1.00000 | 1.00000 | 1.00000 | 1.00000 | 1.00000 | 1.00000 
73 (2,2,0,1)             | 1.00000 | 1.00000 | 1.00000 | 1.00000 | 1.00000 | 1.00000 | 1.00000 | 1.00000 | 1.00000 | 1.00000 
77 (2,2,1,2)             | 1.00000 | 1.00000 | 1.00000 | 1.00000 | 1.00000 | 1.00000 | 1.00000 | 1.00000 | 1.00000 | 1.00000 
75 (2,2,1,0)             | 1.00000 | 1.00000 | 1.00000 | 1.00000 | 1.00000 | 1.00000 | 1.00000 | 1.00000 | 1.00000 | 1.00000 


--- Directed Probability Table P(h,d,b)(u) for Node u = 77 ---
--- Torus Configuration: n=4, k=3 ---

Incoming Neighbor b      | (1,1)   | (1,2)   | (2,2)   | (1,3)   | (2,3)   | (3,3)   | (1,4)   | (2,4)   | (3,4)   | (4,4)   
-------------------------+----------+----------+----------+----------+----------+----------+----------+----------+----------+----------
23 (0,2,1,2)             | 1.00000 | 1.00000 | 1.00000 | 1.00000 | 1.00000 | 1.00000 | 1.00000 | 1.00000 | 1.00000 | 1.00000 
50 (1,2,1,2)             | 1.00000 | 1.00000 | 1.00000 | 1.00000 | 1.00000 | 1.00000 | 1.00000 | 1.00000 | 1.00000 | 1.00000 
59 (2,0,1,2)             | 1.00000 | 1.00000 | 1.00000 | 1.00000 | 1.00000 | 1.00000 | 1.00000 | 1.00000 | 1.00000 | 1.00000 
68 (2,1,1,2)             | 1.00000 | 1.00000 | 1.00000 | 1.00000 | 1.00000 | 1.00000 | 1.00000 | 1.00000 | 1.00000 | 1.00000 
80 (2,2,2,2)             | 1.00000 | 1.00000 | 1.00000 | 1.00000 | 1.00000 | 1.00000 | 1.00000 | 1.00000 | 1.00000 | 1.00000 
74 (2,2,0,2)             | 1.00000 | 1.00000 | 1.00000 | 1.00000 | 1.00000 | 1.00000 | 1.00000 | 1.00000 | 1.00000 | 1.00000 
75 (2,2,1,0)             | 1.00000 | 1.00000 | 1.00000 | 1.00000 | 1.00000 | 1.00000 | 1.00000 | 1.00000 | 1.00000 | 1.00000 
76 (2,2,1,1)             | 1.00000 | 1.00000 | 1.00000 | 1.00000 | 1.00000 | 1.00000 | 1.00000 | 1.00000 | 1.00000 | 1.00000 


--- Directed Probability Table P(h,d,b)(u) for Node u = 78 ---
--- Torus Configuration: n=4, k=3 ---

Incoming Neighbor b      | (1,1)   | (1,2)   | (2,2)   | (1,3)   | (2,3)   | (3,3)   | (1,4)   | (2,4)   | (3,4)   | (4,4)   
-------------------------+----------+----------+----------+----------+----------+----------+----------+----------+----------+----------
24 (0,2,2,0)             | 1.00000 | 1.00000 | 1.00000 | 1.00000 | 1.00000 | 1.00000 | 1.00000 | 1.00000 | 1.00000 | 1.00000 
51 (1,2,2,0)             | 1.00000 | 1.00000 | 1.00000 | 1.00000 | 1.00000 | 1.00000 | 1.00000 | 1.00000 | 1.00000 | 1.00000 
60 (2,0,2,0)             | 1.00000 | 1.00000 | 1.00000 | 1.00000 | 1.00000 | 1.00000 | 1.00000 | 1.00000 | 1.00000 | 1.00000 
69 (2,1,2,0)             | 1.00000 | 1.00000 | 1.00000 | 1.00000 | 1.00000 | 1.00000 | 1.00000 | 1.00000 | 1.00000 | 1.00000 
72 (2,2,0,0)             | 1.00000 | 1.00000 | 1.00000 | 1.00000 | 1.00000 | 1.00000 | 1.00000 | 1.00000 | 1.00000 | 1.00000 
75 (2,2,1,0)             | 1.00000 | 1.00000 | 1.00000 | 1.00000 | 1.00000 | 1.00000 | 1.00000 | 1.00000 | 1.00000 | 1.00000 
79 (2,2,2,1)             | 1.00000 | 1.00000 | 1.00000 | 1.00000 | 1.00000 | 1.00000 | 1.00000 | 1.00000 | 1.00000 | 1.00000 
80 (2,2,2,2)             | 1.00000 | 1.00000 | 1.00000 | 1.00000 | 1.00000 | 1.00000 | 1.00000 | 1.00000 | 1.00000 | 1.00000 


--- Directed Probability Table P(h,d,b)(u) for Node u = 79 ---
--- Torus Configuration: n=4, k=3 ---

Incoming Neighbor b      | (1,1)   | (1,2)   | (2,2)   | (1,3)   | (2,3)   | (3,3)   | (1,4)   | (2,4)   | (3,4)   | (4,4)   
-------------------------+----------+----------+----------+----------+----------+----------+----------+----------+----------+----------
25 (0,2,2,1)             | 1.00000 | 1.00000 | 1.00000 | 1.00000 | 1.00000 | 1.00000 | 1.00000 | 1.00000 | 1.00000 | 1.00000 
52 (1,2,2,1)             | 1.00000 | 1.00000 | 1.00000 | 1.00000 | 1.00000 | 1.00000 | 1.00000 | 1.00000 | 1.00000 | 1.00000 
61 (2,0,2,1)             | 1.00000 | 1.00000 | 1.00000 | 1.00000 | 1.00000 | 1.00000 | 1.00000 | 1.00000 | 1.00000 | 1.00000 
70 (2,1,2,1)             | 1.00000 | 1.00000 | 1.00000 | 1.00000 | 1.00000 | 1.00000 | 1.00000 | 1.00000 | 1.00000 | 1.00000 
73 (2,2,0,1)             | 1.00000 | 1.00000 | 1.00000 | 1.00000 | 1.00000 | 1.00000 | 1.00000 | 1.00000 | 1.00000 | 1.00000 
76 (2,2,1,1)             | 1.00000 | 1.00000 | 1.00000 | 1.00000 | 1.00000 | 1.00000 | 1.00000 | 1.00000 | 1.00000 | 1.00000 
80 (2,2,2,2)             | 1.00000 | 1.00000 | 1.00000 | 1.00000 | 1.00000 | 1.00000 | 1.00000 | 1.00000 | 1.00000 | 1.00000 
78 (2,2,2,0)             | 1.00000 | 1.00000 | 1.00000 | 1.00000 | 1.00000 | 1.00000 | 1.00000 | 1.00000 | 1.00000 | 1.00000 


--- Directed Probability Table P(h,d,b)(u) for Node u = 80 ---
--- Torus Configuration: n=4, k=3 ---

Incoming Neighbor b      | (1,1)   | (1,2)   | (2,2)   | (1,3)   | (2,3)   | (3,3)   | (1,4)   | (2,4)   | (3,4)   | (4,4)   
-------------------------+----------+----------+----------+----------+----------+----------+----------+----------+----------+----------
26 (0,2,2,2)             | 1.00000 | 1.00000 | 1.00000 | 1.00000 | 1.00000 | 1.00000 | 1.00000 | 1.00000 | 1.00000 | 1.00000 
53 (1,2,2,2)             | 1.00000 | 1.00000 | 1.00000 | 1.00000 | 1.00000 | 1.00000 | 1.00000 | 1.00000 | 1.00000 | 1.00000 
62 (2,0,2,2)             | 1.00000 | 1.00000 | 1.00000 | 1.00000 | 1.00000 | 1.00000 | 1.00000 | 1.00000 | 1.00000 | 1.00000 
71 (2,1,2,2)             | 1.00000 | 1.00000 | 1.00000 | 1.00000 | 1.00000 | 1.00000 | 1.00000 | 1.00000 | 1.00000 | 1.00000 
74 (2,2,0,2)             | 1.00000 | 1.00000 | 1.00000 | 1.00000 | 1.00000 | 1.00000 | 1.00000 | 1.00000 | 1.00000 | 1.00000 
77 (2,2,1,2)             | 1.00000 | 1.00000 | 1.00000 | 1.00000 | 1.00000 | 1.00000 | 1.00000 | 1.00000 | 1.00000 | 1.00000 
78 (2,2,2,0)             | 1.00000 | 1.00000 | 1.00000 | 1.00000 | 1.00000 | 1.00000 | 1.00000 | 1.00000 | 1.00000 | 1.00000 
79 (2,2,2,1)             | 1.00000 | 1.00000 | 1.00000 | 1.00000 | 1.00000 | 1.00000 | 1.00000 | 1.00000 | 1.00000 | 1.00000 
